# Blender 4.5.3 LTS
# www.blender.org
mtllib tree.mtl
o tree2_tree2_0
v 1.964337 -20.871021 50.511425
v 3.089970 -14.004601 53.150627
v -2.062385 -21.545832 59.534943
v -1.259557 -17.548170 40.472324
v 5.137929 -18.039379 40.149357
v -1.253520 -23.285353 47.463696
v 14.308229 -3.664125 -0.760280
v 5.228503 -4.865042 3.491957
v 9.983133 -0.550755 0.312182
v -14.897489 6.777441 35.725544
v -13.981990 9.471682 31.517595
v -13.200946 6.912562 27.838385
v -10.416771 11.967163 42.278233
v -13.371454 11.915945 32.942448
v -14.150534 9.104074 40.342438
v 7.634978 -7.216964 44.609005
v 8.670587 -11.433397 41.466820
v 10.075863 -1.899202 37.981819
v -6.317363 13.673680 38.516499
v -11.692423 13.315699 32.553291
v -26.850826 -1.755704 12.609188
v -19.595400 -0.422144 16.735300
v -24.417709 -1.846827 5.280173
v -8.289911 -21.097015 88.766220
v -3.455647 -20.675018 92.313721
v -6.122768 -16.489817 97.289131
v -3.862311 -21.088087 45.505451
v -10.140944 -15.287113 51.101803
v -8.421130 -9.141730 -1.811593
v -3.616013 -11.193751 0.950097
v -11.471429 -13.127655 -1.207949
v -19.314619 -2.454336 24.082705
v -15.206613 -16.908667 38.742653
v -11.552702 -18.518057 39.740284
v -17.419216 -18.836355 44.466698
v -29.777403 -14.148007 9.454081
v -16.066605 -15.223167 7.876544
v -16.335310 -12.320256 17.013582
v -4.554870 35.133739 2.524168
v -3.946161 30.695465 -3.072652
v -6.096085 38.450653 -5.368982
v 29.803118 -4.837573 -1.489678
v 27.815636 -0.605848 0.771302
v 30.683458 -1.936372 4.188236
v -4.610007 -12.267556 104.569252
v -8.890739 -8.971361 100.743317
v -8.149963 -14.574043 99.152336
v 2.545458 6.142462 49.534092
v 5.512890 3.748253 50.214096
v 6.250223 7.799297 35.694763
v 11.823525 -17.329584 90.201004
v 9.488003 -17.460966 84.407204
v 10.052996 -13.270239 89.092751
v 10.776276 -4.244496 100.097542
v 10.291099 -5.618136 93.394684
v 8.677889 -2.179041 93.083244
v -0.665372 -25.335997 106.990463
v -1.584574 -24.961784 100.533020
v 3.176763 -23.839264 103.494972
v 4.953842 0.958580 117.212555
v 9.868663 8.568672 120.453766
v 0.923883 4.329126 112.076248
v 24.369585 -40.594311 119.364532
v 17.267653 -24.078711 111.591347
v 15.677975 -27.210592 114.461258
v 11.002439 -9.280724 98.316391
v 15.026454 -13.101123 95.390671
v 9.725433 -9.467411 93.722076
v -10.209908 -1.560403 65.980103
v -12.261058 1.504804 67.872276
v -6.603098 -0.260540 72.960747
v 8.057271 -1.158229 100.125938
v 5.054060 -0.310074 90.622025
v 3.572266 -1.491857 97.292274
v 11.673889 -7.941060 111.934517
v 11.611506 -9.643335 105.486710
v 14.954712 -3.315362 111.818291
v 5.243566 3.470827 101.803207
v 9.759375 8.134082 108.589676
v 6.827137 1.688607 103.964020
v -15.940592 -12.735879 36.496651
v -18.582397 -16.095575 43.367886
v -18.628845 -2.759744 77.204361
v -20.691196 -2.411975 68.198486
v -18.920031 -7.352881 72.847679
v 6.823491 9.072535 110.747040
v 2.731601 5.668225 102.261917
v -1.983169 5.746784 106.453163
v -10.844371 -7.982490 96.758263
v -11.699660 -7.817551 90.102692
v -11.594193 -14.229455 92.635490
v 11.673889 -7.941060 111.934517
v 11.566930 -14.905505 110.573082
v 11.611506 -9.643335 105.486710
v -4.251180 -4.135297 115.727432
v -1.060022 -12.928179 116.091339
v -2.983436 -6.961349 121.319572
v 0.974702 -0.316049 91.639465
v -0.701621 3.491887 85.445122
v -4.941350 2.415597 85.536491
v -21.450144 -3.463242 105.867699
v -15.837170 -2.820076 99.914833
v -24.592077 0.401086 112.613640
v 11.694654 -10.069770 22.114862
v 15.226610 -5.718052 25.719229
v 13.858218 -10.007422 27.429672
v 10.576518 -12.636492 27.672125
v 7.259725 -16.370617 33.405987
v 4.429204 -12.112507 28.100256
v 0.608437 4.593493 131.552994
v 2.947252 4.222341 123.265869
v -1.320472 1.852438 119.630424
v 18.025970 -11.336488 129.370193
v 14.549988 -5.921014 127.017281
v 18.772068 -9.619748 134.316284
v -18.933317 3.080877 103.827110
v -14.159803 -1.655997 92.956825
v -19.212708 2.446673 91.116714
v -29.071583 4.506171 101.869469
v -22.703110 2.896469 90.680901
v -25.032984 -0.433024 89.580750
v 20.787889 -10.510867 144.881317
v 16.193327 -6.789360 134.324722
v 14.821345 -7.438890 139.619553
v 32.329662 -19.687008 161.717468
v 17.442659 -12.649990 146.390991
v 21.678581 -17.513332 150.176605
v -15.237091 30.735826 12.781710
v -9.739678 33.939861 13.026031
v -13.622197 39.859055 3.999211
v -12.060667 32.620762 -6.841127
v -13.431728 26.275709 -1.825991
v -17.214458 36.058762 -3.812585
v 23.201090 -18.107834 143.784821
v 11.425224 -17.660921 132.973145
v 12.017070 -15.979309 125.765312
v 2.592270 -20.620377 112.472893
v 7.788850 -17.749937 116.682777
v 2.281286 -14.785359 119.047630
v -16.433504 10.182110 18.625101
v -18.290106 16.440800 18.521471
v -19.902763 8.357390 13.637269
v -15.965722 35.112953 5.762178
v 34.838013 -1.371678 15.316656
v 43.758858 -1.332197 12.628601
v 36.548145 2.279174 14.224270
v 24.300714 5.268774 2.042182
v 29.301216 8.202709 14.057352
v 30.161587 5.019735 8.417555
v 6.661844 3.483953 40.956669
v 8.382438 4.291992 34.934235
v 47.419655 1.229370 10.659386
v 35.079090 5.041451 11.164282
v -29.455849 -1.121329 102.022484
v -26.189236 -3.091122 89.998611
v -18.841469 -19.518820 82.131248
v -27.035746 -18.545994 84.459343
v -20.113159 -20.965349 77.401176
v -2.852637 22.201918 19.885227
v -3.422061 28.556000 15.575502
v -11.165364 24.391617 17.495934
v 17.252605 27.487373 4.475984
v 11.730760 24.253771 3.864175
v 12.291183 26.730818 9.120317
v 0.396050 -9.229160 136.043991
v 0.044559 -4.561291 140.688431
v 1.235063 -9.280410 130.725891
v 3.444351 -12.988806 131.889069
v 8.514687 -15.123111 126.375633
v -8.440279 18.478603 -0.605258
v -14.300817 9.803042 2.725027
v -14.799296 16.872976 2.006990
v 11.588852 3.691223 -0.023211
v 18.628494 0.389918 -0.883583
v 11.002439 -9.280724 98.316391
v 10.931218 -10.199168 100.435608
v 15.025559 -0.757287 109.413612
v -23.252605 15.729671 13.840620
v -19.184366 7.400221 6.203063
v -23.454901 14.285522 8.917766
v -5.907558 -21.527487 81.541611
v 3.602957 -15.738841 60.153225
v 3.651658 -20.542568 64.415352
v -2.102144 -18.817205 61.934475
v 12.726338 12.516795 116.211205
v 4.272242 7.377737 113.201035
v 11.264498 10.577483 119.831757
v 23.175129 6.248303 122.170670
v 19.865984 3.934284 115.619545
v 21.734095 9.224454 115.715019
v 22.635248 29.650061 6.316537
v 17.445400 26.968060 11.619913
v 13.320438 21.472960 1.705822
v 24.195093 27.322926 4.857539
v 21.213032 22.619564 3.472476
v -3.406968 -18.674511 117.197189
v -10.723722 -21.091640 129.713501
v -4.812440 -23.824356 125.055908
v -7.738513 -23.270470 108.732956
v -8.936501 -20.347427 110.156677
v -3.885309 -19.568027 96.621666
v -10.655463 -20.972548 28.186693
v -9.671767 -19.223370 33.820023
v -13.633266 -16.111233 32.744404
v -5.024093 -4.538791 -1.686485
v 1.913772 -7.102752 4.076597
v 36.157642 33.774712 10.517315
v 23.089014 29.576599 11.564341
v 36.119560 31.036852 14.114706
v 8.080178 5.563729 26.818150
v 10.317146 10.545064 18.729855
v 8.307898 10.197795 28.369318
v -10.158779 -19.079126 123.454605
v -10.723722 -21.091640 129.713501
v -3.406968 -18.674511 117.197189
v -2.367771 -14.709576 112.914421
v -3.338223 -10.151745 109.626770
v -4.481439 -14.428490 105.423660
v 7.145659 -11.450349 17.144974
v 7.954545 -11.960759 24.369152
v -1.747974 -19.150755 15.506517
v -4.920909 -19.614658 30.460701
v -5.883031 -23.767569 18.429352
v -6.603098 -0.260540 72.960747
v 2.739332 1.079556 82.167656
v -0.749934 -3.027022 77.618217
v -4.314721 3.436004 78.944824
v 10.572753 1.274123 122.645142
v 11.188645 -3.203400 121.114967
v 16.421803 2.721355 124.789024
v 13.348996 -1.910046 142.194717
v 10.486902 0.163300 135.179367
v 10.164195 0.965838 143.817352
v -9.123882 -24.965963 -2.456764
v -4.987914 -14.227651 1.383407
v -2.126770 -18.731665 1.981167
v -11.883256 -20.184797 23.876722
v -15.187171 -13.915420 11.085297
v -13.563715 -21.236273 14.083811
v -1.896350 -6.109045 128.198776
v 1.337170 -6.566553 132.349991
v 3.631363 -0.717903 139.749008
v 6.489307 1.718154 132.119141
v 2.160240 3.545075 136.141769
v 8.002841 -11.581838 75.310257
v 3.922309 -7.493408 70.590645
v 6.616715 -6.762334 76.578262
v -0.749934 -3.027022 77.618217
v 2.531354 -4.364075 75.358047
v -0.563350 2.112168 64.283623
v 1.744384 10.400015 -0.120770
v 9.009213 10.031853 -0.697832
v -0.705710 -1.090734 -0.163441
v 8.068520 0.440472 135.851059
v 4.957701 -1.504210 141.305679
v 5.444209 -9.107732 143.984680
v 9.797339 -7.723889 156.367905
v 2.389261 -7.544282 141.905045
v -13.402637 -12.024169 29.613609
v -11.237206 -11.786016 20.441416
v -5.526548 -2.777311 93.851677
v -6.020049 1.281922 99.665207
v -1.274427 2.115963 97.545212
v -4.406332 -5.130509 90.328438
v 12.014006 -8.631783 153.432343
v 8.004852 -10.066490 143.160049
v 11.886600 -8.929472 144.583664
v 16.165277 -3.249851 152.309784
v 13.774454 -6.395549 142.039154
v 13.744806 -3.933073 139.192261
v 5.014238 -21.675003 97.859131
v 0.540007 -23.803596 95.488144
v 7.771935 -22.744076 89.976501
v 23.666056 -35.887310 115.455605
v 17.621353 -21.780731 108.205627
v -16.338009 -1.027925 80.216408
v -11.529659 -3.786712 83.842171
v -11.733562 1.865608 82.492279
v -15.683903 3.351645 75.971916
v -19.119249 0.132158 73.067162
v -16.338009 -1.027925 80.216408
v 14.797166 -26.143528 102.673515
v 12.656314 -27.991112 104.551369
v 12.490478 -20.297300 96.363274
v 12.914723 -27.892662 113.537193
v 7.660015 -21.325932 106.860519
v 11.969140 -30.830580 112.104088
v 5.934028 -3.485905 156.510269
v 12.681561 -3.430032 156.529999
v 12.093525 2.544158 154.393707
v 14.869553 -0.684639 149.066132
v -22.744675 -10.002360 -3.733751
v -21.462244 -5.263697 -2.000753
v -10.922091 -6.565858 -1.965483
v -9.531186 -0.883364 -0.354072
v 0.540007 -23.803596 95.488144
v -1.352936 -24.220533 85.744453
v 1.433157 -24.818840 80.774139
v 1.433157 -24.818840 80.774139
v 18.681532 1.696683 121.540253
v 15.211498 8.820940 125.956139
v 3.549643 23.984259 13.997261
v -4.554870 35.133739 2.524168
v -10.711059 39.926247 5.080134
v -6.285744 35.451996 11.510894
v -22.312616 -8.837250 20.032171
v -31.006870 -11.004720 12.644375
v -49.755226 -8.868523 1.806613
v -45.122997 -8.783991 -0.855543
v -53.337631 -12.884035 -2.264112
v 13.298152 -15.248899 118.249046
v 13.111308 -9.634977 115.913490
v 9.373981 -18.306446 110.896523
v 13.628335 -13.569404 6.864254
v 17.558374 -10.112108 2.587326
v 19.159122 -11.271621 8.121861
v 31.462372 -8.048881 10.311815
v 31.103233 -6.045972 1.132500
v -22.958658 31.602833 6.987676
v -17.641209 32.113953 8.771429
v -19.610254 32.870140 3.543461
v -19.556250 12.621938 3.640082
v -18.749327 27.203230 0.082283
v 31.777885 -1.206297 5.839462
v 36.524967 -4.639131 6.739591
v 32.232712 -4.993932 9.211052
v 35.079090 5.041451 11.164282
v 41.550518 2.871641 7.169455
v 23.008347 13.011973 133.615768
v 23.939903 16.891163 130.819931
v 20.197495 12.503484 129.034149
v 19.511099 13.006561 121.761810
v 17.330957 10.753631 125.783424
v -38.283863 -14.947322 -2.553975
v -39.230587 -10.765294 -2.360015
v -27.739080 -12.267330 -3.611068
v -28.172762 -15.573434 -0.070928
v -19.387312 -15.467238 3.522130
v -27.291267 -16.562225 3.984832
v -6.848835 10.284486 49.398743
v -2.987585 5.903079 59.628822
v -5.772408 4.607370 62.603489
v 5.526732 -20.708853 109.690254
v 2.030637 -24.337885 107.957680
v 5.526732 -20.708853 109.690254
v 2.592270 -20.620377 112.472893
v 24.603939 -5.705865 14.969633
v 20.824654 -5.413071 17.172880
v 21.320827 -8.778397 10.025400
v 24.528723 -13.330181 12.586755
v 31.823868 -18.810272 9.800005
v 26.920052 -7.275342 13.435328
v -44.587234 -16.541204 -4.174827
v -52.150787 -16.294930 -4.450815
v -45.522751 -11.597885 -3.344434
v -47.712231 -17.776272 8.702245
v -39.104527 -17.886557 4.734537
v -42.954136 -13.314612 8.868278
v 32.329662 -19.687008 161.717468
v 30.716770 -14.699636 156.593552
v 17.442659 -12.649990 146.390991
v 24.841364 -12.844212 144.150986
v -18.096529 41.778091 -5.310959
v -18.630484 40.921211 -9.139765
v -16.515121 36.738598 -0.444077
v -9.631387 42.818211 -1.966497
v -11.849520 42.521297 0.114140
v 11.899015 5.964359 108.753624
v 17.477400 12.395602 113.936600
v 18.674974 6.939985 113.470764
v 19.511099 13.006561 121.761810
v 23.658039 19.421761 120.738510
v 17.961966 15.270911 119.342422
v -13.192062 -19.391207 46.118729
v -14.906713 -14.544719 53.794762
v -17.741760 -9.997697 50.208763
v -19.239332 -14.686225 46.859669
v 23.549910 17.468246 137.875916
v 26.056570 16.247103 146.094193
v 26.044231 13.499595 124.741936
v 26.024815 18.258183 129.603073
v 31.078489 16.667280 129.100555
v -0.805773 5.732424 54.538624
v 0.191023 10.980032 36.476566
v 0.883264 15.448337 24.067572
v 1.940109 21.652353 17.382421
v 20.603607 -14.568093 8.899210
v 19.540722 -14.003092 3.004267
v 20.978004 -20.308607 4.261952
v 24.640759 -0.725990 -0.676367
v 23.174139 -6.396992 -2.826131
v -18.333416 -10.918264 54.995022
v -17.533497 -12.292030 61.425377
v -14.604664 -14.191763 63.525417
v -12.470837 -15.327839 55.645882
v -14.048465 -19.886456 63.308075
v 25.497215 -17.161356 -0.769504
v 29.725513 -10.954505 -1.677080
v 28.328878 -23.224590 0.266966
v 34.359871 -13.134991 3.313222
v 31.462372 -8.048881 10.311815
v 33.307426 -15.646624 8.039390
v -8.135674 -16.329679 0.198696
v -12.087324 -17.388645 1.290514
v -17.525839 26.380363 16.048557
v -22.565210 29.736942 14.212814
v -23.776020 19.079277 12.114256
v -19.556250 12.621938 3.640082
v -14.950711 -20.724436 75.232513
v -3.588854 -23.979916 56.699867
v 23.206306 10.044819 9.232961
v 13.819658 8.451230 16.833462
v 21.250549 9.947927 15.252407
v 18.049793 10.626404 10.725311
v -26.245283 -4.433036 17.813776
v -31.737404 -8.084374 13.589159
v -18.397701 -7.875775 35.345680
v -16.225389 -10.565920 29.741648
v 28.219435 -21.384283 154.622223
v 35.825691 -18.181150 161.645721
v 31.036760 -13.316257 151.426117
v -13.023415 -14.226958 83.995979
v -12.845662 -10.877981 88.215782
v -16.959400 -11.699430 86.441147
v -11.754450 -15.759775 77.864105
v 19.886717 -0.757411 22.941208
v 25.070234 -2.181008 18.292421
v 25.257547 1.475845 20.104221
v 11.618944 -2.779486 32.372566
v 12.779821 -11.121716 33.517441
v 15.201728 -2.324420 26.994215
v 24.102571 10.811694 133.560455
v 28.048018 9.715790 131.804230
v 26.056570 16.247103 146.094193
v 28.589891 20.238508 133.699509
v 26.816118 19.790470 143.336121
v 29.907429 17.830231 142.444641
v -0.625001 16.463518 1.820162
v 8.899727 16.060339 -0.961050
v -7.241262 34.593510 -8.070858
v -5.674089 26.419394 -2.681849
v 26.044231 13.499595 124.741936
v 31.078489 16.667280 129.100555
v 30.430124 10.909344 129.667282
v 31.416580 18.239635 138.642899
v 34.545467 24.863848 137.483612
v -2.003499 -26.675169 117.532967
v 1.132945 -26.092358 110.771660
v -9.936408 -25.958998 113.581108
v -14.811785 -26.720425 118.634018
v -11.855062 -23.734951 115.493233
v 14.521416 -14.009904 13.936323
v 13.843636 -14.503924 9.991962
v 16.639982 -11.139581 17.587898
v -28.893936 3.203903 116.015472
v -27.094376 6.406375 120.206818
v -32.351540 7.453616 121.643837
v -26.078777 5.502286 101.209473
v 38.864532 -27.125546 3.549520
v 45.827621 -32.037209 2.465024
v 38.592579 -27.759518 0.209655
v 25.995016 -18.407974 10.300019
v 27.284189 -26.103231 9.838984
v -30.321465 -9.537451 86.918831
v -28.002874 -14.416387 82.159363
v -40.900753 -8.824594 91.551521
v -24.859032 -14.931086 91.012596
v -16.579098 -15.406691 84.450912
v -20.975672 -11.991817 89.161217
v -30.570597 -0.245111 108.804871
v -28.893936 3.203903 116.015472
v -32.064190 4.452988 114.413696
v -16.019014 -6.489838 95.174622
v -21.254574 -6.441619 101.062286
v -18.452993 -9.197058 89.648788
v 33.137543 17.267664 136.417831
v 38.374092 21.080057 137.903229
v 34.301338 20.663908 139.308502
v 30.809565 13.158272 136.304840
v 29.907429 17.830231 142.444641
v 28.499580 15.323002 143.451187
v -13.802843 -34.583561 124.476547
v -10.048434 -25.005144 133.367630
v -10.158939 -28.663036 131.962570
v 40.871582 -36.033878 -1.801732
v 37.593430 -31.004625 -2.055775
v 44.065868 -33.907291 -2.516982
v 31.432135 -28.366943 10.354477
v 37.943275 -32.255291 9.083779
v 35.680531 -22.040136 7.675221
v -4.886526 0.447188 71.284279
v -5.772408 4.607370 62.603489
v -0.749934 -3.027022 77.618217
v 38.038834 -22.171606 162.548203
v 38.129715 -23.690739 158.902649
v 36.912857 -18.463634 157.799240
v 23.507769 -18.626757 147.291748
v 31.602495 21.109776 131.760071
v 33.103840 16.837923 133.687271
v 36.123032 21.421068 135.145767
v -5.879388 -17.442305 34.190300
v -2.349365 -13.629521 27.466496
v -3.660229 -12.618151 37.009022
v -8.991823 -17.072191 41.325432
v 20.340704 -12.677111 -0.700202
v 25.992863 -24.942656 1.886391
v 20.978004 -20.308607 4.261952
v 34.549545 -37.512402 2.710241
v 31.924309 -34.413750 -0.121390
v 39.028961 -38.033184 1.617324
v -23.199265 7.563702 113.112549
v -30.755617 17.750193 135.576370
v -32.355419 17.576126 122.891800
v -33.315231 18.431875 132.724396
v 16.017488 -17.399860 94.600510
v 17.849760 -21.070005 99.790123
v 18.086308 -25.702881 105.588013
v 32.920551 -18.115574 148.948685
v 29.449492 -20.558475 149.903183
v 23.201090 -18.107834 143.784821
v -13.329640 -20.912849 123.508820
v -17.686514 -24.652176 130.198990
v -15.014240 -22.539522 134.445953
v -17.414255 -31.318943 130.771973
v -18.266884 -31.542654 140.776917
v -21.398865 -28.035276 137.663605
v -17.450937 1.364022 40.992718
v -13.757637 2.135238 33.782417
v -18.874687 -4.491281 37.583916
v -14.887834 -1.928362 30.370203
v -13.359806 0.283864 20.376682
v -19.595400 -0.422144 16.735300
v 25.245249 12.236901 120.609428
v 27.620588 16.409590 115.120972
v 26.709230 14.371486 118.129944
v 35.965557 -21.915590 3.615451
v 35.835716 -16.948414 3.466937
v 32.529030 -16.939705 0.202393
v 31.388609 -26.577745 -0.254193
v 16.872196 -32.062088 107.204552
v 22.577309 -41.940723 112.996536
v 14.687383 -34.829872 110.106056
v 9.514782 12.300883 20.495327
v 13.412191 20.072336 17.034098
v 11.834239 17.372547 20.687735
v 0.883264 15.448337 24.067572
v 4.644417 23.695036 19.736917
v 1.940109 21.652353 17.382421
v -4.001290 0.965706 131.067245
v 3.665067 3.948517 131.631638
v -13.090998 48.473568 -9.492577
v -16.358856 45.037659 -12.656151
v -17.296247 46.798973 -8.398762
v 7.634978 -7.216964 44.609005
v 10.075863 -1.899202 37.981819
v 9.218787 -7.785862 51.612083
v 2.917264 2.238676 55.772099
v 2.746426 -1.063024 56.947510
v 5.410468 1.223644 51.394768
v 8.927554 -9.555169 3.992215
v 3.132322 -9.981960 20.952610
v 5.321835 -8.462959 12.763208
v 25.582169 -40.903851 115.274879
v 21.782539 -42.327724 120.159523
v 17.353994 -39.315098 117.232506
v 41.618607 -40.078201 -1.409472
v 43.342163 -43.462383 1.805427
v 39.028961 -38.033184 1.617324
v 43.611248 -32.861679 5.132401
v 39.064686 -28.765978 7.283731
v -6.600302 5.434702 144.395691
v -4.159426 4.185455 134.785202
v -5.841916 2.506465 136.484512
v -4.297770 0.238712 154.157349
v -3.980874 -2.031303 143.499359
v -0.595254 0.145240 145.542023
v 29.861267 -55.003807 144.565323
v 24.728527 -53.126480 129.946930
v 28.989393 -56.426605 141.361725
v 20.572279 -43.804890 114.255814
v 13.700469 -34.789158 111.973175
v 14.687383 -34.829872 110.106056
v -30.256056 16.348078 116.267685
v -35.394642 11.932488 114.790680
v -37.287094 14.843311 121.621574
v -33.817749 6.891563 111.359169
v -27.404076 10.830297 110.465195
v -33.159657 9.973953 111.078506
v -21.592388 14.554963 127.328217
v -23.890430 10.183444 114.244240
v -23.835375 16.501402 123.313690
v 55.037693 34.989937 151.490128
v 51.196327 31.950249 144.692947
v 50.940376 34.096321 144.138748
v 43.586826 28.991457 146.513031
v 40.277634 23.217558 142.124313
v -22.111309 -10.386620 79.898567
v -16.256594 -12.323619 64.665199
v -21.842447 -14.347916 74.915001
v -19.667503 -17.665737 70.909035
v -21.842447 -14.347916 74.915001
v -14.371908 2.790514 54.566696
v -15.793848 0.903655 47.943272
v -17.328466 -2.254022 52.163639
v -18.478815 -11.172059 43.646263
v -25.734694 9.521113 124.614235
v -24.023479 9.441913 118.502487
v -21.750090 12.044423 127.401031
v -28.147373 11.908475 128.112762
v -29.934914 9.669929 123.383865
v -58.097507 -19.310625 1.404605
v -50.600586 -21.949255 3.104857
v -57.586693 -16.690420 2.235425
v -50.042595 -14.474821 8.937016
v -51.315632 -10.106852 5.739905
v -7.411453 -3.376162 103.948120
v -6.916313 1.917069 103.500893
v -7.556214 -2.494382 98.039841
v -1.266302 0.665153 113.319878
v 5.632069 -10.238817 57.797226
v 9.371873 -5.787485 54.392128
v 5.469556 -6.218628 60.769722
v 6.285509 -16.495535 68.826424
v 5.788934 -15.692847 63.603981
v -37.612652 14.289458 133.627457
v -42.712463 16.845520 134.399246
v -42.279678 13.236724 129.089813
v -35.874622 8.973249 119.625595
v -39.506660 13.966476 124.052628
v -7.523220 17.456146 24.658451
v -10.791662 17.870762 25.230986
v -16.559912 25.020775 15.821598
v -17.243565 20.632416 17.524891
v -34.894039 -17.037323 -0.073982
v -45.812927 -20.197992 6.345801
v -44.051113 -21.310522 2.674821
v 15.379409 -5.745963 155.782852
v 15.132585 0.524597 154.768463
v 12.014006 -8.631783 153.432343
v 11.886600 -8.929472 144.583664
v 15.379409 -5.745963 155.782852
v 14.489017 6.760190 0.348545
v 12.671004 12.253512 0.461931
v 25.406385 -49.674168 126.533844
v 30.892748 -54.351170 136.578964
v 30.629410 -53.269562 127.127731
v 30.438326 -50.210674 125.753929
v -20.759970 -7.402067 60.690056
v -14.390479 3.939281 73.436028
v -16.809742 0.241466 63.367893
v -19.590061 0.062991 65.486839
v -22.722864 -26.468159 159.943344
v -17.951822 -24.895357 143.844772
v -22.281551 -27.130579 146.544495
v -12.921363 -27.128931 140.821442
v -14.931245 -30.803099 139.910904
v -11.969962 -30.990847 132.420578
v -27.421890 -7.391560 -1.087326
v -28.541832 -4.869610 2.474581
v -32.372631 -3.644615 10.881187
v 14.156617 3.736119 24.621681
v 15.725430 0.619369 25.894749
v 19.566750 5.797258 23.270018
v 18.528601 8.295302 20.820759
v 27.586020 -48.280300 125.209419
v 29.721565 -52.195969 136.169083
v -44.385292 -9.717271 9.368475
v -40.731979 -5.808177 4.769787
v -0.465791 -11.202774 20.954685
v -0.965355 -12.618745 6.806429
v 27.623610 18.707335 114.543671
v 20.232500 12.389696 113.898521
v 23.407473 20.624441 118.552467
v 19.242832 17.200237 116.781670
v -13.023415 -14.226958 83.995979
v -8.826805 -20.573193 75.994576
v -10.627400 -19.217808 83.667053
v -12.845662 -10.877981 88.215782
v 37.499588 27.354809 142.525253
v 34.301338 20.663908 139.308502
v 43.586826 28.991457 146.513031
v 49.055073 36.203400 151.246552
v 48.080254 35.747784 146.605164
v 41.678303 33.897362 140.584778
v -10.049306 -24.209879 19.423935
v -8.161069 -30.286686 2.968914
v -7.288211 -28.895180 -1.970251
v -4.885394 -27.384510 2.662232
v -16.112637 -6.518229 51.745296
v -18.566385 -8.191518 54.491405
v -20.209791 -3.912213 59.848438
v -16.766466 -2.690219 57.515312
v 19.101881 -18.278070 102.083733
v 15.938790 -15.555496 104.724609
v -2.917871 20.009705 -0.007486
v -2.061510 25.836874 -0.680262
v -9.846228 26.136765 -2.998302
v 28.963383 32.090096 8.717749
v 23.089014 29.576599 11.564341
v -19.894495 -35.072788 151.640045
v -18.266884 -31.542654 140.776917
v -16.504442 -34.148281 152.309601
v -21.219896 -28.448309 142.010483
v -21.394360 -32.379570 146.623199
v 42.127213 2.998350 10.328161
v 39.744377 -4.508043 11.689794
v 32.232712 -4.993932 9.211052
v 36.524967 -4.639131 6.739591
v -11.494656 5.230063 1.730143
v -18.289486 4.051575 12.749699
v -16.768904 6.181233 5.877199
v -18.014330 -0.188595 7.251635
v -23.881351 -28.989286 161.791412
v -23.055996 -30.073656 148.191971
v -23.270054 -32.322823 152.270096
v -19.294638 -29.053217 165.000916
v -16.753353 -26.941168 152.220200
v -20.126703 -26.432436 166.100998
v -42.279678 13.236724 129.089813
v -52.883595 22.867212 134.290451
v -42.328297 20.362333 134.406662
v -20.075867 -30.362877 172.958389
v -21.122108 -31.519121 165.664642
v -19.894495 -35.072788 151.640045
v -8.896234 -35.672554 -3.206505
v -13.550941 -47.218349 -14.674749
v -9.398556 -33.161743 -5.028347
v -13.852791 -25.237476 0.361147
v 12.110559 1.421623 27.798737
v -38.497856 -11.069872 97.902657
v -25.356653 -10.263824 91.164810
v -38.378574 -7.670803 96.360863
v -44.366238 -14.168498 97.664108
v -54.014801 -14.306011 99.483109
v -39.326954 -14.062507 93.204712
v 14.086524 -7.617904 122.100914
v 9.308330 -0.279979 123.058739
v 9.287983 -0.704708 127.394188
v -55.121666 -12.707596 102.064774
v -50.937138 -10.716691 102.724312
v -58.161808 -5.002906 104.604645
v -50.095798 -8.960598 94.678482
v -41.239391 -11.465776 91.487976
v -50.995247 -12.863900 95.560020
v -15.951672 -35.718235 160.036835
v -17.625669 -30.623665 160.638199
v -23.597271 -43.848682 174.393570
v -20.762714 -36.680267 165.934280
v -26.489239 -41.442482 172.306931
v -60.548809 -8.673987 103.286110
v -59.221149 -13.343266 102.760368
v -34.611877 -7.104034 93.422371
v 34.930466 -65.692497 133.499313
v 32.790516 -58.299145 127.354004
v 29.882999 -59.591396 128.418716
v 26.067207 -53.057022 118.327095
v 26.378765 -55.818573 122.466858
v 23.046280 -51.323212 119.620049
v -33.843761 -15.990162 92.564980
v -31.264977 -13.669192 94.827324
v -52.886612 27.597372 141.760498
v -45.595936 16.524714 134.634247
v -51.624260 20.383530 135.405212
v -14.816813 -46.723099 -9.031210
v -12.776079 -35.824512 2.575065
v -18.786291 -45.888218 -7.205491
v -15.134808 -30.580252 -3.505128
v -12.320597 -32.047127 -5.747770
v -18.702091 -43.738243 -14.212635
v 48.854786 -41.393406 -4.198123
v 48.260723 -44.284290 -1.907524
v 41.618607 -40.078201 -1.409472
v 63.822578 -46.599785 -2.163800
v 72.382797 -49.642475 -11.027546
v 64.770569 -43.851322 -5.009213
v 17.277407 24.775953 14.316925
v 30.064243 26.523870 13.274956
v 29.464523 28.663441 13.547754
v 26.143930 24.333277 5.412871
v 32.160679 29.409704 6.368630
v 34.083725 26.980833 7.623573
v 51.280350 -35.308033 -0.274254
v 69.222084 -46.576408 -13.296804
v -36.348637 17.903206 126.207161
v -35.798809 18.312796 130.020020
v -42.328297 20.362333 134.406662
v -44.156555 22.444843 133.392075
v -52.886612 27.597372 141.760498
v 24.273027 15.022986 122.825035
v 28.527044 20.950306 119.374146
v 24.289970 19.546867 114.981705
v 0.741245 -9.947399 122.458084
v -1.109042 -17.154408 115.290382
v 33.048374 -71.917267 130.055450
v 30.726873 -51.302570 114.975304
v 31.462227 -55.858643 118.397446
v -24.004526 -18.129227 77.424965
v -28.002874 -14.416387 82.159363
v -31.039068 23.824625 -5.565025
v -26.492363 26.538061 -3.266610
v -27.829582 23.550238 -1.792631
v -26.006212 25.085392 5.741566
v -23.682024 22.673700 2.328247
v -23.926233 19.007467 8.695964
v 30.136503 -58.989548 120.778961
v 37.642796 -65.346275 128.605331
v 40.117268 -74.818474 133.932434
v 35.716507 -64.028526 124.246460
v -30.837645 27.009279 1.881401
v -27.497684 29.713814 1.301459
v -32.079124 29.679119 -2.757893
v -32.370388 22.757511 -1.541128
v 0.215845 -1.871765 94.404160
v -4.406332 -5.130509 90.328438
v -14.159803 -1.655997 92.956825
v -18.933317 3.080877 103.827110
v -19.953817 -39.012993 -6.252944
v -16.514109 -39.864925 -2.198318
v -17.221296 -35.929222 0.551311
v -25.372898 27.936300 11.249845
v -27.134148 28.642323 6.111312
v -19.953817 -39.012993 -6.252944
v -13.917070 -25.613905 5.033319
v -13.852791 -25.237476 0.361147
v -14.871915 -19.261341 6.220077
v -19.592110 -25.820631 153.772461
v 39.402157 -79.206055 135.503815
v 36.840473 -80.352333 137.470230
v 35.868492 -72.290314 129.066132
v 34.399685 -77.633270 138.102158
v 35.176746 -77.296875 140.258072
v 28.426149 -61.292480 126.650063
v -18.159002 -7.588198 30.460348
v -17.342550 -26.252142 122.940910
v -19.446623 -27.717308 131.364563
v -16.799646 -33.341614 126.090538
v -24.275558 -5.416947 80.481285
v -18.920031 -7.352881 72.847679
v -22.111309 -10.386620 79.898567
v -22.926168 -2.276857 78.866791
v -18.628845 -2.759744 77.204361
v 18.487806 18.120562 7.132784
v 25.704760 22.756542 7.950854
v 24.443737 23.297813 13.012308
v 13.819658 8.451230 16.833462
v 14.997331 11.860361 9.597241
v -9.398556 -33.161743 -5.028347
v -13.550941 -47.218349 -14.674749
v -14.929441 -42.199081 -13.975805
v -17.396341 -48.051739 -16.686998
v -19.208021 -52.050400 -15.453159
v -21.285080 -49.137154 -15.730074
v 63.037006 -48.454521 -10.653620
v 60.172932 -50.111660 -5.592472
v 56.779625 -47.262100 -5.530354
v 48.483929 -44.303131 1.603364
v 54.071877 -46.521252 2.294752
v 50.499096 -41.830238 3.241956
v -6.497890 1.317389 159.017502
v -9.654623 1.697868 156.493118
v -0.595254 0.145240 145.542023
v -3.660096 3.205197 155.965179
v -4.297770 0.238712 154.157349
v -5.459878 -24.529772 106.160255
v -5.548223 -28.684599 115.278152
v -4.571456 -22.988573 79.631226
v -1.720076 -22.695498 94.510048
v -3.455647 -20.675018 92.313721
v -21.504995 -4.551541 23.355368
v -17.591049 -3.757618 32.359360
v 60.627617 -44.749985 -8.801168
v 69.222084 -46.576408 -13.296804
v 62.220509 -42.617031 -5.747021
v -4.583549 5.836097 153.357040
v -1.878417 5.720597 139.255264
v -3.243169 7.974789 171.261505
v -5.092269 3.310769 166.444168
v -3.660096 3.205197 155.965179
v -0.465791 -11.202774 20.954685
v 3.546648 -7.084731 6.880711
v 8.159209 -12.962623 136.289917
v 7.254399 -14.295903 130.559158
v 10.567241 -16.016695 137.064575
v 16.062305 -15.167068 144.325180
v -33.749760 26.141956 -7.432686
v -38.813534 27.690168 -4.660715
v -45.839890 25.501497 -8.034014
v -37.416267 24.955132 -1.481489
v -8.294523 4.824265 172.105499
v -9.524784 7.796573 182.174332
v -11.235021 6.898443 170.286392
v -3.953735 7.230247 163.230194
v -6.227810 7.732211 158.279663
v -23.216446 -8.070792 90.216904
v -25.068300 -8.083454 88.195694
v -25.356653 -10.263824 91.164810
v -29.189419 -8.685356 89.695831
v -34.611877 -7.104034 93.422371
v 36.810452 -76.742813 140.871124
v 36.840473 -80.352333 137.470230
v 40.644936 -78.104355 138.165207
v 40.245052 -73.380341 136.552048
v -2.287471 29.718014 12.348106
v 4.234294 24.596809 7.503839
v -0.425854 28.107550 6.263442
v -0.425854 28.107550 6.263442
v 4.234294 24.596809 7.503839
v -0.036282 23.164492 3.471502
v 53.520931 -1.580258 4.385984
v 59.548855 1.388931 -3.837262
v 67.205780 0.480535 -6.197428
v 40.390041 -0.330475 5.083708
v 31.238686 2.223215 6.318584
v 33.811371 -54.149986 121.492546
v 34.093102 -57.084728 116.626465
v 46.078442 -71.273277 112.938240
v 44.963600 -71.541862 114.958038
v 31.330416 25.318918 10.504385
v 36.106823 27.152889 14.341488
v 37.732601 32.638325 6.278437
v 47.201340 35.499561 1.514459
v 37.980625 29.676027 7.048193
v 22.805746 -20.592010 7.682731
v 36.070114 -35.318489 9.161390
v 30.904535 -33.577801 9.137037
v 33.622684 -36.984245 6.111445
v -60.123154 -20.851410 -6.891470
v -52.404835 -20.685619 -3.710832
v -50.193531 -22.258207 -0.326175
v -39.104527 -17.886557 4.734537
v -44.051113 -21.310522 2.674821
v -40.526741 -18.505520 0.140778
v 9.759375 8.134082 108.589676
v 5.243566 3.470827 101.803207
v -27.035746 -18.545994 84.459343
v -27.035746 -18.545994 84.459343
v -25.044857 -18.475536 87.288284
v -8.917358 2.235215 148.464447
v -9.863776 10.265170 171.171906
v -9.813660 9.094888 161.387833
v -11.484972 7.223884 163.627808
v 38.512291 -62.728886 118.909325
v 47.321930 -72.016281 116.120842
v 40.855228 -60.328831 118.337311
v 36.551975 -61.317841 117.702560
v 11.331310 -16.746683 119.317558
v 12.017070 -15.979309 125.765312
v 17.118271 -15.102019 130.470673
v 52.488861 1.498495 9.384033
v 61.268772 4.424798 3.825018
v 54.780930 5.641936 5.081192
v 51.966423 5.099677 3.936081
v 61.666817 5.389084 -4.438621
v 53.514492 2.685081 0.936253
v -32.802086 -4.909332 12.282478
v 49.068817 30.154297 148.094650
v 52.752342 31.633823 151.891220
v 50.555313 33.602360 153.686020
v 51.817696 39.640774 159.033127
v 51.636009 37.968552 149.611374
v -24.587112 -6.212397 99.323273
v 34.359871 -13.134991 3.313222
v 53.282494 39.405727 6.060257
v 54.638176 39.325191 1.777568
v 49.809486 40.266350 4.135035
v 47.839005 31.337965 3.767802
v 38.015896 26.690096 10.937748
v 53.520931 -1.580258 4.385984
v 67.205780 0.480535 -6.197428
v 62.243237 -0.490817 0.487180
v 66.000397 5.975703 -0.769112
v 66.380669 6.924676 -5.570829
v -9.565378 -35.986340 -0.339185
v -12.611926 -29.988079 4.769603
v 52.658062 36.592274 160.607239
v 58.562031 41.578259 158.146133
v 53.350525 39.093643 154.150543
v 54.626228 41.196388 160.864273
v 66.875839 3.465791 -7.969024
v 69.036316 1.070867 -2.299249
v 69.303291 3.224946 -6.397090
v -14.721992 -31.891125 132.721771
v -10.194773 -35.792061 129.247665
v -12.067156 -40.968536 130.941406
v -10.671340 -36.666492 126.154907
v 19.921249 -18.556417 144.494278
v 45.443508 33.883411 10.979080
v 48.409222 32.195911 9.473179
v 46.146214 29.251465 8.480957
v 50.981182 32.021385 4.611735
v 0.926676 -23.348814 76.990288
v -1.580233 -22.690149 71.558968
v 6.817625 -21.762453 82.395081
v 25.779501 -15.938633 144.174347
v -15.298232 11.410079 26.324974
v -13.852279 16.292973 25.922403
v -17.197475 16.599499 21.712694
v -14.515223 19.465973 23.585260
v 4.080106 -12.466700 136.797134
v 41.875603 29.009352 13.731930
v 58.367188 37.737896 165.795715
v 60.946323 37.014683 161.870361
v 60.041962 38.675014 164.402771
v 51.196327 31.950249 144.692947
v 55.037693 34.989937 151.490128
v 14.413083 -13.512095 123.691399
v -38.101978 20.650267 -7.472850
v -38.036495 21.193047 -3.447938
v -44.675491 23.070036 -10.361027
v -46.079140 -6.289560 94.139557
v -72.222992 -0.250038 112.119759
v -63.532310 -1.763751 105.039093
v 6.767723 -18.542015 44.462585
v 8.745970 -15.167349 40.313148
v 9.469263 -13.627990 43.781593
v 10.121995 -15.488371 34.954437
v 28.094709 -43.673328 119.302605
v 32.953659 -46.057438 116.860779
v 27.879793 -44.025833 115.908035
v 47.441620 -69.012428 115.180504
v -66.345551 -4.357264 109.191940
v -64.447060 -2.423360 103.137596
v -77.646843 1.081020 111.762924
v -63.532310 -1.763751 105.039093
v 42.681618 28.997797 136.533142
v 49.485565 30.878550 138.811340
v 43.402748 25.932634 138.723206
v 47.261089 33.494232 137.968475
v 39.645847 29.930313 136.637634
v 21.076122 -5.900898 -1.522572
v 18.771519 8.882993 5.238705
v -6.096085 38.450653 -5.368982
v -12.589685 45.764118 -13.850599
v -9.781964 47.556606 -9.869377
v -6.509663 40.992535 -9.421284
v -63.356762 36.537025 150.202927
v -56.484566 31.742783 144.566422
v -55.996918 30.359755 140.387421
v -53.035969 24.532185 140.797485
v -58.421127 27.330221 141.732162
v -27.553833 28.422798 -3.044846
v -19.457645 31.392492 0.156097
v -1.960220 12.410880 171.078186
v -6.966069 10.622099 162.926682
v -7.075500 8.023715 180.970093
v -18.802546 12.499851 141.174866
v -24.393425 15.874463 128.383316
v -21.434690 8.023516 138.214066
v -24.480015 10.692145 128.736557
v -19.457645 31.392492 0.156097
v 15.829319 9.340485 3.148718
v 14.997331 11.860361 9.597241
v -56.835983 -7.366467 96.508217
v -65.035912 -12.343552 96.630569
v -62.158001 -7.593953 100.498055
v -62.880833 -5.709560 100.810349
v -78.327087 -0.109732 111.358963
v 53.796684 34.230103 141.289093
v 46.735470 34.836960 140.330902
v 36.742310 -32.668476 159.616501
v 36.059277 -25.253910 160.977905
v 33.547501 -25.119942 158.296768
v 35.509521 -22.896784 153.234833
v 41.259663 -35.780689 159.440948
v 33.503925 -24.643404 154.615784
v -22.722607 8.728412 140.272491
v -25.149281 11.705982 134.493561
v -25.791473 14.260960 132.259583
v -21.732609 12.509467 141.805344
v 5.704473 -2.629603 147.183105
v -83.464699 -17.904448 99.923790
v -63.997299 -12.373732 101.694191
v -64.614311 -10.793246 100.823608
v -19.143211 -43.682896 133.913315
v -18.841631 -46.737434 133.599625
v -26.042141 -58.592159 143.908783
v -24.098240 -52.684093 143.866119
v -12.302120 -36.546829 131.245621
v -14.693485 -36.358295 131.274063
v -24.098240 -52.684093 143.866119
v -14.693485 -36.358295 131.274063
v -24.069639 7.341263 105.502472
v -24.779991 -38.225204 163.998901
v -24.885027 -34.100273 157.549927
v -24.310871 -41.035015 163.764008
v -23.728090 -32.984982 161.080429
v -12.329493 2.650831 28.144533
v -49.359303 24.294453 132.410461
v -43.407795 22.149633 130.856522
v -43.707375 18.835316 128.187057
v -12.261058 1.504804 67.872276
v -17.463974 -39.415966 159.089020
v -20.217218 -39.128201 158.310837
v -22.769751 -46.088661 173.402847
v -18.990904 -38.088470 165.375198
v 4.823033 -20.150141 74.276474
v -21.732609 12.509467 141.805344
v -18.638187 8.669043 140.690506
v -18.888960 12.121543 134.969635
v -50.995247 -12.863900 95.560020
v -72.431488 -18.866402 98.801155
v -62.976238 -14.709641 97.269592
v -63.326370 -14.991946 100.309364
v -25.760553 -50.815796 176.496170
v -26.550480 -48.859028 172.887192
v -27.932411 -44.288219 170.804169
v 29.184069 -7.221719 12.404247
v 32.273796 -4.077420 13.438997
v -3.462711 -2.323293 120.502571
v -5.495233 -0.511743 138.697433
v -57.380135 -14.758689 -0.529300
v -59.080791 -18.719063 -7.467347
v -10.140944 -15.287113 51.101803
v -17.128315 -17.755388 48.490864
v -58.350384 -21.391943 -2.716424
v -62.118271 -13.683040 -5.250808
v -56.346706 -15.543249 -4.666205
v -67.311043 -15.923621 -11.663122
v -56.887253 27.828764 138.439926
v 29.301216 8.202709 14.057352
v 23.206306 10.044819 9.232961
v 24.423250 7.706191 18.007706
v 31.246277 5.798391 17.409491
v 10.931218 -10.199168 100.435608
v 17.162148 -14.204847 98.583260
v 11.988187 -16.795832 107.166679
v -25.459974 -2.423295 83.458168
v -21.849352 0.988263 87.471519
v -23.865492 -0.493121 83.073891
v 39.889488 -37.962132 4.316895
v 46.802792 -42.388813 5.034024
v -31.861273 17.889856 152.170319
v -33.145992 18.864136 138.093353
v -33.067043 7.898948 124.375336
v -32.651436 11.326448 130.188354
v -3.462711 -2.323293 120.502571
v -2.716680 0.414298 116.285683
v -4.251180 -4.135297 115.727432
v -2.764776 2.529758 109.306038
v -36.204548 16.124073 140.809586
v -36.609283 16.968765 149.803268
v -33.083630 12.609162 134.492874
v -30.235968 14.948736 133.805191
v -31.192198 12.651248 147.771912
v -20.767927 -3.615580 42.588905
v -19.475130 -2.840667 47.751984
v 19.540722 -14.003092 3.004267
v 8.927554 -9.555169 3.992215
v 17.558374 -10.112108 2.587326
v 11.568179 14.696465 13.934916
v 17.782310 20.580555 12.889566
v 14.413877 13.312665 7.864429
v 52.658062 36.592274 160.607239
v 55.997288 40.993469 170.121338
v 24.273027 15.022986 122.825035
v 26.008221 19.847614 133.097610
v 51.840328 -1.786869 8.966976
v 59.895691 0.834834 5.467971
v 9.344939 15.794950 24.382271
v 11.517510 21.242752 21.796509
v 6.772028 17.892639 24.880150
v 1.007075 8.071905 41.300720
v 4.099812 8.882997 37.160210
v 0.191023 10.980032 36.476566
v -13.164112 -46.964119 -12.029043
v 10.312419 -20.721319 92.208168
v 9.756455 -20.659014 86.722168
v -38.174255 -11.107603 11.024843
v -35.605755 13.394340 141.216003
v -35.111057 10.645357 148.629120
v -38.776443 13.361030 151.016403
v 24.102571 10.811694 133.560455
v 17.135435 7.687408 127.447983
v 23.818520 7.855119 129.977081
v -34.032131 14.028088 157.740173
v -38.014469 13.523303 154.969315
v -32.979008 12.443665 141.370880
v -29.368914 15.522441 147.366165
v -32.347752 13.563133 156.294479
v 61.945141 -49.391220 -2.528164
v 71.117844 -52.117378 -10.018570
v 57.875240 -48.160110 -1.587023
v 56.779625 -47.262100 -5.530354
v 60.172932 -50.111660 -5.592472
v 9.858638 25.480042 19.376123
v 12.447662 25.305412 13.835318
v 7.628233 26.110083 13.311792
v 7.915513 23.846376 21.812420
v 17.280045 -5.343479 20.338102
v 9.654263 -11.776950 19.002590
v 68.851631 -53.326637 -11.963503
v 70.593071 -50.744957 -14.538254
v -4.831232 -24.422760 7.720922
v -7.590528 -24.722414 9.739022
v -10.312066 -26.909838 7.430654
v 13.861642 23.745981 16.222548
v -9.099535 -22.955746 54.617241
v -5.826309 -24.581688 55.252525
v -8.836647 -22.274399 64.805824
v -12.198999 -21.835573 64.044357
v 29.567188 -54.909840 127.875870
v 26.567530 -53.942253 125.651405
v -3.728542 -2.772871 111.457367
v 43.266983 25.163153 141.913681
v 46.382690 27.022800 141.223694
v -9.832455 -6.471595 88.813828
v 26.982086 -47.397202 115.077087
v 31.789764 -48.386597 114.583168
v 37.047100 -29.245783 160.908020
v 41.490162 -30.940123 158.011368
v 47.296440 -42.701187 164.623047
v -37.009445 17.262976 132.800491
v -36.423370 15.188251 135.365356
v -1.728760 -26.997274 109.036324
v 8.218772 -0.990065 52.408733
v 10.296411 0.301750 40.514915
v -28.498142 13.700686 129.820648
v -29.075058 15.969050 124.095345
v -28.498142 13.700686 129.820648
v 55.089771 35.234833 6.786224
v 55.188366 33.759930 4.147553
v 55.361809 36.172050 0.788621
v -18.920031 -7.352881 72.847679
v -18.706097 -7.875576 68.076004
v -16.256594 -12.323619 64.665199
v 9.725433 -9.467411 93.722076
v 5.565555 -3.277243 84.990555
v 9.626990 -26.405413 106.313942
v -9.786629 -23.817242 13.010592
v -4.546051 -22.493525 13.479505
v -23.772173 -28.466873 170.627121
v -23.093338 -30.945698 164.211884
v -22.722864 -26.468159 159.943344
v 1.006842 2.153938 141.842194
v -3.044169 4.792763 152.455872
v 28.527044 20.950306 119.374146
v 24.273027 15.022986 122.825035
v 26.843594 15.875638 120.343628
v -12.346908 6.174978 56.305222
v -12.404276 -0.758458 61.925285
v -8.168914 9.266442 54.042221
v 4.446210 -0.788304 1.153520
v 10.500297 2.555793 105.969513
v -5.787045 13.388265 196.278564
v -5.685942 9.695063 181.518478
v -6.890239 10.765120 176.398621
v -10.371330 10.391656 178.953247
v -15.378020 4.849306 48.158833
v -17.116171 3.678479 40.616600
v 9.949029 -19.223345 108.391113
v 40.477348 -27.610945 158.657166
v 48.615803 -41.176346 165.357330
v 43.324600 -34.992188 165.578598
v 37.047100 -29.245783 160.908020
v 39.476704 -35.442123 164.431274
v 2.959192 -13.954989 55.037941
v -4.797932 9.875409 174.178757
v -39.326954 -14.062507 93.204712
v 44.281944 36.154915 7.318594
v 44.104439 36.191799 4.402372
v 15.413376 12.669705 121.483818
v 39.476704 -35.442123 164.431274
v 44.511162 -43.393375 165.624100
v 44.781868 -41.131039 167.581360
v 33.503925 -24.643404 154.615784
v 41.259663 -35.780689 159.440948
v 2.978227 -7.749975 67.255775
v 2.786807 -3.607947 64.121841
v 3.196099 -3.730876 70.813911
v -22.780050 -2.713882 1.430372
v -12.258000 0.849910 1.349825
v -16.499496 0.218854 4.127564
v -15.553241 41.256367 -0.041372
v -12.699606 47.296535 -4.527104
v -17.296247 46.798973 -8.398762
v -3.811170 -15.260913 100.774345
v -4.988895 -16.838608 112.903152
v -26.678516 15.751450 118.558327
v 7.787658 -12.312694 83.494713
v 7.189116 -15.511149 78.905411
v 8.418911 -10.094425 78.670876
v 2.746023 -6.006312 81.434616
v 43.304802 -39.226917 6.727489
v 49.515686 -40.032310 5.160248
v 45.796890 -34.628372 6.260380
v 53.756023 -38.207882 1.213465
v -27.229160 -45.906696 176.118027
v -26.489239 -41.442482 172.306931
v -28.183455 -47.093769 175.005234
v 33.862728 -56.955986 124.989639
v 33.945869 -57.592049 122.238106
v 10.604418 1.759267 149.566803
v 8.821761 1.082939 153.792221
v 10.645009 2.089477 146.534348
v -70.951828 -16.631186 -7.423196
v 69.575485 4.192159 -2.409379
v 38.155830 34.452972 7.878516
v 30.864660 32.101868 6.461898
v 5.953947 -9.086979 84.742790
v -3.660229 -12.618151 37.009022
v 34.930466 -65.692497 133.499313
v 29.882999 -59.591396 128.418716
v 39.254227 -75.437767 139.589203
v -62.851536 -14.587513 -2.834915
v -66.665154 -17.974709 -3.393296
v -10.343030 -17.272896 89.199684
v 31.672836 -14.229283 149.352509
v 36.417995 -20.089279 154.356049
v 27.590466 -29.281229 1.228848
v 24.872078 -26.303930 5.210639
v 36.124229 23.692818 135.425827
v -66.855507 -22.954693 -8.967958
v -65.867813 -21.210388 -4.484647
v -73.238701 -20.424156 -9.817543
v -9.014985 5.856947 157.380264
v -14.871915 -19.261341 6.220077
v -27.291267 -16.562225 3.984832
v -19.387312 -15.467238 3.522130
v -62.158001 -7.593953 100.498055
v -80.053902 -1.484637 113.216934
v 31.590641 17.533302 115.656479
v 27.967056 21.329626 116.234596
v -66.855507 -22.954693 -8.967958
v -72.474861 -21.460863 -11.721535
v -69.046692 -20.255173 -14.237694
v 28.880785 -34.290195 4.479498
v 26.717495 -29.514072 7.632008
v 28.880785 -34.290195 4.479498
v 47.770252 3.141727 7.559496
v 51.966423 5.099677 3.936081
v -6.394536 -17.165596 109.000183
v -10.771461 -19.955435 116.603035
v -31.925669 -52.624195 181.918762
v -29.008657 -54.738297 182.064911
v -27.698751 -49.981834 179.667175
v -35.211002 -59.348465 188.138504
v -30.614035 -52.660046 177.228577
v -36.476147 -61.181698 189.187531
v 38.345497 28.037476 115.950104
v 42.914219 27.746731 111.891670
v 33.148056 24.251143 115.844879
v 31.852434 17.593889 119.132927
v 34.210369 19.217403 117.106400
v 33.596020 21.482319 119.313622
v -67.311043 -15.923621 -11.663122
v -56.346706 -15.543249 -4.666205
v -17.328466 -2.254022 52.163639
v -19.475130 -2.840667 47.751984
v -19.866650 -9.235403 43.231686
v -20.767927 -3.615580 42.588905
v 33.628048 -47.856506 119.750671
v 27.575226 -45.233685 122.598160
v -1.109042 -17.154408 115.290382
v 39.973557 32.252834 142.578476
v 46.259819 -37.913380 165.772812
v 47.296440 -42.701187 164.623047
v 53.157730 -56.397308 175.430069
v 48.153099 -49.110096 170.332809
v 34.482929 -23.941185 0.410068
v 35.835716 -16.948414 3.466937
v 35.965557 -21.915590 3.615451
v 3.549643 23.984259 13.997261
v 39.362576 22.308130 119.152512
v 35.640640 25.061440 118.725571
v -28.651814 8.954013 106.914757
v -32.642685 6.068560 107.461014
v 12.093525 2.544158 154.393707
v -16.768904 6.181233 5.877199
v -19.184366 7.400221 6.203063
v 24.369585 -40.594311 119.364532
v 15.677975 -27.210592 114.461258
v 41.218697 -36.004368 6.165808
v 36.655315 -24.326580 163.877823
v 34.610470 -22.782089 165.455826
v 38.604164 -22.251701 168.468323
v -5.915582 -29.855103 126.292587
v -58.888874 29.413326 146.314789
v -61.778770 33.926991 152.060028
v -61.778770 33.926991 152.060028
v -14.728485 -23.238291 69.324066
v -5.820999 -30.844158 122.841675
v -0.071639 -10.813240 12.499609
v -0.071639 -10.813240 12.499609
v -12.573919 -22.791618 10.898811
v 43.884720 28.206493 115.456665
v 45.533241 26.370298 115.829422
v 51.045311 29.228868 112.037224
v 35.640640 25.061440 118.725571
v 41.707710 25.669765 119.923645
v 26.031849 10.430898 125.834969
v -15.613533 -31.578863 146.806458
v -15.661383 -29.702488 150.173737
v -45.723495 -20.862709 -1.622671
v -37.092754 11.192378 127.826508
v -36.204548 16.124073 140.809586
v -7.965328 -22.301996 26.002262
v -36.414619 15.357724 155.530304
v -30.774029 16.635717 158.539993
v -32.366470 18.714016 159.786163
v -33.358162 20.989590 171.593933
v 11.717751 6.122981 21.128517
v 12.110559 1.421623 27.798737
v -35.152225 -57.822372 188.350296
v -34.023438 -60.257381 192.204529
v -30.742308 -58.174355 182.056183
v -13.795814 38.704300 -12.610533
v -18.630484 40.921211 -9.139765
v 42.365021 23.400549 117.527298
v 41.770550 24.162678 113.629097
v 50.380100 26.724255 109.693916
v 34.645882 21.696344 114.488213
v 25.380800 4.759402 19.742018
v 31.075958 2.032810 18.683426
v -32.944111 -62.828827 190.270233
v -36.486652 -62.042770 193.661835
v -13.211271 4.236376 21.786289
v -17.395180 6.938992 14.873785
v -16.947424 1.562492 15.879858
v 5.561095 12.655989 29.955257
v -45.075184 27.775223 -9.199766
v -41.611656 28.118759 -13.266733
v -45.839890 25.501497 -8.034014
v 3.060785 14.591871 29.088301
v -41.096695 25.891329 -13.200151
v -37.496716 22.143066 -9.506466
v -45.298069 24.836702 -14.199707
v -45.298069 24.836702 -14.199707
v -15.014240 -22.539522 134.445953
v -14.943151 -25.430742 143.143265
v 1.772157 -3.035117 142.034454
v -0.461486 -1.992667 143.295456
v -0.461486 -1.992667 143.295456
v 1.772157 -3.035117 142.034454
v 54.909397 -38.162788 -3.147840
v 59.218822 -42.015003 -7.261530
v 57.122486 -43.102158 2.594407
v 58.312622 -40.439777 -0.963666
v 50.555313 33.602360 153.686020
v 40.239990 30.904873 143.999222
v -36.523083 21.758366 173.139374
v -35.075611 17.262768 157.765030
v -33.358162 20.989590 171.593933
v -30.774029 16.635717 158.539993
v -12.806439 41.434570 -13.931057
v -35.667282 15.842016 158.401398
v -36.248146 18.014359 167.140442
v -32.944111 -62.828827 190.270233
v -30.742308 -58.174355 182.056183
v -16.563023 -11.230890 -2.554676
v 32.997425 -12.145626 0.060038
v -20.081469 0.164398 81.098854
v -4.530842 13.626641 34.245708
v -72.222992 -0.250038 112.119759
v -77.058578 -1.532743 114.173637
v -32.794460 24.179972 0.104562
v 27.623610 18.707335 114.543671
v 31.307322 22.836359 114.624763
v 24.289970 19.546867 114.981705
v 2.746023 -6.006312 81.434616
v 6.211936 -9.054272 89.404938
v -75.853874 -18.021536 100.313972
v -85.197624 -17.691456 98.123245
v -14.255273 -16.781704 3.721265
v -17.621544 -14.215769 0.469316
v -83.631897 -20.645300 100.252205
v -83.906639 -21.428579 97.359215
v -78.561371 -15.385387 96.950203
v -64.101753 -10.164782 99.156700
v 4.107682 -3.925615 144.601501
v -18.874687 -4.491281 37.583916
v -74.210930 -16.428493 95.443367
v -62.976238 -14.709641 97.269592
v -72.441628 -18.449652 96.428360
v -85.197624 -17.691456 98.123245
v -80.571884 -19.308168 95.533455
v -83.906639 -21.428579 97.359215
v 11.188645 -3.203400 121.114967
v 1.731083 2.901856 83.734383
v -13.622914 8.900262 19.875824
v -72.336578 -18.200039 -11.966810
v -15.683903 3.351645 75.971916
v -9.672407 4.397835 80.261475
v -6.155982 4.636109 77.772324
v -14.390479 3.939281 73.436028
v 18.487806 18.120562 7.132784
v 25.704760 22.756542 7.950854
v 14.413877 13.312665 7.864429
v 14.169860 13.238501 3.410372
v -15.723243 -36.971142 128.564621
v 12.922297 -9.367517 140.890076
v -64.666748 39.451721 154.017273
v -64.100830 34.322411 151.949280
v -63.592381 34.727962 148.764618
v 54.510555 36.764553 151.373398
v 66.201218 42.018379 170.393326
v 62.493320 39.923706 165.560013
v 66.391365 39.377987 169.229828
v -28.541832 -4.869610 2.474581
v -31.784199 -8.360156 -2.628935
v -37.770554 -6.843925 1.968034
v -8.454188 1.902225 163.919907
v -11.484972 7.223884 163.627808
v -9.014985 5.856947 157.380264
v 8.160621 -15.400853 83.780884
v 7.372904 -20.452652 78.678703
v 4.498116 -23.250168 78.566093
v 34.814407 -20.040291 8.787315
v 33.945869 -57.592049 122.238106
v 35.716507 -64.028526 124.246460
v 61.448891 38.212528 159.096802
v 70.974678 40.865540 170.102570
v 64.601387 38.185238 165.097748
v 61.448891 38.212528 159.096802
v 60.684448 40.906746 160.367981
v 70.413025 42.573448 168.365555
v -33.749760 26.141956 -7.432686
v -38.267601 27.806726 -8.447245
v -38.647453 15.262068 149.700256
v -41.318916 15.593455 158.474915
v -43.562279 14.955782 156.843781
v -36.414619 15.357724 155.530304
v 8.267407 -14.505207 47.961811
v -41.658913 17.391935 157.455154
v -41.318916 15.593455 158.474915
v -45.283352 19.157785 159.037491
v -47.599243 17.650045 160.501831
v -50.119881 20.209007 163.307388
v 26.945723 -10.821202 -3.023334
v 23.614019 -12.489134 -2.276414
v 70.271225 44.582821 172.867355
v 70.126122 44.421867 169.392319
v 70.786400 41.801727 172.979218
v 66.201218 42.018379 170.393326
v 66.391365 39.377987 169.229828
v 5.769839 -10.957973 49.770409
v 5.769839 -10.957973 49.770409
v 58.502758 40.459435 164.154785
v 46.248341 -3.619865 6.259937
v 53.296371 0.152485 2.001997
v 54.274868 -45.738464 -5.981137
v 52.463543 -39.909939 -4.857518
v -35.499340 -17.111830 4.501571
v -41.096695 25.891329 -13.200151
v 15.320404 18.101282 2.479508
v 29.449492 -20.558475 149.903183
v 8.000332 22.010279 1.939631
v 8.797914 26.119677 7.721370
v 4.234294 24.596809 7.503839
v 7.386914 -11.666293 10.462140
v -6.635664 6.525650 174.771439
v -4.797932 9.875409 174.178757
v 72.382797 -49.642475 -11.027546
v 70.593071 -50.744957 -14.538254
v 67.617371 -49.312767 -14.390486
v -47.489006 19.635855 165.732559
v -53.998928 24.845814 178.857880
v -47.663399 17.620001 163.796097
v -47.489006 19.635855 165.732559
v -53.670525 22.593031 178.991318
v 46.748421 30.873209 119.070961
v 56.337429 32.314800 120.741318
v 48.184368 28.466326 118.466667
v 34.068783 -56.523205 119.963234
v -54.157425 24.305376 174.228607
v -54.303905 21.023441 176.331665
v -54.103718 19.921438 171.617599
v -0.601182 -19.210932 7.776229
v -2.126770 -18.731665 1.981167
v -0.965355 -12.618745 6.806429
v -54.303905 21.023441 176.331665
v -56.843018 25.880056 180.909744
v -54.444969 22.017279 171.413452
v -53.998928 24.845814 178.857880
v -11.782743 -22.471233 71.209770
v -9.196660 -19.953760 72.034721
v -6.097047 -20.505005 67.150429
v 10.408842 0.872430 30.036606
v -5.802335 12.576430 0.123569
v 6.649817 -22.242867 102.506088
v 8.743712 -21.775816 99.277634
v 6.649817 -22.242867 102.506088
v -3.158251 -22.223734 3.341355
v -7.288211 -28.895180 -1.970251
v 19.242832 17.200237 116.781670
v 13.448916 12.153238 113.721764
v -14.604664 -14.191763 63.525417
v -12.470837 -15.327839 55.645882
v -46.184616 -9.165678 101.697456
v -43.926960 -6.463615 100.269318
v 45.533241 26.370298 115.829422
v 48.759304 27.637222 120.006096
v -3.038357 17.523483 25.156910
v 45.827621 -32.037209 2.465024
v -10.371330 10.391656 178.953247
v -10.192841 9.248878 186.805069
v -8.695572 13.147318 194.886353
v -8.421605 8.851093 189.704575
v -7.160467 9.508149 194.001801
v -23.216446 -8.070792 90.216904
v -25.068300 -8.083454 88.195694
v -20.975672 -11.991817 89.161217
v 66.380669 6.924676 -5.570829
v 69.190720 5.586805 -5.319584
v 69.190720 5.586805 -5.319584
v -22.866388 -26.109043 171.610748
v -20.126850 -26.813950 173.506897
v -36.423370 15.188251 135.365356
v -11.699660 -7.817551 90.102692
v -16.019014 -6.489838 95.174622
v -11.699660 -7.817551 90.102692
v -9.832455 -6.471595 88.813828
v -8.182061 12.304070 182.247589
v -8.661109 12.477547 197.997391
v -7.125444 42.985516 -7.533438
v -9.781964 47.556606 -9.869377
v -13.090998 48.473568 -9.492577
v 38.015896 26.690096 10.937748
v -22.755362 -29.876785 173.056335
v 37.121944 -55.730076 118.846474
v 37.619633 -55.777828 116.883133
v -5.746607 10.920866 196.010727
v -8.661109 12.477547 197.997391
v 31.330416 25.318918 10.504385
v 36.468517 -56.047863 115.971481
v 49.298382 -71.263298 113.379044
v 36.100567 27.730057 137.987137
v 52.697327 -78.175705 112.991020
v 49.298382 -71.263298 113.379044
v 59.973515 -86.950081 114.720390
v -20.735706 -33.448627 163.973679
v -11.529659 -3.786712 83.842171
v -18.450954 0.932397 89.051979
v -12.834596 -3.777149 91.050507
v -6.097047 -20.505005 67.150429
v -32.351540 7.453616 121.643837
v -37.092754 11.192378 127.826508
v 22.577309 -41.940723 112.996536
v 26.982086 -47.397202 115.077087
v -80.053902 -1.484637 113.216934
v -78.003998 1.236181 113.938919
v 50.380100 26.724255 109.693916
v 41.770550 24.162678 113.629097
v 51.045311 29.228868 112.037224
v -5.754736 11.257917 171.604279
v 20.167246 -44.072098 118.109833
v -14.980164 -44.045597 135.626724
v 11.717751 6.122981 21.128517
v -22.004223 -42.732937 164.987350
v -20.478363 -42.098587 166.969971
v -1.369085 9.590376 169.864777
v 6.206422 14.847928 180.522598
v 7.254895 13.282212 182.324249
v 70.974678 40.865540 170.102570
v 72.123329 43.569420 172.362747
v 38.850067 -28.114460 160.581680
v 36.059277 -25.253910 160.977905
v -23.058767 -37.867359 158.459488
v -20.217218 -39.128201 158.310837
v -22.004223 -42.732937 164.987350
v -2.262927 10.168524 174.602615
v 3.808557 13.157864 183.151154
v 3.808557 13.157864 183.151154
v 4.471642 15.260644 181.711472
v -2.025167 12.296572 174.543274
v -8.917358 2.235215 148.464447
v -5.841916 2.506465 136.484512
v -23.131941 -36.280106 165.143921
v -7.968987 -31.068590 119.713577
v -5.820999 -30.844158 122.841675
v -10.671340 -36.666492 126.154907
v 52.636978 -47.520634 -3.654016
v 48.260723 -44.284290 -1.907524
v 52.636978 -47.520634 -3.654016
v 51.865021 -47.426605 -0.149478
v -26.790642 -63.411194 153.089478
v -22.117094 -56.316040 141.643585
v -20.921387 -53.579865 142.444962
v -15.316375 -43.979691 131.542801
v -15.420197 -46.699284 135.190903
v 5.850124 -8.897194 8.490073
v -23.216446 -8.070792 90.216904
v -19.887693 -24.520864 137.298126
v -49.805000 -4.576420 97.260437
v -59.425125 -3.600431 100.115082
v 31.416580 18.239635 138.642899
v -10.889811 35.584049 -9.839611
v 20.775902 2.796317 23.516132
v 33.006172 20.575373 162.331070
v 31.935118 17.976509 149.539825
v 31.843397 20.953993 152.750320
v -72.336578 -18.200039 -11.966810
v -19.751629 9.363185 143.650543
v 30.670027 17.688276 154.472610
v 30.170753 15.894773 147.878159
v 26.694714 18.817741 150.843506
v -24.269358 30.698889 1.616865
v 36.468517 -56.047863 115.971481
v -78.003998 1.236181 113.938919
v -20.696562 18.329792 3.138801
v -21.557560 23.907013 0.989368
v -20.696562 18.329792 3.138801
v -38.647453 15.262068 149.700256
v 3.371696 10.945734 178.680771
v -1.369085 9.590376 169.864777
v -3.243169 7.974789 171.261505
v -19.812981 -11.109011 19.427044
v 53.897995 -57.968052 181.304291
v 48.346809 -47.776787 171.208542
v 49.689201 -46.178143 170.801315
v 55.175987 -54.832493 178.453568
v 50.641270 -46.633453 168.598358
v -26.550480 -48.859028 172.887192
v 0.215845 -1.871765 94.404160
v -29.368914 15.522441 147.366165
v 34.645882 21.696344 114.488213
v 55.351967 -55.633926 176.518402
v 53.157730 -56.397308 175.430069
v 55.351967 -55.633926 176.518402
v 55.786194 -58.668304 181.075134
v 53.897995 -57.968052 181.304291
v -17.951822 -24.895357 143.844772
v -22.551512 -45.956539 169.876190
v 40.117268 -74.818474 133.932434
v -47.652901 -12.853107 101.103188
v 2.674585 20.352198 3.018537
v -58.350384 -21.391943 -2.716424
v -0.017766 -11.246505 29.875769
v -33.067043 7.898948 124.375336
v 22.843252 5.589450 125.433289
v 11.188645 -3.203400 121.114967
v 16.421803 2.721355 124.789024
v -30.197142 -60.705833 152.411301
v -25.787086 -59.850674 151.931198
v 47.176231 1.876947 4.636633
v 46.737801 -1.228554 4.703951
v 46.248341 -3.619865 6.259937
v 50.725060 -3.382809 7.171296
v -20.560108 -26.289209 143.863724
v 69.303291 3.224946 -6.397090
v -30.423679 -65.016685 154.121674
v -30.423679 -65.016685 154.121674
v -31.107084 -64.021141 157.608551
v -27.393330 -64.323257 156.781555
v 28.432430 -56.374771 135.252426
v 29.567188 -54.909840 127.875870
v 31.573111 -57.875637 141.678665
v -31.925669 -52.624195 181.918762
v 13.474170 -4.286705 115.663017
v -23.682024 22.673700 2.328247
v -32.370388 22.757511 -1.541128
v -38.036495 21.193047 -3.447938
v 9.115853 -5.100383 156.222549
v 4.611137 -5.576087 149.723190
v -5.685942 9.695063 181.518478
v 31.843397 20.953993 152.750320
v 33.308029 24.136299 160.733841
v 29.348398 21.123915 153.204254
v 32.842087 24.879286 168.571381
v 58.867119 -87.406410 116.495262
v 57.957100 -88.147606 114.778824
v -27.747435 -58.451992 150.581970
v -7.124398 5.452802 151.371399
v 26.694714 18.817741 150.843506
v -37.009445 17.262976 132.800491
v 32.971943 23.187635 168.212418
v 29.081619 20.013836 154.561310
v 35.452385 24.102972 168.122803
v -26.510021 -1.357493 110.987823
v -26.510021 -1.357493 110.987823
v -25.429548 -4.130496 103.275078
v -21.450144 -3.463242 105.867699
v 56.208923 -86.264397 116.239731
v 47.321930 -72.016281 116.120842
v 38.512291 -62.728886 118.909325
v -19.751629 9.363185 143.650543
v -14.796421 -41.167522 128.617737
v -14.796421 -41.167522 128.617737
v -19.208021 -52.050400 -15.453159
v -21.068991 -51.394783 -10.385323
v -23.396154 -49.094044 -12.410353
v -26.042141 -58.592159 143.908783
v -18.841631 -46.737434 133.599625
v -15.843984 -2.335106 0.151234
v -57.875740 -15.295003 99.711533
v -23.968023 -9.268136 83.941170
v -45.122997 -8.783991 -0.855543
v 18.049793 10.626404 10.725311
v 14.997331 11.860361 9.597241
v -23.968023 -9.268136 83.941170
v -18.014330 -0.188595 7.251635
v 27.575226 -45.233685 122.598160
v 24.434679 -46.960827 123.152740
v 33.635704 -30.005150 -2.310365
v -23.396154 -49.094044 -12.410353
v -21.273960 -45.311890 -9.416681
v -21.273960 -45.311890 -9.416681
v -22.462429 -49.013401 -8.929792
v 6.211936 -9.054272 89.404938
v 7.098407 -4.520228 88.601410
v 12.291183 26.730818 9.120317
v 17.445400 26.968060 11.619913
v 58.390751 39.035809 171.378998
v 58.502758 40.459435 164.154785
v 55.088776 37.820866 167.339584
v 6.294596 12.778465 184.770493
v 13.355513 16.867397 198.021408
v 7.443552 15.331921 185.818512
v 55.088776 37.820866 167.339584
v 57.796230 37.519207 173.046875
v 59.470490 37.704861 181.058456
v 58.913303 35.093636 159.766632
v 58.390751 39.035809 171.378998
v 58.193180 41.235844 182.601440
v 58.293297 38.390984 183.189056
v 58.509190 40.989803 176.449738
v 13.355513 16.867397 198.021408
v 15.533119 18.087893 197.006332
v 7.443552 15.331921 185.818512
v 9.360982 12.561845 186.481873
v 14.165709 14.682875 198.165405
v 61.870686 40.624092 188.503616
v 63.017696 43.563583 190.411240
v -23.957933 -13.611254 -3.255312
v 62.007416 40.172348 185.991638
v 61.034451 40.421230 181.447571
v 65.424553 43.146233 189.906998
v 61.034451 40.421230 181.447571
v 14.298432 14.177271 195.329071
v 12.139952 14.373720 187.899261
v -12.404276 -0.758458 61.925285
v -16.766466 -2.690219 57.515312
v -17.214458 36.058762 -3.812585
v 23.818520 7.855119 129.977081
v 65.424553 43.146233 189.906998
v 66.590736 40.150383 196.288391
v 65.275452 41.803577 199.748459
v 61.870686 40.624092 188.503616
v -52.883595 22.867212 134.290451
v -56.887253 27.828764 138.439926
v -2.003499 -26.675169 117.532967
v -1.899553 -23.000185 119.140373
v 66.593796 41.350639 191.642914
v 65.493896 43.877613 199.231033
v 68.594048 42.851013 198.083710
v 67.013374 44.464508 195.812897
v 4.953842 0.958580 117.212555
v -1.266302 0.665153 113.319878
v 2.592270 -20.620377 112.472893
v -1.109042 -17.154408 115.290382
v 62.493320 39.923706 165.560013
v -9.886334 8.882927 50.412792
v 54.909397 -38.162788 -3.147840
v 51.280350 -35.308033 -0.274254
v -34.911991 19.332952 173.094574
v 59.367371 -45.769482 0.180188
v 4.822118 -15.716313 74.381668
v 4.253274 -11.714637 70.476349
v 32.971943 23.187635 168.212418
v 29.081619 20.013836 154.561310
v 65.275452 41.803577 199.748459
v 36.876152 24.881664 179.116516
v 35.452385 24.102972 168.122803
v 34.318748 25.686340 169.189865
v 46.146214 29.251465 8.480957
v 50.981182 32.021385 4.611735
v -36.523083 21.758366 173.139374
v 36.876152 24.881664 179.116516
v 39.943272 25.353102 186.123001
v 40.504566 26.257183 182.188202
v -4.001290 0.965706 131.067245
v -3.930309 -2.090952 127.167267
v 38.629765 -27.223703 172.009491
v 37.385254 -23.940634 171.124008
v 27.586020 -48.280300 125.209419
v 29.721565 -52.195969 136.169083
v 36.156246 -62.252323 151.760986
v 39.726006 -26.751894 169.175766
v 41.100086 -24.424044 169.459732
v 40.116959 28.285177 182.011032
v 40.448444 28.209488 185.979248
v 13.448916 12.153238 113.721764
v 55.089771 35.234833 6.786224
v 53.282494 39.405727 6.060257
v 49.809486 40.266350 4.135035
v 36.655315 -24.326580 163.877823
v 35.825691 -18.181150 161.645721
v 40.433273 -25.634731 173.515625
v 37.927731 29.440744 182.680969
v 37.784744 28.182985 185.580597
v 36.106136 26.923338 176.951889
v 11.988187 -16.795832 107.166679
v 9.949029 -19.223345 108.391113
v 30.042379 -57.080437 145.907425
v 35.587078 -59.574135 154.984802
v 33.250622 -56.897408 146.579361
v 29.861267 -55.003807 144.565323
v 5.934028 -3.485905 156.510269
v 19.440819 16.383816 209.043655
v 16.769310 16.340199 199.739746
v 4.611137 -5.576087 149.723190
v 16.433931 18.323574 208.005753
v 34.068783 -56.523205 119.963234
v 35.587078 -59.574135 154.984802
v 35.169395 -61.586124 156.303345
v 43.764614 -65.686226 161.605942
v 41.344227 -67.248184 163.037674
v 41.192295 -64.620285 161.923767
v 59.026852 34.980564 156.331802
v 54.434227 33.707432 155.465134
v -2.987585 5.903079 59.628822
v 53.358070 35.131554 138.706680
v -30.755617 17.750193 135.576370
v -11.529659 -3.786712 83.842171
v 18.511379 -23.611973 106.753891
v -16.338009 -1.027925 80.216408
v -50.344887 -5.707603 101.316917
v -53.337631 -12.884035 -2.264112
v -21.703575 28.457867 -0.729278
v -21.703575 28.457867 -0.729278
v -50.344887 -5.707603 101.316917
v -3.158251 -22.223734 3.341355
v 8.797914 26.119677 7.721370
v -2.102144 -18.817205 61.934475
v 2.959192 -13.954989 55.037941
v -11.754450 -15.759775 77.864105
v 42.575047 -4.962093 11.250793
v 46.706104 -3.195961 9.875259
v 1.913772 -7.102752 4.076597
v -47.452168 -4.089365 97.871338
v -36.773666 -7.029788 91.733681
v 38.864532 -27.125546 3.549520
v 42.681618 28.997797 136.533142
v -14.604664 -14.191763 63.525417
v 50.094208 29.913868 109.950829
v 56.409348 33.801991 121.939095
v 47.123112 29.463942 122.075752
v 46.168335 26.492102 121.062614
v -4.406332 -5.130509 90.328438
v 59.973515 -86.950081 114.720390
v -5.056452 -22.930984 75.132767
v -5.907558 -21.527487 81.541611
v -8.826805 -20.573193 75.994576
v -5.907558 -21.527487 81.541611
v 58.867119 -87.406410 116.495262
v 16.769310 16.340199 199.739746
v 19.440819 16.383816 209.043655
v 15.460987 15.732080 206.821274
v 6.649817 -22.242867 102.506088
v 7.660015 -21.325932 106.860519
v 7.660015 -21.325932 106.860519
v 9.949029 -19.223345 108.391113
v 41.818909 27.951433 118.731514
v 21.378468 -48.434155 120.306740
v 15.460987 15.732080 206.821274
v -12.261058 1.504804 67.872276
v -0.965355 -12.618745 6.806429
v 1.433157 -24.818840 80.774139
v -4.571456 -22.988573 79.631226
v -24.169191 30.995905 11.764389
v 31.910292 -71.954292 132.159866
v 54.761723 30.665981 122.323738
v 48.184368 28.466326 118.466667
v 56.337429 32.314800 120.741318
v 54.761723 30.665981 122.323738
v -50.193531 -22.258207 -0.326175
v -56.843018 25.880056 180.909744
v -31.195564 -17.450783 4.109579
v -35.499340 -17.111830 4.501571
v -31.195564 -17.450783 4.109579
v -36.013477 27.972605 -1.523408
v 17.271982 -17.701790 140.042633
v 68.594048 42.851013 198.083710
v 12.922297 -9.367517 140.890076
v 2.073261 -2.024627 61.468132
v 58.717690 37.824181 154.615234
v 59.026852 34.980564 156.331802
v -18.593924 -52.375305 -12.958294
v -23.199265 7.563702 113.112549
v 36.123032 21.421068 135.145767
v 40.448444 28.209488 185.979248
v 38.970509 26.021484 187.001907
v -23.131941 -36.280106 165.143921
v -20.735706 -33.448627 163.973679
v -22.755362 -29.876785 173.056335
v -21.122108 -31.519121 165.664642
v 15.132585 0.524597 154.768463
v -35.152225 -57.822372 188.350296
v 6.817625 -21.762453 82.395081
v 9.488003 -17.460966 84.407204
v 41.344227 -67.248184 163.037674
v 41.192295 -64.620285 161.923767
v 36.156246 -62.252323 151.760986
v 19.601137 -12.626004 133.636414
v 48.346809 -47.776787 171.208542
v 44.781868 -41.131039 167.581360
v 65.779182 -50.920986 -13.047651
v 68.851631 -53.326637 -11.963503
v 47.770252 3.141727 7.559496
v 43.457535 -67.352623 160.803528
v 39.912022 -66.812508 160.149246
v 31.573111 -57.875637 141.678665
v -43.926960 -6.463615 100.269318
v -38.378574 -7.670803 96.360863
v -17.199108 -21.582033 68.984077
v 40.116959 28.285177 182.011032
v -18.538927 -20.874622 73.487122
v -47.749104 25.447321 133.679169
v -75.326279 -19.241198 97.590218
v -75.326279 -19.241198 97.590218
v -64.666748 39.451721 154.017273
v -63.356762 36.537025 150.202927
v -14.721992 -31.891125 132.721771
v -27.229160 -45.906696 176.118027
v 5.228503 -4.865042 3.491957
v 10.408842 0.872430 30.036606
v -3.338223 -10.151745 109.626770
v -3.728542 -2.772871 111.457367
v -3.338223 -10.151745 109.626770
v -3.728542 -2.772871 111.457367
v 10.931218 -10.199168 100.435608
v 4.107682 -3.925615 144.601501
v -13.023415 -14.226958 83.995979
v -16.959400 -11.699430 86.441147
v -3.181246 4.260544 100.598404
v -18.888960 12.121543 134.969635
v -18.638187 8.669043 140.690506
v -23.890430 10.183444 114.244240
v -21.592388 14.554963 127.328217
v 62.776775 2.046279 3.030046
v 65.255402 -0.302742 1.252370
v 66.260460 2.666135 1.803221
v -25.791473 14.260960 132.259583
v 41.707710 25.669765 119.923645
v 47.123112 29.463942 122.075752
v 39.876686 -3.728894 7.691401
v 39.876686 -3.728894 7.691401
v -8.695572 13.147318 194.886353
v 42.127213 2.998350 10.328161
v -10.192841 9.248878 186.805069
v 65.398193 -0.796538 -2.974908
v -31.107084 -64.021141 157.608551
v -28.834927 -60.417515 155.592331
v -30.197142 -60.705833 152.411301
v -27.393330 -64.323257 156.781555
v 1.245166 3.040987 60.651924
v -15.316375 -43.979691 131.542801
v -3.953735 7.230247 163.230194
v 9.949029 -19.223345 108.391113
v 6.211936 -9.054272 89.404938
v 10.052996 -13.270239 89.092751
v 55.786194 -58.668304 181.075134
v -22.866388 -26.109043 171.610748
v -20.126850 -26.813950 173.506897
v 61.094200 -43.501789 -1.843627
v 46.009708 -44.473461 170.127930
v 58.293297 38.390984 183.189056
v -2.367771 -14.709576 112.914421
v -0.017766 -11.246505 29.875769
v 49.485565 30.878550 138.811340
v 64.136673 38.681400 138.378036
v 54.108067 33.179550 139.037521
v 54.108067 33.179550 139.037521
v 53.796684 34.230103 141.289093
v 65.153671 38.754730 141.238022
v 59.381111 34.248184 141.132721
v 73.332527 38.967205 142.186829
v -25.044857 -18.475536 87.288284
v 64.971649 36.142368 138.157043
v 73.873123 39.804756 140.639511
v 38.629765 -27.223703 172.009491
v 11.331310 -16.746683 119.317558
v 9.373981 -18.306446 110.896523
v 9.626990 -26.405413 106.313942
v -36.486652 -62.042770 193.661835
v -9.196660 -19.953760 72.034721
v -54.103718 19.921438 171.617599
v -17.591049 -3.757618 32.359360
v -18.452993 -9.197058 89.648788
v 24.451500 -51.663918 125.719635
v -16.959400 -11.699430 86.441147
v -14.255273 -16.781704 3.721265
v 31.789764 -48.386597 114.583168
v -41.067238 -6.488152 94.905968
v -20.275211 -42.210579 -5.801396
v 3.572266 -1.491857 97.292274
v -0.805773 5.732424 54.538624
v 62.220509 -42.617031 -5.747021
v 39.402157 -79.206055 135.503815
v -18.014330 -0.188595 7.251635
v -24.417709 -1.846827 5.280173
v 44.281944 36.154915 7.318594
v -47.599243 17.650045 160.501831
v -9.863776 10.265170 171.171906
v 37.385254 -23.940634 171.124008
v 19.242832 17.200237 116.781670
v -3.811170 -15.260913 100.774345
v 40.433273 -25.634731 173.515625
v 9.308330 -0.279979 123.058739
v 70.271225 44.582821 172.867355
v 34.549545 -37.512402 2.710241
v 55.188366 33.759930 4.147553
v 63.193295 -50.508640 -7.804266
v 65.779182 -50.920986 -13.047651
v 63.037006 -48.454521 -10.653620
v 73.332527 38.967205 142.186829
v 59.381111 34.248184 141.132721
v 66.217438 35.697395 139.774353
v -7.125444 42.985516 -7.533438
v -3.930309 -2.090952 127.167267
v 24.872078 -26.303930 5.210639
v -2.262927 10.168524 174.602615
v 73.873123 39.804756 140.639511
v -37.770554 -6.843925 1.968034
v 56.409348 33.801991 121.939095
v 46.009708 -44.473461 170.127930
v -4.481439 -14.428490 105.423660
v 64.971649 36.142368 138.157043
v 7.254895 13.282212 182.324249
v 12.139952 14.373720 187.899261
v 38.970509 26.021484 187.001907
v -26.492363 26.538061 -3.266610
v 72.123329 43.569420 172.362747
v -72.474861 -21.460863 -11.721535
v -35.075611 17.262768 157.765030
v -5.746607 10.920866 196.010727
v 27.620588 16.409590 115.120972
v 17.961966 15.270911 119.342422
v -64.614311 -10.793246 100.823608
v -9.196660 -19.953760 72.034721
v 60.041962 38.675014 164.402771
v -24.859032 -14.931086 91.012596
v 36.810452 -76.742813 140.871124
v 36.157642 33.774712 10.517315
v 43.457535 -67.352623 160.803528
v -15.134808 -30.580252 -3.505128
v -72.441628 -18.449652 96.428360
v 10.766158 22.800091 123.680672
v 10.090142 21.489214 121.322578
v 9.161060 25.439819 123.716866
v 5.756430 21.078548 127.123001
v 9.479086 23.403667 128.667053
v 6.659029 27.183931 130.340973
v 12.799238 8.052974 119.228516
v 11.194839 12.358775 122.076607
v 10.647579 7.711169 120.031952
v 5.374713 7.507334 116.017235
v 7.779161 4.553836 115.643082
v 8.205275 4.976019 118.072716
v 5.147565 18.083218 122.407715
v 5.231580 23.910830 123.379990
v 6.533459 15.838280 118.258675
v 5.812841 29.006792 125.307335
v 7.541323 23.432032 122.151352
v 4.320864 27.192867 124.924271
v 6.895531 37.085442 135.496338
v 8.142919 41.111320 139.464737
v 8.844478 40.805309 135.975479
v 10.163653 35.711575 131.552704
v 11.298205 31.043171 129.172577
v 10.159386 32.557926 128.197937
v 6.474597 34.383720 128.674881
v 4.300948 40.660332 131.063263
v 4.364687 36.373959 130.836700
v 4.968663 27.006809 129.430603
v 11.000720 34.707462 132.777313
v 10.278559 32.372955 134.451736
v 11.702925 30.378860 131.094162
v 9.823783 41.884777 138.312317
v 7.510826 34.628361 137.978790
v 8.704590 32.086857 135.564133
v 9.920174 37.667351 140.543808
v 7.784077 30.952406 133.891037
v 6.403024 34.398197 135.349747
v 5.855715 30.820364 131.329239
v 11.876670 39.396336 134.602982
v 12.655697 42.809406 134.968018
v 13.409208 41.972218 135.834076
v 12.229569 40.177010 137.251282
v 7.095735 49.157093 141.888168
v 11.398901 37.774769 138.437607
v 13.409208 41.972218 135.834076
v 11.876670 39.396336 134.602982
v 15.111300 48.918362 139.147034
v 11.678973 44.980862 135.697754
v 12.287150 46.518147 137.915573
v 10.391270 47.697762 142.960480
v 9.023908 51.673347 144.583435
v 8.850228 48.588200 143.874908
v 7.997830 40.734432 141.413437
v 8.105307 44.499912 143.109024
v 13.337044 46.058537 139.997375
v 11.949279 41.318413 138.482147
v 13.539218 44.376163 139.395248
v 11.663049 43.392559 141.303635
v 10.623983 42.156952 138.834518
v 9.328711 48.725956 141.414917
v 6.184473 36.712326 135.899017
v 7.009001 37.815319 138.822693
v 7.290902 40.147274 138.893356
v 13.286289 49.289318 155.377930
v 12.290196 45.919765 149.780502
v 12.467651 48.691200 153.632248
v 8.470778 38.243961 140.556061
v 10.162536 40.835388 144.495941
v 9.133179 42.824139 144.424789
v 6.769985 34.918034 131.977142
v 7.719212 38.019566 132.565842
v 7.405518 34.526363 129.270508
v 9.053619 37.110512 131.737228
v 7.405518 34.526363 129.270508
v 12.258359 44.967819 151.184235
v 12.290196 45.919765 149.780502
v 13.286289 49.289318 155.377930
v 9.462018 43.480141 147.969528
v 7.787057 19.651567 119.184357
v 10.357261 4.638757 114.143860
v 8.372090 6.881423 112.341042
v 11.750998 6.485460 113.608948
v 5.617156 12.569522 116.506821
v 5.437065 10.735073 119.074715
v 9.250288 16.378273 116.348946
v 7.607333 16.104258 116.684937
v 12.055380 40.693310 139.854340
v 10.623983 42.156952 138.834518
v 3.143261 31.765451 125.437042
v 3.635513 31.331427 130.535370
v 2.248021 38.735413 130.961166
v 12.328728 49.680523 159.449539
v 12.602517 46.923286 154.990326
v 12.330435 51.322914 159.606384
v 3.862017 26.644629 127.627625
v 1.602975 34.888222 127.776390
v 2.099483 29.953215 127.335930
v 1.314600 35.700676 129.589706
v 9.133179 42.824139 144.424789
v 9.462018 43.480141 147.969528
v 10.742675 47.942986 153.610703
v 7.722970 47.661175 142.696365
v 6.352772 8.091532 119.034241
v 4.465473 23.122004 125.271408
v 5.147565 18.083218 122.407715
v 5.116171 19.981203 125.517754
v 8.288968 49.315544 141.428314
v 7.203789 52.493504 143.955841
v 8.850228 48.588200 143.874908
v 9.023908 51.673347 144.583435
v 4.481668 57.073650 144.055145
v 5.190569 56.314606 143.089676
v 6.317178 52.981808 142.829391
v 5.855715 30.820364 131.329239
v 5.842088 33.473701 130.697113
v 6.445386 33.244465 133.013016
v 5.855715 30.820364 131.329239
v 6.403024 34.398197 135.349747
v 9.703228 49.466312 142.238052
v 1.220578 61.089352 144.238388
v 4.538011 60.393127 143.135483
v 13.129020 6.030610 116.262672
v 10.089820 5.162978 118.051964
v 9.969118 4.157611 115.842651
v 3.955781 36.405716 127.245209
v 2.050390 43.140400 127.976074
v 3.740198 43.474155 128.274673
v 1.436725 43.485268 130.699203
v 1.119007 43.372025 129.203339
v 3.582607 58.751537 145.069656
v -0.308221 62.187542 146.102112
v 6.902367 61.786526 146.204208
v 8.092404 61.915356 145.733734
v 6.360635 68.772896 146.720032
v 10.242460 29.770557 133.044235
v 9.506462 27.271479 130.912628
v 10.750237 27.537575 128.376434
v 2.289105 50.629826 129.886597
v 2.543449 55.757763 127.921318
v 1.605159 52.157650 129.466141
v 4.515723 44.478237 129.580536
v 5.363899 38.004292 129.613541
v 5.306777 37.275311 128.279251
v 5.081117 61.476044 143.893417
v 1.262244 63.782658 145.205582
v 2.080152 63.216274 145.823669
v -1.692229 64.680344 146.851120
v -0.371672 62.816311 146.633286
v 4.452019 44.400387 130.936050
v 3.389380 49.787178 129.000687
v 2.927250 48.043194 130.430573
v 2.960601 44.495956 131.716492
v 12.515534 40.759621 143.843201
v 11.326640 40.418476 144.286819
v 10.236695 43.056480 148.730240
v 7.102815 68.520401 146.140839
v 7.658316 60.204029 144.004822
v 5.863204 62.946129 143.949997
v 5.461583 64.087189 145.352402
v 10.312036 44.397747 137.227875
v 11.559288 43.610142 134.727325
v 9.019723 41.909725 135.071182
v 10.121964 40.546547 134.083344
v 5.081117 61.476044 143.893417
v 1.262244 63.782658 145.205582
v 5.573010 69.936829 145.124573
v 5.461583 64.087189 145.352402
v 5.434175 71.809151 146.338043
v 1.100837 46.612087 127.577583
v 2.572731 47.642868 127.337669
v 12.931825 14.640367 118.307182
v 11.859635 15.976261 116.939346
v 11.569007 20.329460 121.950157
v 12.652134 15.809780 121.619469
v 11.831081 18.108513 123.078949
v 1.119007 43.372025 129.203339
v 10.312036 44.397747 137.227875
v 9.933884 28.118872 126.048378
v 6.544941 30.736567 125.392677
v 8.087647 28.110256 124.732819
v 6.284432 11.771008 121.218292
v 6.352772 8.091532 119.034241
v 8.103603 6.375115 119.475067
v 9.200871 14.195138 123.377136
v 13.031762 42.291885 143.537277
v 1.393755 58.286823 127.434547
v 1.007561 55.008446 127.051338
v 0.652276 52.002270 128.439575
v 2.514947 64.013008 127.050667
v 3.065236 61.340378 127.125427
v 2.148560 60.348675 126.399368
v 11.577587 20.379557 124.720390
v 9.375677 18.767138 125.783165
v 8.105307 44.499912 143.109024
v 9.477599 45.449196 143.503372
v 13.924240 43.842823 138.630081
v 14.586933 44.514294 137.576828
v 13.712243 45.656414 136.765305
v 20.053720 50.777470 141.064621
v 8.453439 54.086025 144.598038
v 6.616711 55.516838 144.977295
v 6.930577 59.742134 146.683990
v 5.095999 61.646511 144.702789
v 6.054488 58.499134 145.945221
v 6.474597 34.383720 128.674881
v 7.855134 32.220005 126.191399
v 5.814303 33.552189 126.995613
v 16.633667 49.581024 142.290085
v 14.586933 44.514294 137.576828
v 21.215151 51.416115 142.769501
v 12.457067 45.216770 146.852707
v 11.221063 43.518791 142.898849
v 11.221063 43.518791 142.898849
v 9.965010 44.075665 144.183762
v 12.457067 45.216770 146.852707
v -1.046377 62.889851 145.816589
v -1.032627 64.091400 145.755325
v 17.737299 51.576851 142.179337
v 12.205508 45.954369 139.325623
v 18.697052 51.406181 140.886002
v 3.862017 26.644629 127.627625
v 3.152170 29.785553 129.515594
v 2.684865 28.842566 125.905800
v 24.535912 57.240700 146.212753
v 21.454821 53.472313 142.237717
v 20.070349 53.531307 142.210739
v 21.966564 52.936382 144.497772
v -4.724590 65.159523 146.573502
v -6.116651 66.005959 148.588623
v -0.308221 62.187542 146.102112
v 3.875656 26.902290 125.846809
v 3.862017 26.644629 127.627625
v 4.465473 23.122004 125.271408
v 10.750237 27.537575 128.376434
v 12.287150 46.518147 137.915573
v 10.312036 44.397747 137.227875
v 9.778245 30.387728 126.430550
v 27.386982 59.512341 147.769272
v 26.631395 57.616146 146.628906
v 24.756069 56.931221 145.257553
v 20.053720 50.777470 141.064621
v 19.536507 51.153770 143.309845
v 27.515816 59.077435 148.870651
v 7.361505 5.059888 114.007904
v 5.596702 8.744313 112.630852
v 26.889042 60.473053 148.505554
v 25.565258 57.743462 147.583069
v 27.515816 59.077435 148.870651
v 29.375433 63.260986 152.264999
v 9.327801 53.063488 143.500900
v 8.437862 58.794296 145.862610
v 8.453439 54.086025 144.598038
v 7.658316 60.204029 144.004822
v 7.102815 68.520401 146.140839
v 29.155474 61.132744 149.581406
v 29.473095 62.128498 151.552017
v 28.029915 61.936771 150.613327
v 26.889042 60.473053 148.505554
v 24.535912 57.240700 146.212753
v 11.127332 48.874931 158.513870
v 11.471153 50.755543 159.798630
v 11.127332 48.874931 158.513870
v 2.674014 34.772114 127.068214
v 1.602975 34.888222 127.776390
v 6.659029 27.183931 130.340973
v 12.330435 51.322914 159.606384
v 11.471153 50.755543 159.798630
v 12.483236 50.157063 161.130569
v 4.390913 10.451244 115.870026
v 11.000720 34.707462 132.777313
v -5.319079 66.610458 148.684219
v -5.194599 66.465462 147.248657
v 3.389380 49.787178 129.000687
v 3.758213 47.788517 128.183990
v 13.129020 6.030610 116.262672
v 11.092906 10.652700 112.907585
v 13.032647 12.865033 115.240417
v 10.105666 14.265780 114.114174
v 9.623930 8.653376 111.605812
v 6.883302 8.559002 111.466965
v 8.799977 56.168148 143.667831
v 0.719950 48.796230 128.383026
v -7.364785 67.013199 148.005493
v -9.716824 69.442467 148.149139
v -7.378642 68.666763 147.945755
v -6.116651 66.005959 148.588623
v -5.503096 65.132927 147.785522
v 5.666180 14.463174 120.864380
v 5.666180 14.463174 120.864380
v 5.437065 10.735073 119.074715
v 6.698627 73.186958 145.416229
v 11.569007 20.329460 121.950157
v 10.409891 19.015343 118.672142
v 0.719950 48.796230 128.383026
v 7.719212 38.019566 132.565842
v 3.242275 51.306427 127.832024
v -5.796725 67.396347 148.306625
v -8.926337 71.702171 148.878387
v -9.447906 71.636627 149.578384
v -10.025168 70.200676 149.518860
v -9.963780 71.425018 148.480591
v -10.025168 70.200676 149.518860
v -8.707452 70.668900 147.894806
v 6.616711 55.516838 144.977295
v 22.811949 55.804474 145.647720
v 20.070349 53.531307 142.210739
v 3.242275 51.306427 127.832024
v 1.697658 51.495277 126.521904
v 22.406052 52.758705 143.139328
v 0.652276 52.002270 128.439575
v 1.822509 56.748993 127.955826
v 1.393755 58.286823 127.434547
v 2.562335 58.493824 126.846275
v 2.486248 60.241539 127.525414
v 10.623983 42.156952 138.834518
v 11.750998 6.485460 113.608948
v 9.623930 8.653376 111.605812
v 10.806221 46.736851 150.429581
v 7.009001 37.815319 138.822693
v 0.893491 48.516563 127.702774
v 6.857588 54.930973 142.548752
v 8.282668 58.139282 143.241837
v 7.108401 16.149632 124.666573
v 11.804054 49.877567 156.052826
v 8.799977 56.168148 143.667831
v 9.328711 48.725956 141.414917
v 29.105810 63.762691 151.309845
v 5.095999 61.646511 144.702789
v 11.021644 46.840069 154.801270
v 11.021644 46.840069 154.801270
v 11.663049 43.392559 141.303635
v 5.696784 66.874748 144.880600
v 5.434175 71.809151 146.338043
v 7.491889 72.414909 146.906555
v 6.403091 72.932274 147.063431
v 23.877153 54.395393 145.188004
v 22.406052 52.758705 143.139328
v 11.989930 52.700645 162.629639
v 11.668001 54.629036 165.906723
v 11.865528 51.580345 162.506546
v -1.032627 64.091400 145.755325
v -5.194599 66.465462 147.248657
v -7.378642 68.666763 147.945755
v -8.707452 70.668900 147.894806
v 7.997830 40.734432 141.413437
v 24.069168 55.834942 146.631042
v 2.402400 55.167927 127.029472
v 7.552137 70.823883 145.467285
v 6.698627 73.186958 145.416229
v -9.963780 71.425018 148.480591
v 7.997830 40.734432 141.413437
v 8.105307 44.499912 143.109024
v 6.982757 13.787189 114.786873
v 13.053653 51.370079 162.085205
v 13.061832 54.475834 165.147247
v 12.754526 55.510632 165.419159
v 12.890846 52.249859 161.959351
v 18.812548 51.875629 142.418533
v 18.812548 51.875629 142.418533
v 4.684544 60.130859 145.399185
v 12.469400 12.256041 120.496307
v 13.420660 7.175473 117.797447
v 12.890846 52.249859 161.959351
v 12.754526 55.510632 165.419159
v 11.819691 56.061684 165.686356
v 11.865528 51.580345 162.506546
v 11.668001 54.629036 165.906723
v 5.306777 37.275311 128.279251
v 2.402400 55.167927 127.029472
v 7.552137 70.823883 145.467285
v 5.596702 8.744313 112.630852
v 4.390913 10.451244 115.870026
v 13.420660 7.175473 117.797447
v 12.373013 55.361427 166.578537
v 11.819691 56.061684 165.686356
v 5.842088 33.473701 130.697113
v 3.758213 47.788517 128.183990
v 7.491889 72.414909 146.906555
v 1.679329 61.637070 127.518364
v 2.514947 64.013008 127.050667
v 1.679329 61.637070 127.518364
v 2.927951 62.579082 127.886993
v 3.065236 61.340378 127.125427
v 8.282668 58.139282 143.241837
v 3.740198 43.474155 128.274673
v 28.772449 61.955048 149.642532
v 15.111300 48.918362 139.147034
v 17.737299 51.576851 142.179337
v 1.334664 59.597836 126.782341
v 1.762323 56.702690 126.355309
v 0.836626 62.622280 146.760910
v 3.582607 58.751537 145.069656
v 9.019723 41.909725 135.071182
v 12.931825 14.640367 118.307182
v 13.420660 7.175473 117.797447
v 10.321943 45.902264 152.300339
v 10.321943 45.902264 152.300339
v 29.105810 63.762691 151.309845
v 5.995660 16.573978 123.700630
v 11.221063 43.518791 142.898849
v 11.298205 31.043171 129.172577
v 4.968663 27.006809 129.430603
v 2.562335 58.493824 126.846275
v 5.437065 10.735073 119.074715
v 10.647579 7.711169 120.031952
v 8.103603 6.375115 119.475067
v 6.883302 8.559002 111.466965
v -8.926337 71.702171 148.878387
v 22.947510 54.116859 143.059860
v 26.631395 57.616146 146.628906
v 28.029915 61.936771 150.613327
v 2.099483 29.953215 127.335930
v 6.474597 34.383720 128.674881
v 29.375433 63.260986 152.264999
v 29.473095 62.128498 151.552017
v 9.477599 45.449196 143.503372
v 12.799238 8.052974 119.228516
v 0.181617 -34.504246 104.732330
v -0.234818 -32.610325 102.738426
v -0.309758 -37.268738 103.443169
v 6.083764 -36.141705 103.185043
v 3.739443 -37.557961 106.946266
v 4.355528 -42.377766 105.748337
v 4.106954 -19.493233 103.899353
v 4.507193 -24.863930 104.369537
v 6.001385 -20.244305 102.786247
v 6.511512 -20.067577 96.177834
v 6.509701 -16.635021 97.869606
v 7.586239 -17.889946 99.748199
v 5.035903 -31.798050 99.777504
v 2.489842 -37.106728 100.276451
v 2.831213 -27.683468 98.233307
v 0.662580 -42.043915 101.795227
v 0.676213 -35.430111 101.263054
v 2.223177 -40.832024 100.468987
v 2.198317 -52.861698 108.927513
v 1.864912 -57.550152 112.306725
v -0.575660 -55.576027 110.601685
v -1.393600 -48.960617 108.924019
v -1.040759 -43.635540 108.408966
v -1.832112 -44.867805 106.860870
v -0.446810 -47.806648 104.295174
v -1.073550 -54.829891 103.969200
v 1.038755 -51.092964 104.013199
v 4.817618 -42.387394 103.876472
v -0.548152 -48.363941 110.386124
v 2.165014 -47.340778 110.991951
v 0.306504 -43.763184 109.979385
v -0.218455 -57.167225 112.821060
v 4.741933 -51.646477 111.079651
v 3.902725 -48.083553 110.517319
v 3.397115 -54.526505 114.473267
v 3.962871 -46.710026 108.772797
v 3.817233 -50.689453 108.545662
v 3.486868 -46.130344 105.652504
v -2.386910 -52.818527 112.077728
v -4.415467 -55.604076 112.795280
v -3.839887 -55.022469 113.956802
v -1.322475 -54.493183 114.029655
v -0.314886 -65.717422 112.804939
v 1.178081 -53.239746 114.240028
v -3.839887 -55.022469 113.956802
v -2.386910 -52.818527 112.077728
v -6.404131 -61.750057 117.163979
v -4.567930 -58.065445 112.448662
v -4.323565 -60.112682 114.292809
v -0.696392 -63.875015 116.060707
v -1.028793 -68.367455 115.932480
v 0.268430 -65.516212 115.444695
v 3.382928 -58.110172 113.465408
v 2.384778 -61.978436 114.516907
v -3.344686 -60.272545 116.452362
v -0.995710 -56.072899 114.571960
v -2.939980 -58.529514 116.273834
v -0.155843 -59.120739 116.104980
v -0.480043 -57.360615 113.759811
v -1.632199 -64.428146 114.218620
v 3.050415 -52.948723 108.656731
v 3.853575 -54.860256 111.135704
v 2.494156 -56.768307 111.319527
v 4.707543 -69.578331 126.228165
v 3.516863 -64.667793 121.968338
v 4.378010 -68.593742 124.496887
v 3.906526 -55.488144 113.355621
v 4.073609 -58.809170 117.103035
v 3.540482 -60.791656 116.205658
v 1.196080 -49.570862 106.633171
v -0.619236 -52.133606 107.635201
v -0.665635 -47.879642 105.385368
v -1.404228 -50.580235 108.149437
v -0.665635 -47.879642 105.385368
v 4.933524 -64.473038 122.880920
v 3.516863 -64.667793 121.968338
v 4.707543 -69.578331 126.228165
v 5.253339 -62.751225 118.721573
v 0.678946 -30.892416 99.661583
v 4.073193 -15.232078 98.867928
v 2.840564 -16.999895 96.115471
v 1.967984 -16.111879 99.525955
v 3.980110 -24.472664 96.511642
v 6.689476 -24.077318 98.091118
v -0.186355 -26.444761 99.057732
v 1.091224 -26.888893 98.029228
v 0.149146 -56.096016 115.558731
v -0.480043 -57.360615 113.759811
v 0.761731 -45.293541 99.749802
v 3.950977 -46.942444 103.428589
v 1.037967 -53.825832 102.399612
v 7.614823 -71.955742 128.110596
v 6.108801 -67.636475 125.534225
v 6.835266 -73.409019 128.158875
v 4.486565 -41.670902 101.880577
v 1.436068 -49.427437 99.979820
v 3.517707 -44.911339 100.237648
v 2.312480 -50.980457 100.902519
v 3.540482 -60.791656 116.205658
v 5.253339 -62.751225 118.721573
v 5.728260 -68.511490 123.190788
v 0.646745 -64.595779 113.854485
v 7.565402 -21.531090 98.851341
v 4.538792 -37.495617 100.937675
v 5.035903 -31.798050 99.777504
v 6.010484 -34.737675 101.697006
v -1.357903 -65.268547 113.414032
v -0.848083 -69.381897 114.111046
v 0.268430 -65.516212 115.444695
v -1.028793 -68.367455 115.932480
v -1.712639 -74.173729 111.945778
v -2.315066 -72.891273 111.889259
v -1.327858 -69.600914 112.691452
v 3.486868 -46.130344 105.652504
v 1.675219 -48.105724 105.146782
v 2.928905 -48.704647 107.108788
v 3.486868 -46.130344 105.652504
v 3.817233 -50.689453 108.545662
v -1.715419 -65.283173 115.011063
v -1.921044 -78.699318 109.441826
v -4.101816 -76.566307 111.286003
v 3.123555 -16.413441 102.304764
v 6.420065 -17.428520 101.167358
v 5.624324 -15.676181 99.683289
v -1.026694 -49.720161 101.383301
v -3.099072 -56.336254 100.177818
v -4.032447 -56.198101 101.649460
v -1.214105 -57.987907 101.454491
v -1.924383 -57.357082 100.250771
v -1.464086 -76.314629 111.858437
v -0.472299 -80.916931 109.440628
v -4.222394 -78.286163 115.024498
v -5.254524 -77.808769 115.625282
v -7.327661 -84.581337 114.713066
v 2.684129 -44.554455 110.142387
v 3.080026 -41.773201 108.288002
v 0.634841 -40.513115 107.592789
v -6.025173 -63.398384 101.345230
v -10.154728 -66.807930 100.102448
v -6.726347 -64.730743 100.501442
v -4.174704 -57.351845 103.050713
v -1.166664 -51.624249 103.933220
v -1.590943 -50.457977 103.052994
v -4.503719 -77.628174 112.153786
v -2.771022 -81.372772 110.008614
v -2.533401 -80.893219 111.050423
v -0.556753 -83.789818 108.784904
v -0.436227 -81.695045 109.714073
v -3.238103 -57.884983 103.879028
v -6.751166 -61.952484 101.641563
v -4.654038 -61.239441 102.268677
v -1.961012 -58.781719 103.240700
v 2.385452 -57.704544 118.480843
v 3.513428 -57.990822 117.870628
v 5.529235 -62.467041 119.817665
v -7.974603 -83.880630 114.914383
v -5.193169 -75.766724 114.235146
v -5.690799 -78.640388 112.738831
v -5.187293 -80.332298 113.299171
v -2.522286 -58.668537 112.411339
v -4.383491 -56.532734 111.776550
v -1.837332 -56.066128 110.115707
v -2.350760 -54.136547 110.364983
v -4.503719 -77.628174 112.153786
v -2.771022 -81.372772 110.008614
v -8.521297 -85.138756 113.044205
v -5.187293 -80.332298 113.299171
v -8.675372 -87.282455 113.659149
v -4.677123 -59.405521 99.081268
v -6.202776 -59.696842 100.016174
v -0.072960 -24.619993 103.188843
v -1.055205 -25.511906 101.443893
v -0.043297 -31.419645 104.310532
v 1.558089 -27.111073 105.073296
v 1.713245 -29.940792 105.312042
v -1.924383 -57.357082 100.250771
v -2.522286 -58.668537 112.411339
v -0.695717 -40.275318 105.448669
v -0.617165 -43.303886 102.352097
v -0.493496 -40.304886 103.190887
v 7.021153 -25.592049 100.086540
v 7.565402 -21.531090 98.851341
v 7.784152 -19.702572 100.528984
v 5.464176 -27.615330 103.625572
v 1.083866 -58.700748 118.627037
v -11.172967 -69.108368 98.827271
v -9.447446 -66.301567 98.393463
v -6.761648 -64.470284 99.116928
v -15.104153 -73.416916 99.246597
v -13.935426 -71.013649 99.803146
v -13.353330 -70.163414 98.667717
v 1.681416 -32.640903 106.102356
v 4.447631 -32.445911 105.160118
v 2.384778 -61.978436 114.516907
v 1.360460 -62.503757 115.787590
v -3.355102 -57.628006 116.091805
v -4.752130 -57.531075 115.896172
v -5.388453 -58.432686 114.667236
v -8.944086 -62.537025 122.112747
v -1.990616 -70.595863 115.426750
v -1.488757 -72.560860 114.221947
v -2.841019 -76.755295 115.423004
v -4.090034 -78.112572 112.681602
v -2.155311 -75.674286 114.318657
v -0.446810 -47.806648 104.295174
v -1.635980 -44.472897 103.818581
v -0.697922 -46.602001 102.735336
v -5.616434 -63.157291 120.331741
v -4.752130 -57.531075 115.896172
v -8.853644 -63.427387 124.078056
v 1.943252 -62.771137 120.230362
v 1.034990 -60.050995 116.792374
v 1.034990 -60.050995 116.792374
v 2.253768 -61.476238 116.643913
v 1.943252 -62.771137 120.230362
v -0.616300 -81.627312 108.669746
v -1.305193 -82.611366 108.601067
v -7.370337 -64.437935 121.036980
v -3.082587 -60.264553 115.158638
v -8.635355 -63.431206 120.941055
v 4.486565 -41.670902 101.880577
v 4.400983 -45.358570 102.452812
v 2.877683 -43.173759 99.798698
v -11.640182 -68.739128 128.642044
v -10.423983 -64.859268 123.850143
v -9.698998 -65.346039 122.773842
v -8.990585 -65.205032 125.716347
v 0.705526 -85.058296 106.275024
v 2.308442 -87.083611 106.484192
v -0.472299 -80.916931 109.440628
v 3.212177 -41.124397 100.733772
v 4.486565 -41.670902 101.880577
v 4.538792 -37.495617 100.937675
v 0.634841 -40.513115 107.592789
v -4.323565 -60.112682 114.292809
v -2.522286 -58.668537 112.411339
v -1.579417 -42.404697 105.501480
v -13.460977 -70.397873 131.747681
v -12.748002 -68.554924 130.497849
v -12.203337 -67.999001 128.204178
v -8.944086 -62.537025 122.112747
v -7.432808 -63.980110 123.153740
v -12.602199 -70.458710 132.570831
v 5.435862 -16.500109 96.479286
v 3.579236 -19.595659 94.122108
v -13.229547 -71.684525 131.810760
v -11.615396 -69.414810 130.295197
v -12.602199 -70.458710 132.570831
v -13.725940 -74.837120 136.041946
v -2.628109 -68.981133 115.420311
v -3.697295 -75.116257 116.075165
v -1.990616 -70.595863 115.426750
v -5.193169 -75.766724 114.235146
v -7.974603 -83.880630 114.914383
v -14.166613 -71.966393 134.213226
v -13.627092 -73.545006 135.693985
v -13.313274 -73.450157 133.993042
v -13.229547 -71.684525 131.810760
v -11.640182 -68.739128 128.642044
v 8.123634 -71.265488 126.616463
v 7.740630 -73.290253 127.645599
v 8.123634 -71.265488 126.616463
v 0.450684 -48.680359 100.344513
v 1.436068 -49.427437 99.979820
v 4.355528 -42.377766 105.748337
v 6.835266 -73.409019 128.158875
v 7.740630 -73.290253 127.645599
v 8.339477 -73.025215 129.297180
v 5.394065 -22.809446 95.234650
v -0.548152 -48.363941 110.386124
v 1.600200 -87.376503 107.134789
v 0.698031 -86.601349 106.308601
v -6.751166 -61.952484 101.641563
v -6.406528 -59.796848 101.462311
v 3.123555 -16.413441 102.304764
v -0.336799 -19.544893 98.433586
v -1.124466 -21.779921 101.346207
v -0.951779 -23.430468 98.338951
v 0.727608 -17.777081 96.538414
v 2.221473 -18.525915 94.359688
v -3.887132 -71.845047 115.022552
v -5.121323 -61.716892 99.237938
v 2.097705 -88.089722 105.121933
v 2.204360 -90.964279 103.338799
v 1.183557 -89.465080 105.018242
v 2.308442 -87.083611 106.484192
v 1.923173 -85.805038 106.463371
v 5.702981 -27.914747 99.297394
v 5.702981 -27.914747 99.297394
v 6.689476 -24.077318 98.091118
v -10.702950 -87.643127 113.984383
v -0.043297 -31.419645 104.310532
v -0.771273 -29.287048 101.354530
v -5.121323 -61.716892 99.237938
v -0.619236 -52.133606 107.635201
v -8.222091 -62.784534 100.725281
v 1.207567 -88.033798 106.500641
v 1.016902 -92.927513 104.338089
v 1.787175 -93.339729 104.393600
v 2.839690 -92.288727 103.961899
v 1.492590 -92.859833 103.298622
v 2.839690 -92.288727 103.961899
v 0.823412 -91.564484 103.904839
v -1.488757 -72.560860 114.221947
v -10.267244 -67.843712 127.008842
v -9.698998 -65.346039 122.773842
v -8.222091 -62.784534 100.725281
v -8.290533 -62.885475 98.694756
v -10.002413 -64.333145 125.181473
v -6.761648 -64.470284 99.116928
v -10.259921 -67.893234 99.541603
v -11.172967 -69.108368 98.827271
v -12.309580 -68.653687 99.333107
v -12.770850 -70.443909 99.655411
v -0.480043 -57.360615 113.759811
v 1.967984 -16.111879 99.525955
v 0.727608 -17.777081 96.538414
v 4.320770 -66.115356 121.227135
v 3.853575 -54.860256 111.135704
v -5.500050 -61.134327 98.940865
v -2.849804 -70.952126 112.858665
v -4.921935 -73.495422 114.287781
v 6.406017 -30.493662 102.795357
v 5.649189 -70.843109 125.512505
v -3.887132 -71.845047 115.022552
v -1.632199 -64.428146 114.218620
v -14.449057 -74.940674 135.203430
v -4.090034 -78.112572 112.681602
v 6.916813 -67.997635 124.208138
v 6.916813 -67.997635 124.208138
v -0.155843 -59.120739 116.104980
v -7.108110 -82.408806 113.082390
v -8.675372 -87.282455 113.659149
v -9.788620 -87.369965 115.576790
v -9.357336 -88.226463 114.829697
v -10.400613 -66.112648 127.572021
v -10.002413 -64.333145 125.181473
v 8.205686 -75.972420 129.803589
v 9.432252 -79.103081 131.608032
v 8.796087 -75.014168 129.666183
v -1.305193 -82.611366 108.601067
v 0.698031 -86.601349 106.308601
v 1.183557 -89.465080 105.018242
v 0.823412 -91.564484 103.904839
v 3.382928 -58.110172 113.465408
v -10.362640 -67.881660 128.601929
v -10.325995 -65.975090 99.438957
v -9.884172 -85.392937 114.746918
v -10.702950 -87.643127 113.984383
v 1.492590 -92.859833 103.298622
v 3.382928 -58.110172 113.465408
v 2.384778 -61.978436 114.516907
v 1.475620 -24.324873 96.404549
v 7.977458 -74.272003 130.308395
v 8.253803 -78.198227 132.187286
v 8.044695 -79.287605 132.093918
v 7.518304 -75.013985 130.073883
v -7.979261 -64.443970 122.002289
v -7.979261 -64.443970 122.002289
v -2.608322 -77.263031 112.866722
v 2.848011 -23.690182 104.326599
v 3.321560 -17.940466 103.479630
v 7.518304 -75.013985 130.073883
v 8.044695 -79.287605 132.093918
v 8.441872 -80.169746 131.534409
v 8.796087 -75.014168 129.666183
v 9.432252 -79.103081 131.608032
v -1.590943 -50.457977 103.052994
v -10.325995 -65.975090 99.438957
v -9.884172 -85.392937 114.746918
v 3.579236 -19.595659 94.122108
v 5.394065 -22.809446 95.234650
v 3.321560 -17.940466 103.479630
v 9.072669 -79.779755 132.555420
v 8.441872 -80.169746 131.534409
v 1.675219 -48.105724 105.146782
v -6.406528 -59.796848 101.462311
v -9.788620 -87.369965 115.576790
v -13.070496 -71.880737 98.988770
v -15.104153 -73.416916 99.246597
v -13.070496 -71.880737 98.988770
v -14.038120 -72.429016 100.148697
v -13.935426 -71.013649 99.803146
v -4.921935 -73.495422 114.287781
v -4.032447 -56.198101 101.649460
v -14.353438 -72.810936 133.933105
v -6.404131 -61.750057 117.163979
v -7.370337 -64.437935 121.036980
v -12.254321 -69.956375 98.318184
v -11.216245 -67.190865 98.464775
v -0.926770 -81.194244 110.725250
v -1.464086 -76.314629 111.858437
v -1.837332 -56.066128 110.115707
v -0.072960 -24.619993 103.188843
v 3.321560 -17.940466 103.479630
v 6.223604 -66.365501 122.091698
v 6.223604 -66.365501 122.091698
v -14.449057 -74.940674 135.203430
v 6.188549 -30.800390 101.308769
v 1.034990 -60.050995 116.792374
v -1.040759 -43.635540 108.408966
v 4.817618 -42.387394 103.876472
v -12.309580 -68.653687 99.333107
v 6.689476 -24.077318 98.091118
v 6.001385 -20.244305 102.786247
v 7.784152 -19.702572 100.528984
v 2.221473 -18.525915 94.359688
v 1.016902 -92.927513 104.338089
v -11.081438 -65.270744 125.498749
v -12.748002 -68.554924 130.497849
v -13.313274 -73.450157 133.993042
v 3.517707 -44.911339 100.237648
v -0.446810 -47.806648 104.295174
v -13.725940 -74.837120 136.041946
v -13.627092 -73.545006 135.693985
v 1.360460 -62.503757 115.787590
v 4.106954 -19.493233 103.899353
v -24.484184 -11.045324 101.634163
v -24.743795 -9.701751 99.212715
v -27.286098 -11.072202 102.935837
v -26.598154 -16.692326 99.749168
v -24.755247 -15.699093 103.904358
v -28.819180 -17.351383 106.312584
v -15.130895 -10.389018 89.243935
v -18.308661 -12.350996 93.152657
v -16.421461 -12.131111 88.412346
v -21.261580 -11.136076 83.991287
v -17.727415 -10.549253 82.645981
v -17.118944 -12.309387 84.317680
v -26.319508 -13.775092 94.954506
v -29.498892 -12.966896 99.868950
v -24.816298 -10.239347 91.886307
v -31.651142 -12.948815 104.907684
v -27.691614 -11.017158 99.946167
v -31.815369 -13.789280 102.687393
v -33.386410 -18.916613 116.380554
v -33.943676 -20.629576 121.882111
v -33.977325 -17.430445 120.293037
v -30.895931 -14.472758 114.907463
v -27.765575 -13.218995 110.739105
v -29.758745 -12.485250 110.912895
v -33.594337 -14.042825 110.884033
v -38.482170 -15.328679 115.811577
v -35.940048 -16.282488 112.486481
v -30.222593 -17.383476 104.990883
v -29.385149 -15.414479 115.105621
v -28.196306 -17.802832 113.818153
v -26.639866 -14.854393 111.335663
v -33.349983 -18.683380 122.664055
v -30.912268 -21.426222 115.981911
v -29.004858 -19.533428 113.433571
v -30.288748 -21.694784 120.581795
v -29.409636 -18.833876 111.364670
v -32.206459 -19.749487 114.056892
v -31.383512 -17.555414 109.181061
v -31.089645 -15.289357 119.918625
v -32.430397 -14.314859 123.023773
v -31.161379 -14.943253 123.139572
v -30.702965 -17.170080 121.933784
v -38.999794 -20.955078 128.666931
v -29.664248 -19.210409 120.313217
v -31.161379 -14.943253 123.139572
v -31.089645 -15.289357 119.918625
v -33.240551 -15.094105 130.740631
v -34.316612 -14.778350 124.582329
v -34.274376 -15.970932 127.077881
v -35.346291 -20.789581 129.541336
v -38.410961 -21.693527 132.719315
v -36.870110 -22.014462 129.967392
v -33.408752 -22.455788 122.464638
v -35.189678 -22.817766 126.174446
v -32.735054 -17.397186 128.193100
v -31.329409 -18.029984 123.262138
v -31.711584 -17.255507 126.721275
v -32.167610 -19.990040 126.055061
v -32.777462 -18.694174 123.475960
v -37.115978 -19.669321 129.107513
v -33.628780 -19.680336 115.974411
v -33.007725 -21.495466 118.575172
v -34.156757 -20.789854 120.499825
v -31.344727 -29.618967 137.975601
v -31.336229 -26.227512 132.303284
v -32.004383 -28.664936 136.323334
v -31.751657 -22.197081 120.379372
v -31.119947 -24.079775 124.979004
v -33.112827 -23.935617 125.992622
v -32.963886 -16.573231 113.000000
v -33.939289 -15.798091 116.052025
v -32.827686 -14.092987 111.691170
v -32.545952 -14.743992 115.561005
v -32.827686 -14.092987 111.691170
v -30.491022 -27.696968 132.240082
v -31.336229 -26.227512 132.303284
v -31.344727 -29.618967 137.975601
v -32.475864 -26.623930 128.331619
v -25.904541 -9.419269 95.773819
v -16.105268 -8.094426 83.139885
v -19.366385 -6.836091 83.091957
v -16.236322 -6.508080 84.902069
v -23.969213 -10.056039 88.165794
v -22.462343 -12.824309 87.925552
v -23.445772 -7.248325 92.590034
v -24.483856 -8.346046 91.812431
v -30.577959 -19.321152 123.492653
v -32.777462 -18.694174 123.475960
v -35.328472 -13.499990 105.870575
v -33.580452 -17.735552 108.200394
v -38.954323 -16.690147 113.392128
v -31.433382 -33.404964 139.793915
v -30.555971 -30.244495 135.694702
v -32.371944 -33.087372 141.113113
v -31.257906 -16.445175 103.361687
v -37.865612 -15.324741 108.668770
v -34.649857 -16.080338 104.942802
v -38.176548 -16.773968 110.023178
v -33.112827 -23.935617 125.992622
v -32.475864 -26.623930 128.331619
v -32.902607 -29.625273 134.979156
v -37.450600 -21.771477 128.200180
v -20.193535 -13.103983 86.312241
v -29.213566 -15.135799 99.835930
v -26.319508 -13.775092 94.954506
v -26.792915 -15.914644 97.865501
v -38.268757 -19.985344 129.097717
v -40.444885 -21.750961 132.230194
v -36.870110 -22.014462 129.967392
v -38.410961 -21.693527 132.719315
v -45.249775 -21.800465 134.534149
v -44.460079 -20.869310 133.812927
v -41.666828 -21.056374 131.666458
v -31.383512 -17.555414 109.181061
v -33.105114 -16.296341 110.881287
v -31.997705 -18.058859 112.084236
v -31.383512 -17.555414 109.181061
v -32.206459 -19.749487 114.056892
v -37.085648 -19.998678 130.228470
v -50.119488 -22.317818 136.211151
v -47.374725 -20.082764 136.632233
v -14.321037 -8.272439 86.440521
v -15.773373 -11.395385 85.287697
v -15.751299 -9.845610 83.415779
v -37.057121 -13.401746 110.610176
v -42.369202 -13.031615 115.210770
v -41.192184 -12.436373 116.358078
v -42.457108 -15.528910 116.501793
v -42.961639 -14.429852 115.558983
v -46.721127 -22.606712 135.889847
v -51.550529 -24.287834 137.254150
v -45.700619 -21.251165 140.207275
v -44.956802 -20.281950 140.609131
v -50.151577 -20.017586 145.502197
v -26.987129 -17.335075 111.158463
v -26.539322 -16.536823 107.919159
v -26.284599 -13.748497 107.460442
v -46.210083 -12.496646 121.901070
v -49.481480 -9.304815 124.956055
v -47.737823 -12.026798 122.552277
v -40.902374 -12.924262 118.088074
v -36.398350 -14.346860 113.580025
v -36.300556 -13.437206 112.364311
v -47.431038 -20.187132 138.056335
v -51.474037 -22.383570 138.731461
v -50.369629 -22.697901 138.962296
v -53.938862 -24.862263 138.884018
v -51.857059 -24.595806 137.956100
v -40.610733 -14.127358 118.649376
v -45.050102 -11.480582 121.328735
v -44.063068 -13.382398 120.487007
v -41.653839 -15.433909 118.431641
v -29.392879 -22.490078 125.656136
v -30.015739 -23.494148 125.081207
v -31.458590 -27.039854 128.719498
v -49.552467 -19.261244 145.364090
v -44.654518 -19.474934 138.293198
v -47.684246 -19.481522 139.544281
v -48.367229 -20.541870 140.900482
v -34.697662 -16.852909 124.264862
v -33.807598 -14.382227 123.027039
v -34.693138 -16.279766 120.774429
v -33.245106 -15.318815 119.760139
v -47.431038 -20.187132 138.056335
v -51.474037 -22.383570 138.731461
v -51.799477 -18.694378 145.269577
v -48.367229 -20.541870 140.900482
v -52.753517 -19.275656 147.205887
v -45.250858 -12.166637 117.225945
v -44.773277 -11.019896 118.546349
v -19.135109 -7.739790 93.849152
v -21.056086 -6.690697 93.729034
v -22.773035 -9.890431 99.292915
v -19.324940 -10.362480 96.194878
v -21.007215 -11.342089 98.268204
v -42.961639 -14.429852 115.558983
v -34.697662 -16.852909 124.264862
v -27.768606 -11.974658 106.423424
v -32.090855 -12.218898 106.583771
v -29.480927 -11.685748 104.966087
v -21.953505 -13.983929 90.112442
v -20.193535 -13.103983 86.312241
v -17.722437 -13.164442 86.002647
v -20.660591 -13.848110 94.278076
v -29.967924 -21.578247 126.899437
v -51.978477 -8.712911 126.126320
v -50.417015 -9.458869 123.289223
v -48.607689 -11.623366 121.519539
v -54.588654 -6.313693 130.776535
v -52.560814 -6.863240 129.033768
v -52.841267 -6.928504 127.527771
v -22.193499 -12.229573 100.660133
v -22.713083 -14.563172 98.968353
v -35.189678 -22.817766 126.174446
v -34.603016 -22.277613 127.692307
v -31.263252 -16.578114 126.122681
v -31.376829 -15.200825 126.421898
v -32.908768 -14.589556 126.509125
v -30.094425 -13.999437 135.264404
v -40.280853 -21.300320 134.299057
v -42.470776 -22.054352 134.746613
v -44.361973 -22.207165 138.901657
v -47.344532 -20.822287 138.579269
v -44.464699 -22.312313 137.217392
v -33.594337 -14.042825 110.884033
v -31.781149 -11.904166 108.671867
v -33.978367 -13.138292 109.157280
v -31.769657 -16.903646 133.423447
v -31.376829 -15.200825 126.421898
v -29.201937 -14.753916 137.080338
v -31.426834 -23.854628 130.444427
v -32.238117 -21.510727 126.717255
v -32.238117 -21.510727 126.717255
v -33.262596 -23.014431 127.194847
v -31.426834 -23.854628 130.444427
v -52.601376 -24.183411 137.320847
v -53.316608 -23.795710 138.207291
v -32.121780 -15.767367 135.372421
v -33.696606 -17.361681 127.289413
v -31.557865 -14.283487 135.051361
v -31.257906 -16.445175 103.361687
v -33.260220 -17.508547 106.327103
v -33.848476 -14.905662 103.678123
v -29.332792 -14.597228 144.614761
v -30.351219 -13.630323 138.489197
v -31.465364 -14.212036 137.905014
v -29.145056 -15.470461 139.392502
v -56.634212 -25.854534 137.764908
v -57.777016 -27.961054 138.750595
v -51.550529 -24.287834 137.254150
v -31.787510 -14.853419 102.710747
v -31.257906 -16.445175 103.361687
v -29.213566 -15.135799 99.835930
v -26.284599 -13.748497 107.460442
v -34.274376 -15.970932 127.077881
v -34.697662 -16.852909 124.264862
v -29.151653 -11.747561 108.254707
v -28.131142 -14.020108 148.347687
v -27.840433 -13.908649 146.030365
v -29.186365 -13.770726 144.021378
v -30.094425 -13.999437 135.264404
v -30.230156 -16.038290 136.393478
v -27.533770 -15.018547 148.602722
v -18.706995 -9.206712 82.060898
v -22.559687 -7.816498 83.406219
v -28.926743 -14.606400 149.205765
v -28.534889 -15.163568 146.108978
v -27.533770 -15.018547 148.602722
v -27.834791 -15.925386 154.221359
v -39.235264 -20.255192 133.388977
v -42.810043 -21.092325 138.461655
v -40.280853 -21.300320 134.299057
v -44.654518 -19.474934 138.293198
v -49.552467 -19.261244 145.364090
v -27.326927 -14.324460 151.228256
v -27.242561 -15.585508 153.066299
v -28.451851 -15.486666 151.829956
v -28.926743 -14.606400 149.205765
v -29.332792 -14.597228 144.614761
v -32.090527 -33.368568 138.201859
v -32.659794 -33.791794 140.393280
v -32.090527 -33.368568 138.201859
v -37.120495 -14.273821 108.718513
v -37.865612 -15.324741 108.668770
v -28.819180 -17.351383 106.312584
v -32.371944 -33.087372 141.113113
v -32.659794 -33.791794 140.393280
v -31.230543 -34.635147 141.027756
v -23.802132 -10.644921 85.711899
v -29.385149 -15.414479 115.105621
v -57.496407 -27.518997 139.608795
v -57.626186 -26.281649 138.867523
v -45.050102 -11.480582 121.328735
v -43.756535 -11.168340 119.588951
v -14.321037 -8.272439 86.440521
v -19.370399 -5.064052 87.428581
v -18.671202 -5.572304 91.082603
v -22.015982 -5.542705 90.302017
v -19.606688 -5.163448 84.638565
v -21.705549 -6.300189 83.281425
v -41.449329 -19.782736 135.584442
v -46.666214 -12.423859 119.095413
v -59.468788 -27.748531 138.678848
v -62.701569 -28.259480 139.540298
v -60.473152 -27.250589 139.895950
v -57.777016 -27.961054 138.750595
v -56.958317 -27.242039 137.978348
v -24.106342 -13.222019 91.706192
v -24.106342 -13.222019 91.706192
v -22.462343 -12.824309 87.925552
v -52.790882 -17.546684 148.370453
v -22.773035 -9.890431 99.292915
v -23.605347 -7.981768 96.213928
v -46.666214 -12.423859 119.095413
v -33.939289 -15.798091 116.052025
v -46.319328 -10.135826 121.854286
v -58.414894 -27.196505 139.810608
v -63.270226 -27.905880 141.951630
v -63.483429 -28.753242 142.004913
v -63.092308 -29.355143 140.632507
v -63.996651 -28.108671 141.089935
v -63.092308 -29.355143 140.632507
v -62.701721 -27.254232 140.796143
v -42.470776 -22.054352 134.746613
v -29.940435 -15.283367 142.490143
v -31.465364 -14.212036 137.905014
v -46.319328 -10.135826 121.854286
v -47.913746 -9.662149 120.683228
v -28.994474 -14.166422 138.803528
v -48.607689 -11.623366 121.519539
v -50.620708 -9.385716 125.402252
v -51.978477 -8.712911 126.126320
v -51.323280 -7.631670 126.521446
v -52.271000 -7.764412 128.135681
v -32.777462 -18.694174 123.475960
v -16.236322 -6.508080 84.902069
v -19.606688 -5.163448 84.638565
v -32.830032 -27.221151 132.572220
v -33.007725 -21.495466 118.575172
v -46.513794 -11.844001 118.635414
v -42.464863 -20.040920 133.248245
v -43.111992 -19.111914 136.642746
v -23.161350 -15.347576 95.443802
v -32.695850 -30.696531 138.084442
v -41.449329 -19.782736 135.584442
v -37.115978 -19.669321 129.107513
v -28.549116 -15.096162 154.024200
v -47.344532 -20.822287 138.579269
v -31.773289 -30.815395 134.837952
v -31.773289 -30.815395 134.837952
v -32.167610 -19.990040 126.055061
v -49.940662 -19.270794 142.889725
v -52.753517 -19.275656 147.205887
v -51.393879 -18.670490 148.851944
v -52.510643 -19.150375 148.834305
v -28.379011 -14.800901 141.677307
v -28.994474 -14.166422 138.803528
v -32.795330 -35.434330 143.451202
v -33.475670 -37.837929 146.335876
v -32.254166 -35.692532 142.488831
v -53.316608 -23.795710 138.207291
v -57.626186 -26.281649 138.867523
v -60.473152 -27.250589 139.895950
v -62.701721 -27.254232 140.796143
v -33.408752 -22.455788 122.464638
v -28.769968 -15.547780 143.543015
v -49.435028 -8.771051 124.020042
v -50.716705 -17.855236 146.985596
v -52.790882 -17.546684 148.370453
v -63.996651 -28.108671 141.089935
v -33.408752 -22.455788 122.464638
v -35.189678 -22.817766 126.174446
v -24.006809 -7.646617 88.872231
v -31.300049 -34.858932 142.656616
v -32.469475 -36.608784 146.476608
v -33.262238 -36.694221 147.253403
v -31.975382 -34.583679 143.190018
v -31.413366 -15.406769 136.191422
v -31.413366 -15.406769 136.191422
v -46.613182 -22.014767 137.581985
v -17.603407 -10.463191 92.885780
v -14.440045 -9.133475 88.171349
v -31.975382 -34.583679 143.190018
v -33.262238 -36.694221 147.253403
v -34.255627 -37.189671 147.382538
v -32.254166 -35.692532 142.488831
v -33.475670 -37.837929 146.335876
v -36.300556 -13.437206 112.364311
v -49.435028 -8.771051 124.020042
v -50.716705 -17.855236 146.985596
v -22.559687 -7.816498 83.406219
v -23.802132 -10.644921 85.711899
v -14.440045 -9.133475 88.171349
v -33.217323 -37.892517 147.525436
v -34.255627 -37.189671 147.382538
v -33.105114 -16.296341 110.881287
v -43.756535 -11.168340 119.588951
v -51.393879 -18.670490 148.851944
v -53.725689 -7.737667 128.829819
v -54.588654 -6.313693 130.776535
v -53.725689 -7.737667 128.829819
v -53.236183 -7.233094 130.274857
v -52.560814 -6.863240 129.033768
v -43.111992 -19.111914 136.642746
v -41.192184 -12.436373 116.358078
v -28.098223 -14.322791 151.709641
v -33.240551 -15.094105 130.740631
v -32.121780 -15.767367 135.372421
v -52.943642 -7.825138 126.780487
v -50.988060 -8.063785 124.574615
v -50.777515 -24.215733 138.407822
v -46.721127 -22.606712 135.889847
v -34.693138 -16.279766 120.774429
v -19.135109 -7.739790 93.849152
v -14.440045 -9.133475 88.171349
v -32.303577 -29.258644 132.620056
v -32.303577 -29.258644 132.620056
v -28.549116 -15.096162 154.024200
v -24.485754 -14.908469 94.807846
v -32.238117 -21.510727 126.717255
v -27.765575 -13.218995 110.739105
v -30.222593 -17.383476 104.990883
v -51.323280 -7.631670 126.521446
v -22.462343 -12.824309 87.925552
v -16.421461 -12.131111 88.412346
v -17.722437 -13.164442 86.002647
v -21.705549 -6.300189 83.281425
v -63.270226 -27.905880 141.951630
v -29.397444 -13.483671 140.034607
v -27.840433 -13.908649 146.030365
v -28.451851 -15.486666 151.829956
v -34.649857 -16.080338 104.942802
v -33.594337 -14.042825 110.884033
v -27.834791 -15.925386 154.221359
v -27.242561 -15.585508 153.066299
v -34.603016 -22.277613 127.692307
v -15.130895 -10.389018 89.243935
v 17.067343 0.391241 166.187256
v 15.983200 1.208921 164.104233
v 16.560123 2.280736 168.137100
v 12.494783 -1.837199 168.641602
v 16.407038 -2.122657 170.025436
v 15.318131 -0.333519 173.978943
v 13.917014 -6.146036 154.342361
v 14.062188 -5.012339 159.038300
v 12.048021 -6.438446 155.197250
v 7.398051 -3.014595 153.858780
v 8.458912 -5.037756 151.312057
v 9.057406 -6.390187 152.990829
v 10.829617 -0.573523 164.073486
v 12.780410 2.331074 168.030991
v 11.092860 0.400857 159.795303
v 14.959013 4.095891 172.047623
v 14.503660 2.362365 166.393021
v 13.123654 3.527793 171.133926
v 18.868820 2.383976 182.903702
v 21.358566 2.089290 187.431198
v 21.690987 3.957686 184.862656
v 20.988249 3.390627 178.784302
v 20.357368 1.834946 174.294678
v 19.839544 3.586502 174.836411
v 17.358301 5.111169 177.120407
v 17.628405 7.838577 182.804626
v 16.320423 5.370994 180.172348
v 13.809190 0.459902 173.724533
v 21.426203 1.850354 178.771805
v 20.162548 -0.474787 178.670258
v 20.572651 0.147234 175.029587
v 22.954596 2.954044 186.722305
v 18.720217 -0.783204 182.907608
v 18.807621 -1.039913 179.607925
v 21.806362 -1.021225 185.682205
v 17.605698 -0.497727 178.123169
v 17.603790 0.943549 181.384689
v 15.837749 1.406094 176.906204
v 23.718092 3.374921 182.414856
v 25.461088 5.062223 184.419067
v 25.865702 3.864467 184.296234
v 24.378271 2.116702 184.457672
v 23.128899 5.647338 193.874390
v 22.980629 0.078074 184.034485
v 25.865702 3.864467 184.296234
v 23.718092 3.374921 182.414856
v 29.626209 5.662263 189.977478
v 25.362450 6.110182 186.380875
v 26.454964 5.530975 188.522491
v 25.470268 3.447974 192.883423
v 25.654182 5.104516 196.551346
v 24.504766 3.713642 194.365753
v 21.206364 0.665818 188.487595
v 22.559380 1.862179 191.708984
v 27.280951 3.741067 189.314697
v 24.559332 2.090240 185.968109
v 26.892448 3.060230 187.911087
v 25.101088 1.631582 189.027939
v 23.732380 2.635291 187.009293
v 24.837072 5.248254 192.762833
v 18.175354 2.043587 183.123245
v 19.343519 0.715947 185.408035
v 20.317207 2.029763 186.726959
v 28.949791 -3.946873 200.956161
v 26.803446 -2.280756 195.709671
v 27.998747 -3.053960 199.709015
v 20.777857 -0.397200 186.387619
v 23.185411 -1.629766 189.957703
v 22.949137 -0.179491 191.318893
v 17.922249 3.304317 179.450821
v 19.719307 4.629282 181.374481
v 18.207769 4.642361 177.346390
v 20.510193 4.338701 179.987946
v 18.207769 4.642361 177.346390
v 26.540047 -3.732631 196.059830
v 26.803446 -2.280756 195.709671
v 28.949791 -3.946873 200.956161
v 23.590305 -2.071329 193.865021
v 13.383707 1.886286 162.266785
v 10.571830 -4.547268 149.759842
v 9.539103 -1.669862 150.408798
v 12.294096 -3.363892 150.134369
v 9.218192 -0.301655 157.028427
v 8.605236 -2.990253 157.646042
v 13.446611 1.397782 158.210007
v 12.002888 1.340815 158.679077
v 24.512760 0.829350 186.452042
v 23.732380 2.635291 187.009293
v 13.604242 6.206086 174.393539
v 14.108352 2.646590 177.256165
v 15.302114 7.136097 182.146576
v 28.456600 -6.079367 204.008057
v 27.615366 -5.004091 199.517563
v 28.982758 -5.182936 205.054535
v 12.689335 1.587848 172.649643
v 13.407177 6.929799 178.067963
v 12.246640 4.119153 174.816757
v 13.504045 6.339929 179.760498
v 22.949137 -0.179491 191.318893
v 23.590305 -2.071329 193.865021
v 26.320932 -3.157845 199.698227
v 23.217791 4.111328 193.366699
v 8.535158 -4.745097 155.864914
v 11.977000 0.814899 168.969833
v 10.829617 -0.573523 164.073486
v 11.541731 -1.369707 167.150742
v 24.154928 5.799624 193.373291
v 24.363922 6.350009 197.084381
v 24.504766 3.713642 194.365753
v 25.654182 5.104516 196.551346
v 23.538006 9.593281 200.474869
v 23.847467 9.601349 199.245529
v 23.726423 7.525749 196.874161
v 15.837749 1.406094 176.906204
v 16.634193 3.413405 178.038757
v 17.170259 1.703121 179.224945
v 15.837749 1.406094 176.906204
v 17.603790 0.943549 181.384689
v 25.420376 5.107188 193.618149
v 22.087717 12.546798 203.728821
v 24.589907 12.171137 201.791458
v 13.421460 -5.573867 151.209793
v 10.689713 -6.630931 152.610840
v 10.172465 -5.829690 150.658646
v 15.827036 7.724542 178.013412
v 16.390940 11.717828 182.841904
v 17.921223 11.403488 182.798386
v 16.109678 10.336817 184.924301
v 15.741179 11.269146 183.989288
v 23.361506 10.148250 202.313232
v 21.240692 12.340036 205.930588
v 27.142483 10.628495 203.947998
v 28.156031 10.770122 203.423874
v 28.915207 14.643683 208.441681
v 19.248728 -1.161125 176.284668
v 17.750172 -1.193951 173.675217
v 18.758806 0.317203 171.905197
v 19.037025 15.010287 188.314667
v 20.777237 19.301857 189.960632
v 18.928282 16.333261 189.101227
v 18.944389 11.041088 184.011292
v 17.613903 6.932171 180.084473
v 17.276304 7.339194 178.831238
v 25.419079 12.245749 202.760498
v 23.015003 13.563555 205.885895
v 23.547594 12.673014 205.745636
v 20.903971 13.649950 208.192581
v 21.409800 12.399941 206.646500
v 18.927704 10.155355 184.843063
v 19.650667 14.841524 186.989029
v 18.779346 12.977086 187.007339
v 17.747086 10.013814 185.769333
v 25.097773 -1.724209 188.906921
v 24.017056 -1.977860 189.291260
v 24.138193 -2.956500 193.908508
v 29.429531 14.709731 207.741379
v 27.176113 10.903038 201.448425
v 26.538324 12.948717 203.447388
v 26.625648 12.837985 205.097092
v 24.105679 5.062513 187.360291
v 24.786711 5.912103 185.004257
v 22.144743 5.160483 184.881409
v 22.591370 4.739901 183.190323
v 25.419079 12.245749 202.760498
v 23.015003 13.563555 205.885895
v 28.552221 16.503986 208.298447
v 26.625648 12.837985 205.097092
v 29.081049 16.903814 210.183807
v 16.673992 14.256665 184.830521
v 18.217667 14.745206 184.902039
v 16.062548 -1.601736 157.523621
v 15.526299 0.275298 157.695770
v 16.881346 -0.175876 163.461258
v 16.346714 -2.918011 160.371552
v 16.451113 -2.281367 162.830887
v 15.741179 11.269146 183.989288
v 24.105679 5.062513 187.360291
v 18.155176 2.289955 170.968002
v 16.119650 4.947901 172.915146
v 16.550880 3.470211 170.592789
v 9.736200 -3.873250 159.391098
v 8.535158 -4.745097 155.864914
v 9.476633 -6.402947 154.713791
v 13.033860 -4.327631 161.425446
v 25.998194 -0.704207 189.466492
v 20.592009 21.363895 191.399902
v 19.218811 19.693102 189.362915
v 18.037039 17.069160 188.599838
v 23.316174 24.856377 194.176651
v 22.936857 23.082739 192.543945
v 21.825796 23.116152 191.741837
v 17.029108 -1.886275 165.246826
v 14.729337 -3.101654 165.546127
v 22.559380 1.862179 191.708984
v 24.022739 1.922565 192.161270
v 27.011513 3.142406 187.020676
v 27.729303 4.081421 186.572372
v 27.322027 5.453331 186.936203
v 34.427376 4.622335 191.022461
v 25.938736 6.668464 198.095932
v 24.872433 7.655148 199.624634
v 26.543293 9.082970 203.066315
v 25.521704 11.838038 203.368958
v 25.386358 8.964176 202.100967
v 17.358301 5.111169 177.120407
v 17.717709 5.090206 173.947906
v 16.468960 5.790096 175.740921
v 31.248434 3.794163 191.971802
v 27.729303 4.081421 186.572372
v 35.675716 3.712835 192.180740
v 26.589365 -0.901236 193.403275
v 24.843513 0.792729 190.224869
v 24.843513 0.792729 190.224869
v 24.027641 0.568184 191.678238
v 26.589365 -0.901236 193.403275
v 20.832548 13.088625 206.340332
v 21.219990 13.852508 206.991013
v 32.794460 4.858123 192.774719
v 26.272591 4.320051 189.113113
v 33.484161 5.379693 191.613388
v 12.689335 1.587848 172.649643
v 13.171387 2.444181 175.838776
v 12.321161 4.229925 173.120697
v 40.440800 4.433934 196.890091
v 36.500069 5.245975 192.968750
v 35.360886 5.568326 193.334351
v 36.860470 3.402742 193.965652
v 18.509317 14.705223 209.056458
v 17.703989 14.224226 211.174698
v 21.240692 12.340036 205.930588
v 12.701711 2.859283 171.664169
v 12.689335 1.587848 172.649643
v 11.977000 0.814899 168.969833
v 18.758806 0.317203 171.905197
v 26.454964 5.530975 188.522491
v 24.105679 5.062513 187.360291
v 18.757498 3.455199 172.558517
v 43.608654 4.278008 198.470520
v 42.328411 3.992040 196.843079
v 40.484135 4.803172 196.049667
v 34.427376 4.622335 191.022461
v 34.215069 3.541604 192.795273
v 43.628819 3.297955 198.886475
v 8.195844 -3.623232 150.670959
v 7.820816 -0.182373 152.366333
v 43.528660 4.494931 199.617538
v 41.520897 3.677849 197.790848
v 43.628819 3.297955 198.886475
v 46.653843 3.339935 202.986267
v 26.297440 6.567294 196.589340
v 27.466696 8.730677 201.618469
v 25.938736 6.668464 198.095932
v 27.176113 10.903038 201.448425
v 29.429531 14.709731 207.741379
v 45.678391 3.777841 200.110260
v 46.346359 3.082260 201.855774
v 45.038033 3.836464 201.512695
v 43.528660 4.494931 199.617538
v 40.440800 4.433934 196.890091
v 27.156906 -5.746138 203.251938
v 28.094761 -5.480062 205.065765
v 27.156906 -5.746138 203.251938
v 14.233402 7.095402 177.281616
v 13.407177 6.929799 178.067963
v 15.318131 -0.333519 173.978943
v 28.982758 -5.182936 205.054535
v 28.094761 -5.480062 205.065765
v 28.811609 -6.876011 205.311310
v 7.497464 -0.946652 155.711151
v 21.426203 1.850354 178.771805
v 18.565104 14.375170 211.383194
v 18.558716 15.164273 210.356766
v 19.650667 14.841524 186.989029
v 19.292030 14.071265 185.224777
v 13.421460 -5.573867 151.209793
v 13.026214 -0.270209 152.258484
v 15.449041 -0.771926 154.527115
v 13.394658 1.354014 155.357224
v 11.110244 -0.378385 150.648758
v 8.784774 0.185400 151.196442
v 26.842583 8.446625 198.619019
v 17.080513 15.148732 186.697647
v 16.952524 15.443763 211.699814
v 15.759828 17.283749 213.784622
v 17.459442 16.485966 212.619141
v 17.703989 14.224226 211.174698
v 17.905190 14.079862 210.006714
v 10.052324 -1.899292 160.874954
v 10.052324 -1.899292 160.874954
v 8.605236 -2.990253 157.646042
v 30.530088 18.071125 210.074783
v 16.881346 -0.175876 163.461258
v 15.351164 1.311449 160.914001
v 17.080513 15.148732 186.697647
v 19.719307 4.629282 181.374481
v 19.953979 16.524443 187.160400
v 18.396782 15.181471 211.717056
v 17.165276 18.041285 215.351913
v 16.740446 17.663719 215.889908
v 15.802932 16.943382 215.169250
v 16.193338 18.325132 215.200790
v 15.802932 16.943382 215.169250
v 16.978138 17.989996 214.076309
v 24.872433 7.655148 199.624634
v 38.522488 4.254132 196.137146
v 35.360886 5.568326 193.334351
v 19.953979 16.524443 187.160400
v 18.664137 17.762196 186.826569
v 37.110405 4.062272 192.889999
v 18.037039 17.069160 188.599838
v 20.488958 20.021267 190.735855
v 20.592009 21.363895 191.399902
v 21.606960 21.631021 190.851486
v 22.124859 22.278549 192.309906
v 23.732380 2.635291 187.009293
v 12.294096 -3.363892 150.134369
v 11.110244 -0.378385 150.648758
v 25.850540 -1.904058 196.966812
v 19.343519 0.715947 185.408035
v 17.106691 15.372504 186.060730
v 24.779587 8.777792 197.684143
v 27.012524 10.009253 199.615799
v 11.959980 -3.545193 163.898483
v 27.927372 -3.725393 202.097275
v 26.842583 8.446625 198.619019
v 24.837072 5.248254 192.762833
v 46.543705 4.296096 202.737122
v 25.521704 11.838038 203.368958
v 26.259987 -4.627921 199.747696
v 26.259987 -4.627921 199.747696
v 25.101088 1.631582 189.027939
v 27.679487 14.777529 206.346161
v 29.081049 16.903814 210.183807
v 31.016565 16.513189 210.375885
v 30.277140 16.940275 211.048141
v 38.947502 3.481402 194.764221
v 37.110405 4.062272 192.889999
v 29.268759 -6.179684 207.854446
v 29.755274 -7.005710 211.128448
v 28.806183 -6.757040 207.161438
v 21.219990 13.852508 206.991013
v 18.558716 15.164273 210.356766
v 17.459442 16.485966 212.619141
v 16.978138 17.989996 214.076309
v 21.206364 0.665818 188.487595
v 39.626652 3.410409 196.462387
v 20.433317 19.531790 189.089706
v 30.500576 16.440880 208.529221
v 30.530088 18.071125 210.074783
v 16.193338 18.325132 215.200790
v 21.206364 0.665818 188.487595
v 22.559380 1.862179 191.708984
v 10.665299 1.249964 156.294830
v 29.713463 -6.851361 206.473404
v 30.837151 -6.893253 210.206833
v 30.918840 -6.377047 211.053741
v 29.849085 -6.207530 206.941956
v 33.797653 4.679578 192.828094
v 33.797653 4.679578 192.828094
v 24.731640 10.562567 203.040512
v 15.023356 -4.330770 157.654694
v 14.095087 -5.900424 152.771118
v 29.849085 -6.207530 206.941956
v 30.918840 -6.377047 211.053741
v 30.323622 -6.028784 211.776688
v 28.806183 -6.757040 207.161438
v 29.755274 -7.005710 211.128448
v 17.276304 7.339194 178.831238
v 20.433317 19.531790 189.089706
v 30.500576 16.440880 208.529221
v 7.820816 -0.182373 152.366333
v 7.497464 -0.946652 155.711151
v 14.095087 -5.900424 152.771118
v 30.605335 -7.120971 211.799850
v 30.323622 -6.028784 211.776688
v 16.634193 3.413405 178.038757
v 19.292030 14.071265 185.224777
v 31.016565 16.513189 210.375885
v 21.890312 23.285791 193.313614
v 23.316174 24.856377 194.176651
v 21.890312 23.285791 193.313614
v 23.246908 23.382000 193.776520
v 22.936857 23.082739 192.543945
v 27.012524 10.009253 199.615799
v 17.921223 11.403488 182.798386
v 45.620354 4.312354 200.719864
v 29.626209 5.662263 189.977478
v 32.794460 4.858123 192.774719
v 20.926479 22.579271 191.756897
v 20.351978 21.009701 189.708130
v 22.363781 11.966900 206.311279
v 23.361506 10.148250 202.313232
v 22.144743 5.160483 184.881409
v 16.062548 -1.601736 157.523621
v 14.095087 -5.900424 152.771118
v 25.267212 -3.489887 197.795151
v 25.267212 -3.489887 197.795151
v 46.543705 4.296096 202.737122
v 11.120649 -2.464921 163.810226
v 24.843513 0.792729 190.224869
v 20.357368 1.834946 174.294678
v 13.809190 0.459902 173.724533
v 21.606960 21.631021 190.851486
v 8.605236 -2.990253 157.646042
v 12.048021 -6.438446 155.197250
v 9.476633 -6.402947 154.713791
v 8.784774 0.185400 151.196442
v 17.165276 18.041285 215.351913
v 37.987225 4.829686 193.486557
v 42.328411 3.992040 196.843079
v 45.038033 3.836464 201.512695
v 12.246640 4.119153 174.816757
v 17.358301 5.111169 177.120407
v 46.653843 3.339935 202.986267
v 46.346359 3.082260 201.855774
v 24.022739 1.922565 192.161270
v 13.917014 -6.146036 154.342361
v 4.171185 -23.897139 142.077866
v 5.467057 -22.771732 140.061188
v 6.041802 -25.791798 143.328644
v 6.397856 -20.501762 146.515533
v 3.183470 -23.525684 146.900497
v 5.582495 -25.911303 150.255692
v 1.246350 -11.719590 134.202927
v 2.253153 -14.810877 138.193390
v 2.583012 -10.690909 135.632278
v 8.602527 -9.380260 134.253769
v 6.156878 -7.475841 132.338699
v 4.841495 -7.721032 134.310257
v 8.299973 -18.134565 142.110641
v 9.072396 -23.293112 144.218307
v 8.485889 -16.970316 137.580200
v 8.863110 -27.838659 146.769577
v 7.613492 -23.676449 142.184341
v 9.857266 -25.808695 146.612961
v 5.292161 -34.328648 156.742767
v 3.416488 -37.890629 160.507477
v 4.295811 -38.196335 157.236237
v 4.037326 -34.481201 151.854660
v 3.132496 -30.875151 148.356598
v 4.817698 -32.004616 148.322586
v 8.021607 -32.506329 150.563049
v 10.122187 -37.250065 154.835236
v 9.238500 -33.440578 153.646759
v 7.323898 -25.350348 150.104706
v 2.600998 -33.694820 152.331299
v 1.956002 -31.204042 153.486633
v 1.820122 -30.191877 149.662994
v 2.710780 -39.205593 159.065186
v 3.174105 -32.036186 158.031555
v 2.697430 -30.362965 154.964661
v 0.744661 -35.204567 159.944092
v 3.933301 -29.250586 153.657913
v 5.175878 -31.783606 156.199814
v 6.598577 -28.836660 152.222305
v 2.106498 -37.972397 154.590729
v 2.050668 -41.231033 155.371201
v 0.875120 -40.608395 155.616928
v 0.833573 -38.494766 156.855682
v 4.963897 -44.553406 164.775238
v 0.475285 -35.963318 157.627670
v 0.875120 -40.608395 155.616928
v 2.106498 -37.972397 154.590729
v -0.453420 -46.999554 159.318588
v 3.003344 -42.816143 156.855042
v 1.873225 -44.140026 158.831558
v 1.483241 -44.100246 164.069672
v 2.758048 -47.095901 166.864548
v 2.539270 -44.347549 165.635941
v 2.604614 -37.300411 162.114594
v 2.595258 -40.535015 164.352280
v 0.007517 -43.814129 160.069443
v 0.774511 -39.306099 158.257065
v -0.260757 -42.426193 159.103439
v 0.229879 -40.783733 161.208466
v 1.887549 -39.630642 159.256058
v 3.249130 -44.876038 163.416168
v 5.617681 -33.740185 157.271240
v 3.908803 -34.662056 159.658234
v 4.153400 -36.833691 160.138199
v -5.949292 -45.056339 173.740021
v -3.427260 -42.332874 168.659073
v -4.648778 -44.463871 172.454727
v 2.050565 -35.293453 160.645950
v -0.487632 -37.700451 163.889038
v 0.817317 -39.191544 164.679123
v 6.457426 -32.720268 153.343521
v 6.097286 -35.725220 154.175217
v 7.031304 -32.845699 150.735611
v 5.168931 -35.390972 152.756729
v 7.031304 -32.845699 150.735611
v -4.219230 -41.317585 169.634064
v -3.427260 -42.332874 168.659073
v -5.949292 -45.056339 173.740021
v -0.853441 -39.498779 167.677933
v 7.884346 -20.668804 138.738861
v 4.718567 -8.474068 130.101715
v 7.615083 -10.096482 129.864868
v 4.211768 -10.602757 129.532837
v 9.289441 -13.949311 135.720932
v 7.920194 -11.972420 137.530533
v 7.211611 -18.462479 135.048172
v 8.350296 -17.695004 135.903580
v -0.045675 -38.628689 159.226456
v 1.887549 -39.630642 159.256058
v 11.589920 -29.515827 148.537643
v 8.872167 -28.725290 152.530411
v 11.428924 -34.924595 155.106323
v -6.854290 -44.689255 177.618729
v -5.734359 -42.769318 173.141571
v -6.567585 -46.149136 178.122818
v 8.936257 -24.891014 148.936279
v 12.509119 -31.617212 151.807343
v 11.223686 -27.375446 150.124512
v 12.131579 -32.068146 153.626297
v 0.817317 -39.191544 164.679123
v -0.853441 -39.498779 167.677933
v -3.390143 -43.284245 172.933884
v 3.773932 -43.307602 164.871613
v 6.614771 -9.871192 136.541931
v 8.704282 -22.155371 145.923950
v 8.299973 -18.134565 142.110641
v 7.382884 -19.498240 145.165802
v 4.222108 -45.097450 163.963501
v 4.698888 -47.362701 167.227737
v 2.539270 -44.347549 165.635941
v 2.758048 -47.095901 166.864548
v 7.877226 -50.664749 169.404297
v 7.552916 -50.295246 168.146881
v 6.021067 -47.660336 166.735550
v 6.598577 -28.836660 152.222305
v 7.460879 -31.285110 152.299362
v 5.908667 -31.009314 153.958908
v 6.598577 -28.836660 152.222305
v 5.175878 -31.783606 156.199814
v 2.744770 -45.563950 164.130768
v 11.337570 -53.291309 171.731628
v 8.952080 -53.763371 169.364105
v 1.829452 -10.316813 131.125214
v 3.348900 -8.447859 133.606384
v 4.191824 -7.745117 131.569260
v 11.144403 -33.732857 150.795868
v 13.846845 -39.144978 153.676300
v 12.406368 -39.912045 153.349274
v 13.237735 -38.982178 156.278961
v 14.124731 -38.946705 155.119843
v 8.535193 -51.798691 170.985168
v 12.015179 -53.627331 174.137589
v 5.982934 -55.385494 171.343292
v 5.241960 -55.903107 170.517151
v 7.717720 -61.449585 173.572845
v 2.033862 -29.005043 151.727448
v 3.022310 -26.769730 149.654312
v 3.166938 -27.647741 147.103699
v 14.444628 -45.742393 156.889542
v 16.205362 -50.636868 156.305359
v 15.519033 -46.958614 157.147980
v 11.420817 -40.903744 154.374069
v 9.307393 -35.331959 152.603317
v 9.777127 -34.802731 151.339249
v 8.412499 -54.815945 170.036530
v 11.466673 -55.620800 173.139511
v 10.405200 -55.287121 173.213608
v 13.362496 -55.378918 175.868134
v 11.972182 -54.116856 174.751053
v 10.865616 -40.669838 155.519440
v 13.747245 -45.404816 155.528549
v 13.124122 -43.547775 156.512070
v 11.766904 -40.231716 156.773453
v -2.145318 -38.397152 162.413528
v -1.439660 -37.691921 163.168457
v -1.910687 -39.265347 167.920944
v 7.307855 -61.503841 172.742004
v 5.978891 -54.421867 168.844360
v 8.066868 -56.362164 170.115448
v 8.032298 -57.118992 171.707748
v 3.328940 -41.724533 158.536346
v 3.226525 -41.652695 155.774994
v 4.785967 -39.337540 156.659836
v 4.018410 -38.543610 155.094269
v 8.412499 -54.815945 170.036530
v 11.466673 -55.620800 173.139511
v 9.309808 -62.433910 172.801926
v 8.032298 -57.118992 171.707748
v 9.301188 -63.945835 174.299988
v 15.550890 -42.027538 154.497421
v 14.674570 -43.414379 153.960739
v 2.968726 -17.778091 134.874054
v 4.731855 -18.808571 134.443436
v 3.731791 -22.098923 139.752838
v 2.008624 -18.391947 138.029617
v 2.543666 -20.059301 140.095016
v 14.124731 -38.946705 155.119843
v 3.328940 -41.724533 158.536346
v 4.975201 -28.178349 145.596298
v 8.602211 -29.600447 146.950974
v 7.057220 -27.766190 145.203583
v 6.517866 -12.924280 139.238327
v 6.614771 -9.871192 136.541931
v 4.617483 -8.798371 135.845108
v 3.716940 -15.733274 140.473938
v -2.101993 -39.959553 162.304947
v 17.907080 -52.622540 156.915665
v 17.678579 -49.602924 155.998596
v 16.712252 -46.647446 156.619110
v 18.399437 -58.141422 157.460175
v 17.336546 -55.893795 156.703094
v 18.187746 -54.809464 156.222641
v 2.528985 -21.849909 142.087418
v 3.518062 -19.636600 143.465424
v 2.595258 -40.535015 164.352280
v 1.506491 -41.751293 164.368286
v -0.358289 -42.142456 158.190781
v -0.296108 -43.054443 157.202408
v 1.021031 -43.909531 157.118591
v -4.929835 -49.924873 159.439651
v 3.742116 -49.094364 167.645447
v 5.390503 -49.797321 168.999359
v 5.307200 -53.504971 171.270981
v 8.084766 -54.886906 170.749237
v 6.076186 -52.208122 170.707077
v 8.021607 -32.506329 150.563049
v 7.504046 -31.235188 147.451935
v 9.112950 -31.743723 149.219284
v -2.924483 -47.708271 161.519913
v -0.296108 -43.054443 157.202408
v -6.484298 -50.659374 160.567276
v -2.441081 -42.063755 165.975983
v -0.075870 -40.595875 162.747787
v -0.075870 -40.595875 162.747787
v 0.513180 -40.587879 164.439209
v -2.441081 -42.063755 165.975983
v 12.896021 -54.071125 174.342834
v 13.172211 -55.161690 174.558960
v -3.346273 -49.839901 161.453339
v 1.203499 -43.458241 159.919296
v -3.605370 -50.108410 159.957169
v 8.936257 -24.891014 148.936279
v 9.376426 -27.302296 151.509811
v 11.126553 -26.703190 148.444748
v -9.437615 -56.506577 163.497543
v -6.002573 -52.635185 160.494995
v -4.845040 -52.282215 161.021225
v -7.522091 -52.062675 162.073395
v 16.068924 -54.943768 176.916702
v 16.514051 -55.077679 179.339752
v 12.015179 -53.627331 174.137589
v 9.756703 -25.317278 147.493927
v 8.936257 -24.891014 148.936279
v 8.704282 -22.155371 145.923950
v 3.166938 -27.647741 147.103699
v 1.873225 -44.140026 158.831558
v 3.328940 -41.724533 158.536346
v 5.428476 -30.130701 146.492783
v -11.955782 -59.223694 164.217957
v -11.252236 -57.418339 163.121826
v -9.268876 -56.395699 162.539886
v -4.929835 -49.924873 159.439651
v -5.402888 -49.869972 161.610779
v -12.635331 -58.752937 164.994324
v 7.320736 -7.982388 131.241913
v 10.164349 -10.920147 131.604858
v -11.660516 -59.861290 165.247116
v -10.767751 -57.115753 164.364441
v -12.635331 -58.752937 164.994324
v -14.727760 -62.698902 168.075974
v 3.282571 -48.550999 166.153595
v 4.225805 -53.186146 169.782883
v 3.742116 -49.094364 167.645447
v 5.978891 -54.421867 168.844360
v 7.307855 -61.503841 172.742004
v -13.840693 -61.008389 165.423859
v -14.742887 -61.786205 167.182190
v -13.194600 -61.288155 166.908493
v -11.660516 -59.861290 165.247116
v -9.437615 -56.506577 163.497543
v -5.638403 -43.710552 177.114639
v -6.071262 -45.364834 178.487762
v -5.638403 -43.710552 177.114639
v 11.915908 -31.904984 150.771957
v 12.509119 -31.617212 151.807343
v 5.582495 -25.911303 150.255692
v -6.567585 -46.149136 178.122818
v -6.071262 -45.364834 178.487762
v -7.609541 -44.983231 179.078995
v 10.110608 -11.751440 135.179306
v 2.600998 -33.694820 152.331299
v 15.950909 -55.846310 179.248840
v 16.442875 -55.906441 177.962128
v 13.747245 -45.404816 155.528549
v 13.367408 -43.804794 154.246063
v 1.829452 -10.316813 131.125214
v 5.960166 -14.228977 130.144852
v 3.836763 -16.540529 131.856262
v 7.026597 -17.055653 132.360672
v 7.295441 -12.137524 129.165649
v 9.578217 -11.258169 130.087646
v 4.315560 -51.167690 167.203094
v 15.985745 -43.791916 155.817261
v 18.008041 -55.676796 179.561554
v 20.397434 -57.150188 181.143692
v 18.404251 -57.165310 179.892319
v 16.514051 -55.077679 179.339752
v 16.172306 -54.560184 178.229675
v 7.762208 -15.199282 139.791702
v 7.762208 -15.199282 139.791702
v 7.920194 -11.972420 137.530533
v 8.966958 -65.656319 173.349686
v 3.731791 -22.098923 139.752838
v 5.823006 -20.926413 137.149689
v 15.985745 -43.791916 155.817261
v 6.097286 -35.725220 154.175217
v 14.706370 -46.851978 154.949036
v 16.676809 -56.452026 179.294983
v 19.923290 -59.336586 181.963623
v 20.030989 -59.048702 182.738358
v 20.217691 -57.593964 182.585495
v 20.885403 -58.823677 181.967865
v 20.217691 -57.593964 182.585495
v 19.948360 -58.577831 180.818237
v 5.390503 -49.797321 168.999359
v -8.092384 -54.767056 163.363617
v -4.845040 -52.282215 161.021225
v 14.706370 -46.851978 154.949036
v 16.582045 -46.705799 154.489090
v -7.328593 -52.178204 160.722198
v 16.712252 -46.647446 156.619110
v 16.995420 -51.311169 156.838333
v 17.907080 -52.622540 156.915665
v 17.251940 -53.216690 156.016632
v 17.397665 -54.692348 157.013382
v 1.887549 -39.630642 159.256058
v 4.211768 -10.602757 129.532837
v 7.295441 -12.137524 129.165649
v -2.318258 -42.559509 169.963745
v 3.908803 -34.662056 159.658234
v 16.079338 -43.664631 155.115326
v 6.124061 -49.601879 166.733551
v 5.352218 -52.832165 167.493118
v 5.291802 -16.733940 142.810120
v -4.902623 -45.075047 175.013733
v 4.315560 -51.167690 167.203094
v 3.249130 -44.876038 163.416168
v -13.982188 -63.172462 167.492035
v 8.084766 -54.886906 170.749237
v -4.376372 -42.247879 173.575363
v -4.376372 -42.247879 173.575363
v 0.229879 -40.783733 161.208466
v 8.650274 -59.744408 171.853668
v 9.301188 -63.945835 174.299988
v 7.501094 -65.037132 174.119141
v 8.436045 -65.163780 174.789536
v -9.069636 -53.864388 162.245468
v -7.328593 -52.178204 160.722198
v -7.306816 -46.963211 181.106476
v -8.052302 -48.250526 184.421188
v -7.394516 -45.932732 180.796768
v 13.172211 -55.161690 174.558960
v 16.442875 -55.906441 177.962128
v 18.404251 -57.165310 179.892319
v 19.948360 -58.577831 180.818237
v 2.604614 -37.300411 162.114594
v -9.542930 -55.060463 163.710083
v 16.581257 -50.160549 155.476944
v 7.733426 -63.779003 172.525726
v 8.966958 -65.656319 173.349686
v 20.885403 -58.823677 181.967865
v 2.604614 -37.300411 162.114594
v 2.595258 -40.535015 164.352280
v 9.185335 -15.631182 134.024826
v -8.228913 -46.139744 179.935593
v -8.895374 -48.605778 183.209442
v -8.537766 -49.415981 183.791702
v -7.849938 -46.895874 180.092697
v -4.265548 -50.400387 161.306198
v -4.265548 -50.400387 161.306198
v 7.789223 -53.328575 171.148987
v 1.876174 -15.264143 136.349869
v 1.170723 -11.267631 132.561401
v -7.849938 -46.895874 180.092697
v -8.537766 -49.415981 183.791702
v -7.769547 -49.606571 184.502838
v -7.394516 -45.932732 180.796768
v -8.052302 -48.250526 184.421188
v 9.777127 -34.802731 151.339249
v 16.581257 -50.160549 155.476944
v 7.733426 -63.779003 172.525726
v 10.164349 -10.920147 131.604858
v 10.110608 -11.751440 135.179306
v 1.170723 -11.267631 132.561401
v -8.762931 -49.045082 184.879044
v -7.769547 -49.606571 184.502838
v 7.460879 -31.285110 152.299362
v 13.367408 -43.804794 154.246063
v 7.501094 -65.037132 174.119141
v 18.363928 -55.709087 157.636520
v 18.399437 -58.141422 157.460175
v 18.363928 -55.709087 157.636520
v 17.385988 -56.885059 157.677124
v 17.336546 -55.893795 156.703094
v 5.352218 -52.832165 167.493118
v 12.406368 -39.912045 153.349274
v -13.375423 -61.627808 165.810120
v -0.453420 -46.999554 159.318588
v -3.346273 -49.839901 161.453339
v 18.524033 -53.853241 156.688538
v 17.731779 -51.423122 155.506912
v 10.885681 -54.285648 174.346817
v 8.535193 -51.798691 170.985168
v 4.785967 -39.337540 156.659836
v 2.968726 -17.778091 134.874054
v 1.170723 -11.267631 132.561401
v -2.917938 -41.466084 171.532623
v -2.917938 -41.466084 171.532623
v -13.982188 -63.172462 167.492035
v 6.715243 -16.890123 142.525650
v -0.075870 -40.595875 162.747787
v 3.132496 -30.875151 148.356598
v 7.323898 -25.350348 150.104706
v 17.251940 -53.216690 156.016632
v 7.920194 -11.972420 137.530533
v 2.583012 -10.690909 135.632278
v 4.617483 -8.798371 135.845108
v 9.578217 -11.258169 130.087646
v 19.923290 -59.336586 181.963623
v -7.442340 -53.567322 160.754501
v -11.252236 -57.418339 163.121826
v -13.194600 -61.288155 166.908493
v 11.223686 -27.375446 150.124512
v 8.021607 -32.506329 150.563049
v -14.727760 -62.698902 168.075974
v -14.742887 -61.786205 167.182190
v 1.506491 -41.751293 164.368286
v 1.246350 -11.719590 134.202927
vn 0.7039 -0.6337 0.3209
vn 0.8402 -0.3563 0.4088
vn 0.7255 -0.5944 0.3468
vn -0.4083 -0.7444 -0.5284
vn 0.3250 -0.9118 -0.2510
vn 0.1052 -0.9494 -0.2960
vn -0.2375 -0.2272 -0.9445
vn 0.0121 -0.5299 -0.8479
vn -0.2260 -0.1934 -0.9547
vn -0.9693 0.1373 -0.2041
vn -0.9995 -0.0130 0.0276
vn -0.9739 -0.2133 -0.0783
vn -0.5293 0.7938 0.2995
vn -0.8508 0.4822 0.2089
vn -0.8396 0.5009 0.2101
vn 0.9874 -0.0938 0.1272
vn 0.9753 0.0662 0.2109
vn 0.9907 -0.0873 0.1043
vn 0.1885 0.9600 0.2070
vn -0.2471 0.9088 0.3363
vn -0.4152 0.8717 0.2603
vn -0.3762 0.9113 0.1674
vn -0.2924 0.9410 -0.1704
vn -0.5112 -0.8301 0.2227
vn -0.6365 -0.7352 0.2331
vn -0.4496 -0.7606 0.4683
vn -0.6279 -0.5571 -0.5435
vn -0.1906 -0.9741 -0.1219
vn 0.2043 -0.1817 -0.9619
vn 0.5360 -0.3435 -0.7712
vn 0.0776 -0.4225 -0.9030
vn -0.5832 0.7473 0.3184
vn -0.6544 -0.6445 -0.3955
vn -0.0043 -0.9978 -0.0659
vn -0.5911 -0.7994 -0.1074
vn -0.1150 -0.8437 0.5244
vn -0.4530 -0.8687 0.2004
vn -0.0134 -0.9753 0.2203
vn 0.7966 0.5918 0.1231
vn 0.8711 0.0687 -0.4863
vn 0.9677 0.2483 -0.0437
vn 0.5719 0.3146 -0.7576
vn 0.5858 0.4594 -0.6677
vn 0.8916 0.1891 -0.4115
vn -0.8745 -0.2908 0.3881
vn -0.8555 -0.1742 0.4876
vn -0.6042 -0.6320 0.4853
vn 0.3857 0.8817 0.2718
vn 0.8098 0.4881 0.3256
vn 0.8166 0.5099 0.2707
vn 0.8734 -0.1785 -0.4532
vn 0.8427 0.0594 -0.5351
vn 0.7389 0.4341 -0.5153
vn 0.8510 0.4142 -0.3228
vn 0.9406 0.1046 -0.3229
vn 0.8044 0.5507 -0.2231
vn 0.1919 -0.9477 -0.2551
vn -0.0005 -0.9821 -0.1885
vn 0.4413 -0.8974 0.0036
vn -0.4140 0.7662 0.4915
vn -0.5670 0.3308 0.7544
vn -0.6581 0.5231 0.5415
vn 0.5001 0.6026 0.6218
vn 0.5276 0.5689 0.6308
vn -0.0469 0.4569 0.8883
vn 0.9626 0.2207 -0.1573
vn 0.7357 0.6184 -0.2764
vn 0.8233 0.2770 -0.4954
vn -0.0755 0.9962 0.0433
vn 0.4066 0.8136 -0.4157
vn 0.4902 0.7634 -0.4206
vn 0.3869 0.8694 -0.3075
vn 0.3323 0.9337 0.1337
vn 0.2742 0.9049 -0.3256
vn 0.9630 -0.2664 0.0411
vn 0.9824 -0.1870 0.0011
vn 0.8653 -0.4994 -0.0435
vn 0.6499 0.3642 -0.6671
vn 0.3883 0.5857 -0.7115
vn 0.5414 0.5085 -0.6696
vn -0.8522 -0.4334 -0.2931
vn -0.9138 -0.2566 -0.3149
vn -0.7228 0.6436 -0.2518
vn -0.9962 0.0346 0.0800
vn -0.9416 -0.0731 -0.3286
vn -0.2834 0.9353 -0.2119
vn 0.1519 0.8052 -0.5732
vn -0.5340 0.8302 0.1600
vn -0.9517 0.1785 0.2499
vn -0.6584 -0.2411 0.7130
vn -0.9174 -0.2717 0.2907
vn 0.9630 -0.2663 0.0411
vn 0.9742 -0.2254 0.0080
vn 0.9824 -0.1869 0.0011
vn -0.9983 -0.0210 0.0539
vn -0.8687 -0.2970 0.3963
vn -0.8981 -0.4015 0.1793
vn -0.3016 0.8366 0.4573
vn 0.0499 0.9594 0.2777
vn -0.2476 0.7780 0.5774
vn 0.3163 -0.7896 0.5258
vn 0.8787 -0.1535 0.4520
vn 0.3471 -0.6828 0.6428
vn 0.5401 -0.8278 0.1515
vn 0.8845 -0.4154 0.2123
vn 0.8117 -0.5676 -0.1375
vn 0.2912 -0.8967 -0.3334
vn 0.0602 -0.9246 -0.3760
vn -0.2418 -0.9149 -0.3231
vn -0.1831 0.9795 -0.0836
vn 0.1486 0.9723 -0.1804
vn -0.6316 0.7683 -0.1039
vn 0.9077 0.0704 -0.4137
vn 0.8348 0.4896 -0.2519
vn 0.8337 0.4890 -0.2564
vn 0.7840 0.6164 0.0737
vn 0.8055 0.5894 0.0610
vn 0.3842 0.8860 -0.2597
vn -0.6944 0.5068 -0.5107
vn -0.1973 0.8673 -0.4569
vn -0.7475 0.5956 -0.2941
vn 0.1628 0.9523 0.2579
vn 0.7067 0.7075 -0.0009
vn 0.5562 0.5948 0.5804
vn -0.7096 0.1908 0.6783
vn -0.5833 0.3554 0.7304
vn -0.6498 -0.6157 0.4458
vn -0.2999 0.7632 0.5724
vn -0.1266 0.5842 0.8017
vn -0.4494 0.7202 0.5286
vn -0.4284 -0.5842 -0.6894
vn -0.3658 -0.3340 -0.8687
vn -0.8012 -0.3775 -0.4642
vn 0.2258 -0.9068 -0.3559
vn -0.3359 -0.9418 0.0103
vn 0.3117 -0.9441 -0.1077
vn 0.5892 -0.5692 0.5735
vn -0.0417 -0.9371 0.3465
vn -0.5823 -0.6832 0.4406
vn -0.7088 -0.5200 0.4767
vn -0.8663 -0.0412 0.4978
vn -0.7676 -0.5123 0.3851
vn -0.6758 0.6130 0.4094
vn 0.3562 -0.4558 0.8157
vn 0.3087 -0.1868 0.9326
vn 0.5036 0.3692 0.7811
vn 0.3749 0.6477 -0.6633
vn 0.3978 0.9175 -0.0055
vn 0.3075 0.8049 -0.5076
vn 0.8255 0.5190 0.2216
vn 0.8367 0.5286 0.1432
vn 0.2061 0.7145 0.6686
vn 0.3760 0.9227 0.0854
vn -0.8833 -0.4481 -0.1376
vn -0.9956 -0.0582 -0.0734
vn 0.3284 -0.8374 0.4370
vn -0.4456 -0.8792 -0.1683
vn -0.2123 -0.9772 0.0018
vn 0.2427 0.6626 0.7086
vn 0.3198 0.5881 0.7428
vn -0.1049 0.6337 0.7665
vn -0.1874 0.7080 -0.6809
vn -0.1722 0.7714 -0.6126
vn -0.1743 0.9845 -0.0178
vn -0.8550 -0.4966 0.1498
vn -0.7884 -0.4549 0.4141
vn -0.9795 -0.1988 -0.0315
vn -0.5658 -0.8181 0.1024
vn -0.3363 -0.9374 0.0899
vn -0.0778 -0.2274 -0.9707
vn -0.3588 -0.2268 -0.9054
vn -0.2335 -0.2575 -0.9376
vn -0.0722 0.0073 -0.9974
vn 0.0596 0.2858 -0.9564
vn 0.9626 0.2208 -0.1573
vn 0.9409 0.3219 0.1050
vn 0.8643 0.0149 -0.5028
vn -0.8966 -0.0657 0.4380
vn -0.6379 -0.6638 -0.3905
vn -0.9272 -0.2931 -0.2333
vn -0.4196 -0.9034 0.0883
vn 0.6161 -0.6132 -0.4944
vn 0.5448 -0.7674 -0.3381
vn 0.4133 -0.8868 -0.2068
vn -0.5231 0.8512 0.0422
vn -0.5897 0.7591 0.2757
vn -0.5835 0.6211 0.5232
vn 0.8621 -0.4799 -0.1630
vn 0.8397 -0.3920 -0.3757
vn 0.7506 -0.4121 -0.5165
vn -0.2654 0.9223 -0.2809
vn -0.2294 0.8946 0.3836
vn 0.1602 0.2930 -0.9426
vn 0.1322 0.2491 -0.9594
vn 0.4140 -0.2883 -0.8634
vn 0.3715 0.7733 0.5138
vn 0.2512 0.8666 0.4312
vn 0.8188 0.2305 0.5258
vn -0.8336 -0.2869 -0.4720
vn -0.9087 0.3077 -0.2822
vn -0.9380 -0.2242 -0.2645
vn -0.5478 -0.8141 0.1930
vn -0.0971 -0.9409 0.3246
vn -0.8517 -0.5082 -0.1280
vn 0.2765 -0.0977 -0.9560
vn 0.6232 -0.6424 -0.4460
vn -0.1841 0.9139 0.3618
vn -0.3051 0.8176 0.4884
vn -0.0519 0.4431 0.8950
vn 0.8606 0.3996 0.3157
vn 0.8520 0.3282 0.4078
vn 0.9370 0.1413 0.3196
vn -0.2227 0.9620 0.1578
vn -0.8532 0.2778 0.4415
vn -0.9766 -0.0666 0.2047
vn -0.9142 0.3927 0.0999
vn -0.3846 -0.9225 -0.0331
vn 0.1120 -0.9884 -0.1030
vn 0.8908 -0.4395 0.1155
vn 0.7054 -0.6303 0.3243
vn 0.4306 -0.8989 0.0808
vn 0.4903 0.7634 -0.4205
vn 0.7067 0.5365 -0.4612
vn 0.6214 0.7821 -0.0458
vn 0.3809 0.8823 -0.2766
vn -0.3491 0.0837 0.9333
vn 0.8353 -0.2538 0.4877
vn -0.1533 -0.5761 0.8029
vn 0.6995 0.6710 -0.2457
vn 0.5774 0.8138 -0.0658
vn -0.0827 0.9929 -0.0852
vn 0.0513 0.3315 -0.9420
vn 0.5768 0.0034 -0.8169
vn 0.8088 -0.0170 -0.5878
vn -0.8862 -0.4341 0.1618
vn -0.7474 -0.5400 0.3871
vn -0.8511 -0.5051 0.1431
vn -0.6740 -0.7223 0.1548
vn -0.8678 -0.4853 0.1068
vn 0.3972 0.7525 0.5254
vn 0.4483 0.8738 0.1885
vn 0.4825 0.8538 0.1954
vn 0.9101 -0.0733 -0.4078
vn 0.9325 0.2307 -0.2778
vn 0.7358 0.6750 -0.0545
vn 0.6617 0.7371 0.1369
vn 0.6438 0.6979 0.3137
vn -0.0942 0.0860 -0.9918
vn 0.1091 -0.0582 -0.9923
vn 0.1603 -0.0846 -0.9834
vn -0.0125 0.9814 0.1914
vn -0.3846 0.8524 0.3543
vn -0.4324 -0.8304 0.3513
vn -0.3367 -0.6872 0.6437
vn -0.7679 -0.4727 0.4322
vn -0.5857 -0.8029 -0.1114
vn -0.8409 -0.5393 0.0460
vn -0.3047 0.7717 -0.5583
vn -0.6354 0.6248 -0.4538
vn -0.1209 0.7131 -0.6905
vn -0.4844 0.8460 0.2230
vn 0.2959 -0.9347 0.1970
vn 0.0162 -0.9634 0.2677
vn 0.6001 -0.7940 0.0971
vn 0.9981 0.0135 -0.0595
vn 0.9424 -0.3064 0.1342
vn 0.9333 0.3565 -0.0433
vn 0.2815 -0.9595 -0.0104
vn 0.0776 -0.9966 -0.0288
vn 0.4660 -0.8844 0.0276
vn 0.8393 0.4584 0.2922
vn 0.8723 0.4075 0.2702
vn -0.3754 0.8849 0.2757
vn 0.1532 0.7999 0.5803
vn -0.4949 0.5286 0.6897
vn -0.5863 0.7708 0.2493
vn -0.8588 0.4607 0.2243
vn -0.3754 0.8849 0.2758
vn 0.2473 -0.6484 -0.7200
vn -0.3563 -0.7206 -0.5948
vn 0.1897 -0.8408 -0.5069
vn -0.5970 0.1277 0.7921
vn -0.6540 -0.5305 0.5394
vn -0.8964 -0.2679 0.3531
vn -0.6268 0.2219 0.7469
vn 0.0949 0.0958 0.9909
vn 0.0705 0.8849 0.4604
vn 0.7289 0.6594 -0.1840
vn 0.0538 0.0426 -0.9976
vn -0.1512 0.5382 -0.8291
vn 0.0156 0.2519 -0.9676
vn -0.1484 0.2763 -0.9495
vn 0.0775 -0.9966 -0.0288
vn -0.3608 -0.9301 0.0690
vn 0.1220 -0.9862 -0.1120
vn 0.1221 -0.9862 -0.1119
vn 0.6124 -0.7646 0.2009
vn -0.5942 0.2773 0.7550
vn 0.0999 0.9093 0.4039
vn 0.7966 0.5919 0.1232
vn 0.1726 0.8741 0.4541
vn 0.4928 0.7285 0.4759
vn -0.6490 -0.4835 0.5874
vn -0.3139 -0.5685 0.7604
vn -0.4178 0.8830 -0.2137
vn -0.1204 0.8021 -0.5849
vn -0.2806 0.7309 -0.6221
vn 0.8880 -0.4475 -0.1059
vn 0.9568 0.1727 -0.2339
vn 0.6620 -0.7392 0.1243
vn -0.0397 -0.9063 -0.4208
vn -0.4737 -0.6262 -0.6192
vn -0.1023 -0.9429 0.3169
vn 0.9758 0.0086 0.2185
vn 0.9113 0.2658 -0.3145
vn -0.3874 0.9155 0.1084
vn -0.2774 0.9068 0.3174
vn -0.5266 0.8358 -0.1555
vn -0.4697 -0.2769 -0.8383
vn -0.1273 -0.1851 -0.9744
vn 0.3957 -0.2800 -0.8747
vn 0.0807 -0.8076 -0.5841
vn 0.4534 -0.8905 -0.0376
vn 0.3759 0.9227 0.0854
vn 0.0282 0.8666 -0.4983
vn -0.9460 -0.0642 0.3177
vn -0.7539 0.6569 -0.0069
vn -0.8056 0.2400 0.5417
vn -0.4010 0.7726 0.4922
vn -0.5877 0.6390 0.4962
vn 0.2187 -0.4523 -0.8646
vn -0.0007 0.4014 -0.9159
vn -0.0455 -0.1057 -0.9934
vn 0.0938 -0.8813 -0.4632
vn 0.0105 -0.9772 -0.2122
vn 0.1491 -0.9888 0.0022
vn -0.0568 0.9597 0.2752
vn 0.3413 0.8713 0.3526
vn -0.1803 0.8373 0.5161
vn 0.3671 -0.8761 0.3125
vn 0.6225 -0.7826 -0.0074
vn 0.3672 -0.8761 0.3125
vn 0.5892 -0.5692 0.5734
vn 0.0990 -0.7793 0.6187
vn 0.4827 -0.6622 0.5731
vn 0.0702 -0.6759 0.7336
vn -0.3887 -0.2295 0.8923
vn 0.3372 -0.0465 0.9403
vn 0.1452 -0.5172 0.8435
vn 0.1770 -0.1407 -0.9741
vn 0.1095 0.2635 -0.9584
vn -0.0430 0.4508 -0.8916
vn -0.0363 -0.4530 0.8908
vn 0.3878 -0.7572 0.5256
vn 0.0731 -0.4431 0.8935
vn -0.1167 0.8391 0.5312
vn -0.5833 0.3554 0.7303
vn 0.6843 0.5901 -0.4284
vn -0.9324 0.2269 0.2813
vn -0.9594 -0.1462 -0.2410
vn -0.9669 0.2412 0.0834
vn 0.6796 0.6076 0.4111
vn 0.1534 0.8104 0.5655
vn 0.4845 0.3683 -0.7935
vn -0.0057 0.3541 -0.9352
vn 0.5686 0.0009 -0.8226
vn -0.4010 0.7726 0.4923
vn -0.3162 0.5978 0.7366
vn -0.5060 0.6958 0.5098
vn 0.1808 -0.9489 0.2585
vn -0.5419 -0.8051 0.2413
vn -0.9976 0.0667 -0.0206
vn -0.9650 -0.1758 0.1947
vn -0.9091 0.4033 0.1045
vn -0.6664 -0.6347 0.3911
vn 0.8303 0.0372 -0.5560
vn -0.1047 0.8043 -0.5849
vn 0.6393 0.1748 -0.7488
vn 0.5368 0.8022 0.2612
vn 0.3576 0.8694 0.3409
vn -0.0099 0.8461 0.5329
vn -0.1893 0.7939 0.5779
vn -0.8359 -0.3004 0.4594
vn -0.9339 -0.3555 -0.0377
vn -0.9012 -0.4275 -0.0719
vn 0.0982 0.3908 -0.9152
vn -0.2256 0.1170 -0.9672
vn -0.8844 -0.4406 -0.1542
vn -0.7378 -0.6642 0.1202
vn -0.8324 -0.4912 -0.2567
vn -0.7531 -0.5810 -0.3086
vn -0.7873 -0.4429 -0.4289
vn -0.0128 -0.3139 -0.9494
vn 0.4550 -0.0713 -0.8876
vn -0.1776 -0.1367 -0.9746
vn 0.9590 0.2561 -0.1212
vn 0.9758 0.0086 0.2186
vn 0.8101 0.2387 0.5354
vn 0.1234 -0.0831 -0.9889
vn -0.5489 -0.2503 -0.7976
vn -0.1530 0.1996 0.9679
vn -0.4356 0.3471 0.8305
vn -0.7954 -0.0662 0.6024
vn -0.4698 -0.2768 -0.8383
vn 0.1982 -0.9045 0.3777
vn 0.4164 -0.8840 0.2123
vn 0.2444 0.9430 -0.2256
vn 0.1610 0.8959 0.4141
vn 0.1008 0.9648 0.2429
vn 0.1344 0.9898 0.0478
vn -0.6324 0.3660 0.6827
vn -0.4501 -0.1119 0.8860
vn -0.9599 -0.2044 -0.1918
vn -0.6993 -0.7118 0.0659
vn -0.6402 -0.7587 0.1202
vn 0.1882 0.8835 0.4290
vn 0.4494 0.8933 -0.0070
vn -0.6098 -0.7022 0.3675
vn -0.7003 -0.3728 0.6088
vn 0.1786 -0.5900 0.7874
vn 0.1488 -0.8640 0.4810
vn 0.6004 -0.3836 0.7017
vn 0.3046 -0.5811 0.7547
vn 0.4559 -0.1953 0.8683
vn 0.8398 0.3103 0.4454
vn 0.9339 -0.1560 0.3217
vn 0.7566 0.1301 0.6408
vn -0.4660 -0.5764 0.6713
vn 0.2697 -0.8942 0.3574
vn -0.6665 -0.6347 0.3911
vn -0.1253 0.9802 0.1535
vn -0.3664 0.9301 0.0240
vn 0.9661 0.2466 0.0762
vn 0.0717 0.2519 -0.9651
vn 0.0293 0.1838 -0.9825
vn 0.6880 -0.2450 -0.6831
vn 0.3232 -0.3555 -0.8770
vn 0.8304 0.0372 -0.5560
vn 0.7486 -0.5885 -0.3054
vn 0.0929 0.5283 0.8439
vn -0.7502 0.6604 -0.0331
vn 0.8086 -0.5396 0.2345
vn 0.6790 -0.7327 0.0462
vn -0.6212 -0.4885 -0.6128
vn -0.7464 -0.2335 -0.6232
vn -0.8492 0.1046 -0.5176
vn 0.1826 -0.9454 0.2699
vn -0.0267 -0.9970 -0.0729
vn 0.6246 -0.6355 0.4539
vn -0.2441 -0.7990 0.5496
vn 0.4959 -0.6660 0.5572
vn -0.1848 -0.8562 0.4825
vn -0.1077 0.9094 -0.4018
vn 0.7826 0.6217 0.0337
vn 0.5803 0.7495 0.3186
vn 0.5199 0.6774 -0.5205
vn -0.2072 -0.2795 0.9375
vn -0.3489 -0.1937 0.9169
vn -0.2123 0.8173 -0.5357
vn -0.6618 0.2274 -0.7144
vn -0.3109 0.5468 -0.7774
vn 0.4579 -0.4987 0.7359
vn 0.4910 -0.5625 0.6652
vn 0.4540 -0.2093 0.8661
vn -0.6685 -0.7100 0.2212
vn -0.6626 -0.7065 0.2488
vn 0.6056 -0.5975 0.5256
vn 0.0028 -0.9328 0.3605
vn 0.1747 -0.7966 0.5787
vn 0.7304 -0.5100 0.4544
vn 0.6116 -0.7911 -0.0021
vn -0.2132 -0.4512 0.8666
vn 0.7623 -0.5825 0.2822
vn 0.9661 0.2467 0.0762
vn 0.4771 -0.8371 0.2679
vn -0.3443 -0.6552 -0.6725
vn 0.7804 0.3889 0.4897
vn 0.8042 -0.2509 0.5389
vn -0.3673 -0.2528 -0.8951
vn 0.0581 0.1123 -0.9920
vn 0.0630 0.4050 -0.9121
vn 0.0624 -0.1013 0.9929
vn 0.4478 0.0294 0.8936
vn 0.8357 0.2379 0.4950
vn -0.2216 0.9134 0.3414
vn -0.1803 0.8373 0.5162
vn 0.6214 0.7821 -0.0459
vn 0.9657 -0.1916 -0.1753
vn 0.9325 0.2023 0.2991
vn 0.8710 0.4845 -0.0812
vn -0.2248 -0.9730 -0.0520
vn 0.0391 0.7898 -0.6121
vn 0.8587 -0.4746 -0.1937
vn 0.6269 -0.1626 -0.7620
vn 0.6458 -0.6866 0.3339
vn 0.8408 -0.5151 0.1664
vn 0.4076 -0.9131 0.0098
vn 0.6121 -0.7643 0.2031
vn -0.6895 -0.2542 -0.6783
vn -0.5514 -0.3521 -0.7563
vn -0.3188 -0.9335 -0.1639
vn -0.3934 -0.5614 -0.7281
vn -0.5636 -0.7604 -0.3228
vn 0.9133 0.4070 -0.0145
vn 0.7198 0.6931 0.0395
vn 0.0929 0.9858 -0.1399
vn -0.1031 0.9878 0.1165
vn 0.7660 -0.2550 -0.5901
vn 0.7720 -0.4271 -0.4708
vn 0.7795 -0.2646 -0.5678
vn 0.6221 -0.1551 -0.7674
vn -0.0595 -0.8648 -0.4986
vn -0.5868 0.8096 -0.0139
vn -0.7505 0.6434 -0.1511
vn -0.0691 0.9746 0.2131
vn -0.8060 -0.5753 0.1395
vn -0.1862 -0.9651 -0.1842
vn -0.9809 -0.1587 -0.1124
vn -0.9382 0.3270 -0.1131
vn -0.9363 0.1604 -0.3123
vn -0.8681 0.3988 -0.2956
vn -0.6878 0.7256 -0.0205
vn -0.8015 0.4905 0.3422
vn -0.3763 0.9113 0.1674
vn 0.9561 -0.2930 -0.0063
vn 0.3645 -0.4938 -0.7895
vn 0.6594 -0.7514 -0.0217
vn 0.9083 0.3490 -0.2306
vn 0.9676 0.2258 -0.1127
vn 0.4793 0.0221 -0.8774
vn -0.1774 0.1236 -0.9763
vn 0.1627 -0.5038 -0.8483
vn 0.2475 -0.2678 -0.9312
vn -0.4058 -0.6306 -0.6616
vn 0.9602 -0.1691 0.2221
vn 0.8432 -0.2230 0.4892
vn 0.9033 -0.2390 0.3562
vn -0.0099 0.8462 0.5328
vn -0.4747 0.7718 0.4232
vn -0.1892 0.7939 0.5779
vn -0.8949 0.3553 -0.2700
vn 0.4885 0.8692 0.0770
vn -0.1330 0.9646 -0.2279
vn -0.6155 0.2730 -0.7393
vn -0.7711 0.6268 0.1119
vn 0.8629 -0.5053 0.0021
vn 0.8713 0.3519 0.3420
vn 0.7321 0.5479 0.4047
vn 0.8183 0.4151 0.3976
vn -0.4392 -0.6642 -0.6050
vn -0.1358 -0.9710 -0.1968
vn -0.6331 -0.7648 -0.1197
vn 0.8906 0.3718 -0.2618
vn -0.3827 0.2152 0.8985
vn -0.7809 -0.2393 0.5770
vn -0.6078 -0.4760 -0.6356
vn -0.5260 -0.8315 0.1786
vn -0.5636 -0.7604 -0.3227
vn 0.4418 0.3606 0.8215
vn 0.6941 0.4332 0.5749
vn -0.5660 0.8112 -0.1468
vn -0.4078 0.8559 -0.3181
vn -0.9417 0.1613 -0.2952
vn 0.5670 -0.7503 0.3399
vn -0.1918 -0.9133 0.3594
vn 0.8080 -0.4168 0.4164
vn -0.5386 0.7078 0.4570
vn -0.9468 -0.2959 0.1269
vn -0.7905 -0.6046 0.0983
vn -0.6007 -0.5643 -0.5663
vn -0.8403 -0.5393 -0.0557
vn -0.4059 -0.6306 -0.6616
vn -0.0364 0.8599 -0.5092
vn -0.7197 0.4505 -0.5282
vn -0.4561 0.6847 -0.5685
vn -0.9417 -0.2616 -0.2118
vn 0.3632 0.7216 -0.5894
vn -0.5643 0.5762 -0.5913
vn 0.8478 0.5161 -0.1219
vn 0.8636 0.3627 -0.3502
vn 0.4024 0.9061 -0.1308
vn 0.8147 -0.3320 -0.4754
vn 0.8172 -0.5755 0.0328
vn 0.5890 0.7864 -0.1862
vn -0.3009 -0.4279 0.8523
vn 0.2962 -0.8035 0.5163
vn -0.8614 0.2069 -0.4639
vn -0.9340 -0.3303 -0.1359
vn -0.8221 0.1491 -0.5495
vn -0.8425 -0.2041 -0.4986
vn -0.8851 0.3925 0.2502
vn -0.8844 0.4241 0.1951
vn -0.9531 0.1465 0.2648
vn -0.9983 -0.0544 -0.0230
vn 0.1471 -0.8795 0.4526
vn 0.8356 -0.5283 0.1503
vn 0.7435 -0.6433 -0.1824
vn -0.0650 -0.8950 0.4413
vn 0.1805 -0.8325 0.5237
vn -0.4599 -0.5195 0.7202
vn -0.1472 -0.9048 0.3997
vn -0.6107 0.3372 0.7164
vn -0.4920 0.0317 0.8700
vn -0.5440 0.7046 0.4557
vn -0.9232 0.1740 0.3427
vn -0.8539 0.5146 0.0778
vn -0.8231 0.5530 -0.1293
vn -0.5651 0.8175 0.1111
vn 0.9064 -0.4205 0.0402
vn 0.9452 -0.0437 0.3236
vn 0.9286 0.1718 0.3288
vn 0.9950 0.0279 0.0957
vn 0.9301 -0.2688 -0.2502
vn -0.3010 -0.5966 0.7440
vn 0.1788 -0.4685 0.8652
vn -0.4660 -0.8813 0.0782
vn -0.6692 -0.7394 0.0736
vn -0.8360 -0.2516 -0.4876
vn 0.0195 0.8266 0.5624
vn 0.0034 0.7709 0.6370
vn -0.2223 0.2068 0.9528
vn -0.6617 0.4335 0.6118
vn 0.1500 -0.9003 -0.4085
vn 0.1845 -0.7910 0.5833
vn 0.3353 -0.9403 0.0587
vn 0.7600 -0.4568 0.4624
vn 0.7644 0.4455 0.4662
vn 0.2960 -0.9347 0.1970
vn 0.6002 -0.7940 0.0971
vn 0.7600 -0.4567 0.4624
vn 0.3985 0.2562 -0.8807
vn 0.6000 0.0904 -0.7948
vn -0.6738 0.5629 0.4786
vn 0.9957 0.0355 -0.0858
vn 0.9331 0.0532 0.3556
vn 0.7752 0.4860 0.4036
vn -0.9692 -0.2394 -0.0570
vn -0.1557 0.9728 -0.1715
vn -0.0789 0.9213 -0.3809
vn -0.6529 0.7337 -0.1879
vn -0.5545 0.8322 -0.0071
vn -0.1987 0.9734 0.1145
vn -0.8801 0.4211 -0.2193
vn 0.9452 -0.1230 0.3024
vn 0.5283 -0.8400 0.1238
vn 0.5496 -0.4853 0.6800
vn -0.1624 0.6495 -0.7429
vn -0.2305 0.8669 -0.4420
vn -0.3776 0.9118 0.1612
vn 0.0515 0.6643 0.7457
vn 0.4379 0.2272 0.8698
vn 0.3030 0.5029 0.8095
vn -0.0126 0.8576 0.5142
vn 0.0477 0.8434 0.5352
vn 0.5880 0.7868 0.1877
vn -0.2627 0.0983 0.9598
vn -0.2208 0.9560 -0.1930
vn 0.7740 -0.6329 0.0210
vn 0.9149 -0.1925 -0.3548
vn -0.0404 0.1455 -0.9885
vn 0.2601 -0.1067 -0.9597
vn -0.4212 0.9012 0.1024
vn -0.5424 0.8103 -0.2219
vn -0.6098 -0.7021 0.3676
vn -0.6805 -0.7322 -0.0278
vn -0.8244 -0.5578 0.0955
vn -0.7003 -0.3728 0.6087
vn -0.7841 0.2329 0.5753
vn -0.2131 -0.4512 0.8666
vn -0.7704 0.5638 0.2978
vn -0.1397 0.9712 -0.1929
vn -0.3933 0.8902 -0.2297
vn -0.3845 -0.9101 0.1546
vn 0.6038 -0.6301 0.4882
vn 0.8729 -0.2296 -0.4305
vn 0.8398 -0.5423 0.0259
vn -0.9953 0.0806 0.0535
vn -0.8905 0.2393 -0.3871
vn -0.8635 0.3741 -0.3383
vn -0.7299 0.6352 -0.2525
vn 0.9902 0.1396 0.0022
vn 0.5929 0.6361 0.4938
vn 0.4839 -0.1411 -0.8637
vn 0.7825 -0.0322 -0.6219
vn -0.1866 -0.4537 -0.8714
vn -0.2915 0.9564 -0.0176
vn -0.3051 0.8176 0.4883
vn -0.2474 -0.8394 -0.4839
vn 0.7208 -0.6307 -0.2874
vn -0.9661 -0.1364 -0.2193
vn -0.7794 -0.5053 -0.3705
vn 0.1988 0.9659 0.1662
vn 0.1088 -0.9159 0.3864
vn 0.0806 -0.8077 -0.5841
vn -0.4187 0.0624 -0.9060
vn -0.9951 0.0583 0.0804
vn -0.8410 -0.1376 -0.5232
vn -0.8221 0.5591 -0.1077
vn -0.9939 0.1059 0.0322
vn -0.9568 -0.0974 -0.2738
vn -0.8945 -0.3166 -0.3158
vn 0.9651 -0.0811 0.2489
vn 0.8491 0.4752 0.2304
vn 0.4876 0.8700 0.0726
vn -0.7248 -0.1888 -0.6625
vn 0.5270 0.4103 0.7443
vn 0.6100 -0.6423 0.4641
vn -0.0423 -0.9032 0.4272
vn 0.9631 -0.2581 -0.0759
vn 0.7909 -0.4256 -0.4397
vn 0.6931 0.1969 -0.6934
vn -0.8183 0.3457 -0.4592
vn 0.5035 0.5898 0.6314
vn 0.3783 -0.3169 0.8698
vn 0.2966 0.5573 0.7756
vn 0.4209 0.7336 0.5335
vn 0.2265 -0.8944 0.3857
vn 0.1051 -0.9655 0.2384
vn -0.1849 -0.9770 -0.1061
vn 0.9279 0.3412 -0.1503
vn 0.6666 0.7126 0.2189
vn 0.6851 0.7227 -0.0912
vn 0.1205 -0.5623 0.8181
vn 0.1918 -0.1301 0.9728
vn 0.3007 0.0444 0.9527
vn -0.2530 0.2057 -0.9453
vn -0.4660 -0.2477 -0.8494
vn -0.0992 -0.6563 -0.7479
vn 0.9768 -0.0654 0.2038
vn 0.8553 0.1830 0.4847
vn 0.5190 0.4160 0.7467
vn 0.2245 0.6432 0.7320
vn -0.5761 0.6907 0.4370
vn -0.2973 -0.4594 0.8370
vn -0.0188 -0.5434 0.8392
vn 0.2449 0.9505 0.1910
vn 0.2597 0.6310 0.7310
vn 0.3801 0.5117 0.7705
vn -0.4014 0.2560 0.8794
vn -0.4724 -0.5676 -0.6743
vn -0.8868 -0.4562 -0.0740
vn -0.7917 -0.6012 -0.1088
vn -0.1149 -0.8942 0.4327
vn 0.3446 -0.3708 0.8624
vn 0.6509 -0.0000 0.7592
vn -0.2122 -0.8007 0.5603
vn -0.6744 -0.7375 -0.0365
vn 0.4049 -0.7566 0.5135
vn 0.0513 -0.5760 0.8159
vn -0.2802 -0.4709 0.8365
vn -0.4880 0.5863 -0.6466
vn -0.0194 0.5563 -0.8307
vn -0.5389 0.5600 -0.6293
vn -0.4024 -0.1598 -0.9014
vn -0.5328 -0.7622 -0.3677
vn -0.6078 -0.4759 -0.6357
vn 0.6145 0.0533 0.7871
vn 0.9572 0.2384 0.1643
vn 0.5998 0.7233 0.3422
vn 0.1392 0.3071 0.9414
vn 0.1093 -0.4965 0.8611
vn -0.1133 0.1728 0.9784
vn 0.4203 -0.4646 -0.7794
vn 0.1538 -0.1279 -0.9798
vn 0.3515 -0.7218 -0.5962
vn 0.5466 0.8262 -0.1363
vn 0.3186 0.7618 -0.5640
vn 0.0564 0.9357 -0.3483
vn 0.2682 0.9536 0.1369
vn 0.5270 0.4103 0.7442
vn 0.6477 0.7094 0.2780
vn 0.6509 -0.0000 0.7591
vn 0.4514 0.7523 0.4798
vn -0.0582 0.6830 0.7281
vn -0.2964 0.6558 -0.6943
vn -0.7902 -0.5454 0.2795
vn -0.2832 0.2603 0.9231
vn -0.5863 -0.6077 -0.5357
vn -0.2739 -0.3704 -0.8875
vn -0.2871 -0.7368 -0.6121
vn -0.7632 -0.4444 -0.4691
vn -0.6617 0.2274 -0.7144
vn 0.5763 -0.4254 -0.6978
vn 0.5095 -0.1503 -0.8472
vn 0.3466 -0.8745 -0.3394
vn -0.8017 -0.4529 0.3902
vn -0.3671 -0.8493 -0.3795
vn -0.9430 -0.2869 -0.1686
vn 0.0240 -0.6047 -0.7961
vn 0.9341 0.3569 -0.0018
vn 0.8944 -0.1394 -0.4249
vn 0.7630 -0.1054 -0.6378
vn -0.5761 0.3225 0.7511
vn -0.3651 0.9286 -0.0662
vn -0.0835 0.9952 -0.0503
vn -0.0578 -0.9361 0.3469
vn -0.0862 0.8830 -0.4614
vn -0.4843 0.8460 0.2230
vn 0.7840 0.6163 0.0737
vn -0.9618 0.2694 0.0480
vn -0.5711 -0.3833 0.7259
vn -0.6295 -0.3084 0.7132
vn -0.8948 -0.0079 0.4464
vn -0.8450 0.4127 0.3400
vn -0.9618 0.2695 0.0480
vn -0.8877 -0.1458 0.4367
vn -0.9632 -0.2250 -0.1470
vn 0.1878 0.9756 0.1140
vn 0.5574 -0.6761 -0.4819
vn -0.3211 -0.9470 -0.0080
vn 0.0773 -0.6029 -0.7941
vn -0.8885 -0.4267 0.1688
vn -0.6577 -0.0831 0.7486
vn -0.9205 -0.1210 0.3714
vn -0.9450 -0.2403 0.2220
vn -0.8966 0.2817 -0.3418
vn -0.9779 0.0145 -0.2084
vn -0.8437 -0.4219 -0.3319
vn -0.9110 -0.1574 -0.3811
vn -0.8614 0.2068 -0.4639
vn -0.5832 0.5520 -0.5959
vn -0.7228 0.6436 -0.2517
vn 0.6562 -0.7436 -0.1286
vn 0.4626 -0.8803 -0.1052
vn 0.3365 -0.7300 0.5949
vn 0.1611 0.8959 0.4141
vn 0.6524 0.7019 0.2858
vn 0.6931 0.1970 -0.6934
vn 0.7909 -0.4256 -0.4396
vn 0.2398 0.4636 -0.8530
vn 0.0614 0.0976 -0.9933
vn -0.1718 -0.8038 -0.5696
vn -0.5783 0.0346 -0.8151
vn -0.6642 -0.3426 -0.6645
vn -0.4107 -0.9055 -0.1065
vn -0.4498 -0.6973 -0.5581
vn -0.2259 -0.8446 0.4854
vn 0.0299 -0.6072 0.7940
vn 0.2872 -0.3214 0.9023
vn 0.2250 -0.9493 0.2197
vn -0.8132 -0.5807 -0.0392
vn 0.9384 -0.2827 0.1986
vn 0.5670 -0.7503 0.3400
vn -0.5100 -0.7543 -0.4134
vn 0.1634 -0.9414 -0.2952
vn -0.4895 -0.8716 0.0265
vn -0.6605 -0.7475 -0.0705
vn -0.6366 -0.7352 0.2331
vn -0.8342 0.2680 0.4819
vn -0.8356 0.5323 0.1361
vn -0.3061 0.2424 -0.9206
vn 0.4478 0.8811 -0.1522
vn 0.2646 0.9593 -0.0988
vn 0.3335 0.9426 -0.0171
vn 0.5666 -0.7463 0.3493
vn 0.4973 -0.8249 0.2687
vn 0.7739 -0.6329 0.0209
vn 0.0323 -0.9630 -0.2677
vn -0.4945 -0.6645 0.5602
vn -0.4792 -0.8650 0.1490
vn -0.6064 -0.7155 0.3468
vn -0.6809 -0.5259 0.5097
vn 0.4535 0.4489 -0.7699
vn -0.3725 0.8518 0.3683
vn -0.8639 -0.0100 0.5036
vn -0.5490 0.0252 0.8354
vn -0.0293 -0.9488 0.3145
vn -0.5474 -0.8172 0.1803
vn -0.9495 -0.2916 0.1157
vn 0.9345 0.2964 -0.1972
vn 0.1695 0.8763 -0.4509
vn -0.5124 -0.5897 0.6242
vn -0.8693 0.4743 0.1389
vn 0.2966 0.5573 0.7755
vn 0.1106 0.9939 -0.0020
vn 0.2449 0.9506 0.1910
vn 0.1103 -0.1293 0.9854
vn -0.3211 -0.9470 -0.0081
vn 0.8614 -0.3562 0.3622
vn 0.8900 0.3700 0.2663
vn 0.7138 0.6668 0.2142
vn 0.1411 0.9150 -0.3780
vn 0.8418 0.4739 -0.2584
vn 0.8418 0.4739 -0.2585
vn 0.1412 0.9150 -0.3780
vn 0.6509 0.2576 -0.7141
vn 0.0794 -0.9499 -0.3022
vn -0.4925 -0.3814 -0.7823
vn 0.0980 -0.8343 -0.5426
vn -0.0497 -0.1138 -0.9923
vn 0.4314 0.4412 -0.7870
vn 0.8788 0.1188 0.4623
vn -0.6370 -0.5645 -0.5250
vn -0.3493 -0.1889 -0.9178
vn -0.7726 -0.6314 0.0667
vn 0.2833 -0.9452 0.1620
vn 0.0729 -0.5839 0.8086
vn -0.2627 0.2618 -0.9287
vn -0.3228 0.1274 -0.9379
vn 0.0046 -0.5156 -0.8568
vn -0.6631 -0.3500 0.6616
vn 0.0988 -0.5410 0.8352
vn -0.4535 -0.5425 0.7071
vn -0.2998 -0.8947 0.3312
vn 0.3291 -0.7753 -0.5391
vn 0.2560 -0.5285 -0.8094
vn 0.0882 -0.9764 -0.1973
vn 0.3878 -0.7572 0.5255
vn 0.3858 -0.8817 -0.2716
vn 0.6498 0.3643 -0.6671
vn -0.4456 -0.8793 -0.1683
vn 0.1143 -0.8813 0.4585
vn -0.9700 0.1561 -0.1863
vn -0.5402 0.8415 0.0010
vn -0.5525 0.7369 -0.3895
vn -0.9527 0.2482 -0.1751
vn -0.3207 -0.4581 0.8291
vn 0.0377 -0.1030 0.9940
vn 0.6478 0.3538 0.6746
vn -0.7940 -0.5925 0.1360
vn 0.4015 -0.9081 0.1186
vn 0.3118 -0.9440 -0.1077
vn 0.7221 -0.5260 -0.4493
vn 0.3461 0.2722 0.8978
vn 0.4791 0.4118 0.7752
vn 0.0282 0.8988 0.4374
vn -0.4424 0.8317 -0.3355
vn -0.5083 0.4481 -0.7354
vn -0.5506 0.1152 -0.8268
vn -0.4779 0.4978 0.7237
vn 0.4429 -0.8776 0.1836
vn 0.3146 -0.9212 0.2288
vn -0.4778 -0.5717 0.6670
vn -0.8000 0.5885 0.1168
vn -0.0486 0.9379 -0.3434
vn -0.4623 -0.8574 0.2264
vn 0.3826 0.7432 0.5489
vn 0.5168 0.7508 -0.4112
vn -0.3156 0.9484 -0.0287
vn 0.0837 -0.7806 -0.6194
vn 0.2508 -0.9540 -0.1641
vn 0.0795 -0.9500 -0.3021
vn 0.0981 -0.8343 -0.5425
vn 0.0929 -0.9776 0.1890
vn 0.4115 0.7436 0.5270
vn -0.0137 0.9481 -0.3177
vn 0.7289 -0.5500 0.4077
vn -0.2089 -0.4017 0.8916
vn -0.5917 -0.6592 0.4640
vn 0.3248 0.8905 -0.3186
vn -0.0353 0.9351 -0.3525
vn -0.3146 0.9455 -0.0844
vn 0.0326 0.1387 -0.9898
vn 0.7961 -0.5774 0.1810
vn 0.8759 -0.1693 -0.4517
vn -0.0024 -0.8683 0.4961
vn 0.8187 -0.3445 0.4594
vn 0.8581 -0.5132 0.0194
vn 0.5363 -0.7085 -0.4588
vn -0.2862 -0.9537 0.0922
vn 0.1348 0.5462 0.8267
vn 0.5785 -0.5374 0.6136
vn 0.4638 -0.8803 0.1000
vn 0.4238 -0.8904 -0.1660
vn 0.1352 -0.9612 -0.2405
vn -0.0612 -0.9638 -0.2596
vn 0.7503 -0.5982 -0.2815
vn 0.7326 -0.1643 -0.6605
vn -0.9465 -0.1915 0.2597
vn -0.6034 0.5402 0.5866
vn -0.8455 0.2570 0.4680
vn -0.4554 0.6293 0.6298
vn -0.3843 -0.8620 0.3307
vn 0.4408 -0.3996 0.8038
vn 0.6870 -0.5917 0.4217
vn 0.5501 -0.8067 0.2159
vn 0.1048 -0.3724 0.9222
vn 0.8172 -0.5754 0.0328
vn 0.8147 -0.3321 -0.4754
vn 0.9086 -0.2851 -0.3054
vn 0.1189 -0.9484 -0.2938
vn -0.2610 -0.8139 0.5191
vn -0.5828 -0.8121 0.0294
vn -0.1716 0.6142 -0.7703
vn 0.4545 0.6000 0.6583
vn 0.2405 0.9665 0.0901
vn 0.7133 -0.7008 0.0124
vn 0.8878 -0.4549 0.0694
vn 0.9965 -0.0731 0.0413
vn 0.6552 -0.7548 -0.0315
vn 0.6235 0.7661 0.1561
vn 0.6854 0.6829 -0.2529
vn 0.4971 0.5061 -0.7048
vn 0.7134 0.4531 0.5346
vn 0.3753 -0.3397 0.8624
vn -0.2553 0.6871 -0.6802
vn -0.2844 0.9066 -0.3118
vn 0.2578 -0.0561 -0.9646
vn 0.5197 -0.5836 -0.6239
vn 0.5886 -0.6431 -0.4899
vn -0.0094 0.4798 -0.8774
vn -0.4259 0.5509 -0.7177
vn -0.3674 0.0027 -0.9300
vn 0.4113 0.7727 -0.4834
vn 0.9677 0.2484 -0.0437
vn 0.2073 0.4851 -0.8495
vn 0.6692 0.7394 -0.0741
vn 0.8252 0.0366 -0.5636
vn -0.4682 0.6785 -0.5661
vn 0.6702 0.7350 0.1030
vn 0.0127 0.8358 -0.5488
vn 0.0743 -0.6067 0.7914
vn -0.6936 -0.7133 0.1003
vn 0.2136 0.7469 -0.6297
vn -0.5314 0.2430 -0.8115
vn 0.2226 0.9338 -0.2801
vn -0.1141 0.9451 -0.3061
vn 0.4305 -0.8834 0.1852
vn 0.6978 0.6576 0.2839
vn -0.0171 0.9755 0.2193
vn 0.0264 -0.9985 -0.0486
vn -0.2434 -0.9692 0.0377
vn 0.7314 0.4681 -0.4959
vn 0.6523 0.7020 0.2858
vn -0.3420 0.4401 -0.8303
vn -0.2378 0.3505 -0.9059
vn -0.8545 0.2971 -0.4261
vn -0.5346 0.1352 -0.8342
vn -0.6006 0.3182 -0.7336
vn 0.4166 0.1830 0.8905
vn -0.0384 0.9687 -0.2451
vn -0.8784 -0.4622 0.1217
vn 0.0902 -0.4644 0.8810
vn -0.6668 -0.6908 0.2794
vn 0.3744 -0.3796 -0.8460
vn -0.0778 -0.5389 -0.8388
vn -0.4613 -0.7297 -0.5048
vn -0.7473 -0.5842 0.3165
vn -0.8737 -0.2889 0.3913
vn -0.6211 0.6513 0.4360
vn -0.5625 0.5608 0.6076
vn -0.7543 0.6524 0.0738
vn -0.3036 0.3094 0.9011
vn -0.2286 -0.1159 0.9666
vn -0.5338 0.6529 0.5375
vn -0.8774 0.1113 -0.4667
vn -0.3851 -0.3616 -0.8491
vn -0.7440 -0.2335 -0.6261
vn -0.2551 0.7408 0.6214
vn 0.5132 0.0977 0.8527
vn -0.5620 0.1037 0.8206
vn -0.2552 0.7407 0.6215
vn -0.5619 0.1037 0.8207
vn 0.3444 0.9139 -0.2150
vn -0.9599 0.2789 0.0277
vn -0.9969 -0.0462 -0.0633
vn -0.7060 -0.5481 -0.4486
vn -0.8766 -0.0059 0.4811
vn -0.9936 0.0994 -0.0539
vn -0.2272 0.5547 -0.8005
vn 0.2243 0.8610 -0.4565
vn -0.4216 0.3629 -0.8310
vn 0.4065 0.8136 -0.4157
vn 0.6713 -0.7197 -0.1770
vn -0.0158 -0.8720 -0.4893
vn 0.8919 -0.4176 0.1735
vn 0.7922 0.1846 0.5816
vn 0.8484 -0.4372 -0.2985
vn -0.5624 0.5608 0.6076
vn 0.8278 -0.5608 -0.0151
vn 0.9777 0.0523 -0.2035
vn -0.0992 -0.6564 -0.7479
vn 0.2364 -0.9573 0.1666
vn 0.1857 -0.7685 -0.6123
vn 0.0627 -0.8361 0.5450
vn 0.8698 -0.4515 0.1988
vn -0.0337 -0.7887 -0.6138
vn -0.9611 -0.0351 -0.2738
vn 0.6247 -0.2977 0.7219
vn 0.3471 -0.7940 0.4991
vn -0.9817 0.1901 0.0116
vn -0.8955 -0.4283 -0.1209
vn -0.3877 0.9183 0.0800
vn 0.4595 0.0195 -0.8879
vn -0.1907 -0.9740 -0.1219
vn -0.5450 -0.7231 0.4245
vn -0.0834 -0.9810 0.1750
vn -0.0298 0.9988 -0.0376
vn 0.1746 0.7554 -0.6316
vn 0.0870 0.7546 -0.6504
vn -0.6290 0.3087 -0.7135
vn 0.3977 0.9175 -0.0054
vn 0.2444 0.9431 -0.2256
vn 0.3223 0.7569 0.5686
vn 0.4743 0.6157 0.6293
vn 0.9410 0.3218 0.1050
vn 0.8080 0.5847 -0.0728
vn 0.6550 0.3999 0.6412
vn -0.9413 0.2304 -0.2467
vn -0.2253 0.9282 -0.2962
vn -0.5462 0.7954 -0.2627
vn -0.3174 -0.8319 0.4553
vn 0.1196 -0.6837 0.7199
vn 0.0459 0.9989 -0.0020
vn -0.3115 0.9495 -0.0383
vn 0.0334 -0.9514 0.3061
vn 0.0694 -0.8754 0.4784
vn -0.9817 0.1902 0.0116
vn -0.8312 0.5531 -0.0572
vn -0.9983 -0.0209 0.0539
vn -0.7647 0.4232 0.4860
vn -0.9406 0.3041 -0.1512
vn -0.3819 0.9242 -0.0050
vn 0.0345 -0.9791 0.2004
vn 0.8971 -0.4120 0.1595
vn 0.6003 -0.7996 0.0156
vn -0.9758 0.1771 -0.1284
vn -0.8947 0.3425 0.2865
vn -0.9339 -0.3555 -0.0378
vn -0.4392 -0.6641 -0.6050
vn -0.4737 -0.6262 -0.6193
vn 0.9016 -0.1091 0.4187
vn 0.5660 -0.5486 0.6154
vn 0.9865 0.0944 0.1337
vn -0.5916 -0.6593 0.4641
vn -0.1156 0.9851 0.1271
vn 0.4514 0.7523 0.4799
vn -0.4775 0.8725 -0.1040
vn 0.4296 -0.6878 0.5851
vn 0.5851 -0.2819 0.7604
vn 0.7923 0.1012 0.6017
vn 0.6960 0.2565 0.6707
vn 0.2087 0.5334 0.8197
vn 0.3651 0.8873 0.2818
vn 0.4049 0.8196 0.4054
vn 0.7175 -0.6790 0.1554
vn 0.5369 -0.8325 -0.1365
vn 0.8134 -0.5237 -0.2532
vn -0.1855 -0.5229 0.8320
vn -0.7041 -0.6898 -0.1687
vn -0.1125 -0.9918 0.0607
vn -0.7671 -0.6060 -0.2107
vn -0.4660 -0.5763 0.6713
vn -0.6584 0.0876 0.7475
vn 0.4008 -0.8737 0.2756
vn -0.1089 -0.9062 0.4086
vn -0.4157 -0.7466 0.5193
vn 0.0001 -0.9927 -0.1204
vn 0.9920 0.1174 0.0472
vn 0.5455 -0.7860 0.2910
vn 0.0673 -0.8223 0.5650
vn 0.6791 -0.6518 0.3374
vn -0.1078 -0.9445 0.3104
vn 0.2208 0.8932 0.3916
vn 0.1215 0.9291 0.3493
vn -0.2055 0.9745 0.0895
vn -0.0175 0.6529 0.7572
vn 0.6498 -0.5643 0.5093
vn 0.0613 -0.9808 0.1853
vn -0.1041 -0.9787 -0.1772
vn 0.4237 -0.3597 -0.8314
vn 0.6812 -0.6796 0.2722
vn 0.1107 -0.8782 0.4653
vn -0.2037 -0.6738 0.7103
vn 0.6025 0.5404 0.5874
vn -0.6355 -0.6994 -0.3269
vn -0.1304 -0.9914 0.0092
vn 0.1889 -0.9671 0.1705
vn -0.4070 -0.9000 -0.1561
vn 0.6636 -0.3036 0.6837
vn -0.7878 -0.5667 0.2416
vn -0.9583 0.1574 0.2384
vn 0.4404 -0.8600 0.2578
vn 0.6109 -0.7843 -0.1082
vn 0.1588 0.9539 0.2546
vn -0.0709 -0.1957 -0.9781
vn 0.2052 0.1908 -0.9599
vn -0.4419 0.1451 0.8853
vn 0.6969 0.0065 -0.7171
vn 0.2561 -0.4776 -0.8404
vn -0.1120 0.7164 0.6886
vn -0.9374 0.1551 0.3119
vn 0.2037 -0.8949 -0.3970
vn 0.6397 0.6776 0.3627
vn 0.9492 0.2928 0.1156
vn 0.3095 -0.0181 0.9507
vn 0.2373 0.9660 0.1027
vn 0.3096 -0.0182 0.9507
vn 0.8432 0.0163 0.5373
vn 0.6651 -0.7450 0.0502
vn 0.6000 -0.4004 -0.6925
vn -0.9416 -0.0730 -0.3286
vn -0.8710 -0.4688 0.1468
vn -0.9340 -0.3304 -0.1358
vn 0.8234 0.2769 -0.4954
vn 0.8614 0.0032 -0.5078
vn -0.8255 -0.5467 -0.1399
vn -0.1612 -0.9849 0.0624
vn 0.5321 -0.8344 0.1438
vn -0.9927 0.0241 0.1183
vn -0.8135 -0.5367 0.2240
vn -0.5544 0.8322 -0.0071
vn 0.8360 0.2969 0.4615
vn 0.8893 0.4323 0.1491
vn 0.5751 -0.2895 0.7652
vn -0.6595 0.6523 0.3736
vn -0.3608 0.9152 0.1793
vn -0.1840 0.9283 0.3232
vn 0.0342 -0.2861 -0.9576
vn 0.5196 0.5116 -0.6843
vn 0.6160 0.7683 0.1739
vn 0.9740 -0.2132 0.0769
vn 0.2685 0.9625 -0.0401
vn -0.8595 0.5085 -0.0522
vn -0.8793 0.4288 0.2072
vn -0.9202 0.3772 0.1047
vn 0.2742 -0.3315 0.9027
vn 0.8465 0.5103 0.1519
vn 0.9207 0.3142 -0.2314
vn 0.0397 0.4845 0.8739
vn -0.4418 0.1451 0.8853
vn -0.7149 -0.0872 0.6938
vn 0.7789 -0.6271 0.0082
vn 0.5164 0.1958 0.8337
vn -0.1849 -0.9770 -0.1060
vn -0.2949 0.9201 0.2579
vn -0.5038 0.7696 -0.3923
vn -0.4312 0.7798 0.4539
vn -0.7148 -0.0872 0.6938
vn -0.7599 -0.6316 -0.1538
vn -0.4740 0.1550 0.8667
vn 0.9720 0.2218 0.0781
vn 0.9069 0.3939 0.1495
vn 0.9128 0.4027 0.0687
vn -0.2855 0.8004 -0.5270
vn -0.4334 0.4094 -0.8028
vn -0.5239 0.6368 -0.5657
vn -0.6567 0.5561 0.5094
vn 0.0591 0.8570 0.5118
vn -0.7711 0.6268 0.1120
vn -0.9382 -0.3112 0.1511
vn -0.4090 0.8627 0.2974
vn 0.3431 0.9094 -0.2350
vn 0.9802 0.1908 0.0537
vn 0.9597 -0.1104 -0.2585
vn 0.9815 0.1825 0.0572
vn 0.7751 0.6248 -0.0940
vn -0.2265 -0.3402 0.9127
vn 0.4683 -0.1886 0.8632
vn 0.2950 0.4111 0.8625
vn 0.6204 0.5366 0.5719
vn -0.3931 0.6895 0.6084
vn -0.5761 0.6908 0.4370
vn -0.9595 0.2504 -0.1289
vn 0.8555 0.3834 0.3480
vn 0.9426 -0.1570 -0.2947
vn -0.1798 0.9816 -0.0645
vn -0.6082 0.7794 0.1503
vn 0.0657 0.9824 -0.1749
vn -0.6234 0.7239 0.2954
vn 0.9063 0.2631 0.3309
vn -0.2923 0.9231 -0.2499
vn -0.1169 0.6098 -0.7839
vn 0.7744 0.6161 0.1440
vn 0.5752 0.3408 0.7436
vn -0.3621 0.7609 0.5383
vn -0.5893 -0.0090 0.8078
vn -0.7226 -0.6137 0.3183
vn 0.7310 0.5554 -0.3964
vn 0.8906 0.2661 -0.3688
vn -0.6634 -0.2108 -0.7180
vn -0.8573 -0.4546 -0.2414
vn 0.0139 0.3919 -0.9199
vn -0.0266 -0.9992 -0.0306
vn -0.3599 -0.7255 0.5866
vn -0.8358 -0.3591 0.4153
vn -0.7697 0.5241 -0.3644
vn -0.9632 -0.2250 -0.1471
vn 0.0105 -0.9772 -0.2121
vn -0.8545 0.2971 -0.4260
vn -0.9393 -0.2689 -0.2133
vn 0.4935 -0.7691 -0.4061
vn -0.3560 0.8729 -0.3336
vn -0.6522 -0.6091 -0.4513
vn 0.1489 -0.2942 -0.9441
vn -0.7406 -0.6707 -0.0411
vn -0.7466 -0.4518 0.4883
vn -0.1426 0.9838 0.1090
vn -0.6909 0.7226 0.0220
vn -0.7120 0.6760 -0.1900
vn -0.5159 0.7133 0.4745
vn 0.8705 0.0288 0.4913
vn 0.4462 0.3814 0.8096
vn -0.9509 0.2757 -0.1404
vn -0.8297 -0.0385 -0.5570
vn -0.5939 -0.6770 -0.4348
vn -0.3304 0.9434 0.0286
vn -0.3453 0.4065 -0.8459
vn -0.4770 0.8166 -0.3249
vn 0.5730 -0.6844 0.4508
vn 0.5337 -0.8454 0.0219
vn 0.1570 -0.1347 0.9784
vn 0.1746 0.7553 -0.6317
vn -0.9531 0.1464 0.2648
vn -0.8948 0.3425 0.2865
vn -0.9179 -0.3632 0.1601
vn -0.9758 0.1769 -0.1284
vn 0.7749 0.4654 0.4277
vn 0.2768 0.6916 0.6671
vn -0.7587 0.6317 0.1592
vn 0.4674 0.6208 0.6295
vn 0.2561 -0.4776 -0.8405
vn 0.0038 -0.7749 -0.6321
vn -0.7988 -0.5982 -0.0638
vn 0.4236 0.3262 -0.8451
vn 0.9677 0.2257 -0.1126
vn 0.0999 0.9093 0.4040
vn 0.3178 -0.6405 0.6991
vn -0.3484 0.6247 0.6988
vn 0.0477 0.8689 -0.4926
vn -0.8937 0.1060 -0.4360
vn -0.8410 -0.1376 -0.5233
vn -0.6379 -0.6637 -0.3905
vn -0.0470 0.4569 0.8883
vn 0.0895 -0.1793 0.9797
vn -0.0919 -0.9942 -0.0562
vn -0.8008 -0.4946 0.3377
vn 0.5542 0.7882 0.2676
vn 0.8728 -0.2713 0.4058
vn -0.0470 -0.7685 0.6381
vn 0.2612 -0.4979 0.8269
vn 0.2613 -0.4979 0.8269
vn -0.2492 -0.9663 -0.0641
vn 0.7068 -0.7040 -0.0695
vn 0.9082 -0.4164 -0.0428
vn 0.9082 -0.4163 -0.0428
vn -0.6090 -0.7205 0.3316
vn 0.0838 0.9893 -0.1195
vn 0.9264 -0.3672 0.0830
vn 0.7788 0.3768 0.5015
vn -0.3485 0.6246 0.6989
vn -0.1063 -0.1111 0.9881
vn 0.6743 -0.5514 -0.4911
vn 0.7994 -0.6007 -0.0093
vn 0.9887 -0.0639 0.1354
vn 0.3343 -0.7773 -0.5330
vn -0.4392 -0.8706 0.2216
vn -0.0925 -0.9533 0.2875
vn -0.3685 0.7484 0.5515
vn 0.9877 0.0206 0.1552
vn 0.3346 0.9339 -0.1262
vn 0.8830 -0.0420 0.4675
vn 0.2646 0.7711 0.5791
vn -0.5340 0.7736 0.3411
vn 0.4611 0.4658 0.7553
vn 0.3468 -0.7857 -0.5122
vn -0.4131 -0.5410 -0.7326
vn 0.4743 -0.8494 0.2315
vn 0.1240 -0.7484 -0.6516
vn 0.5812 -0.6795 -0.4477
vn 0.1299 -0.2426 -0.9614
vn 0.4168 0.3174 0.8518
vn 0.4138 -0.0670 0.9079
vn 0.6738 -0.7007 0.2344
vn -0.6846 0.0260 0.7285
vn -0.9417 -0.0474 0.3331
vn -0.8442 -0.3467 0.4088
vn -0.8841 0.2146 0.4151
vn 0.5592 0.5934 0.5789
vn -0.6266 0.7760 0.0725
vn 0.1442 0.8377 -0.5267
vn 0.0212 0.8092 0.5872
vn 0.5472 0.0521 -0.8354
vn 0.3707 -0.6190 -0.6924
vn -0.4734 -0.3831 -0.7932
vn -0.0691 0.9746 0.2132
vn 0.5236 0.8030 0.2847
vn 0.0281 0.1189 0.9925
vn 0.4662 -0.4717 0.7484
vn 0.4662 -0.4718 0.7484
vn 0.0280 0.1189 0.9925
vn 0.4061 0.8570 -0.3172
vn 0.1620 0.6864 -0.7089
vn 0.4898 0.1587 0.8573
vn 0.6295 0.6897 0.3578
vn -0.7503 0.2434 0.6146
vn -0.7543 0.6444 0.1260
vn -0.6741 0.7224 -0.1541
vn 0.8830 -0.0420 0.4674
vn 0.9877 0.0207 0.1552
vn 0.1245 -0.2424 -0.9622
vn -0.9854 0.0299 0.1676
vn -0.8040 -0.5690 0.1728
vn 0.6739 -0.7007 0.2343
vn 0.3468 -0.7858 -0.5121
vn 0.1406 -0.4375 -0.8882
vn 0.7557 0.1252 -0.6428
vn -0.0581 0.9291 -0.3653
vn 0.1824 0.9385 0.2933
vn 0.4545 0.6000 0.6584
vn 0.0981 -0.3761 0.9214
vn -0.3679 -0.4816 0.7954
vn -0.0404 0.1456 -0.9885
vn -0.2654 0.5529 -0.7898
vn -0.2964 0.6557 -0.6944
vn 0.9024 0.2599 -0.3437
vn 0.0756 -0.5429 0.8364
vn -0.7586 0.6500 -0.0453
vn -0.5994 -0.7371 -0.3119
vn -0.0879 -0.8172 -0.5696
vn -0.3418 -0.5634 0.7521
vn -0.3772 -0.8366 -0.3972
vn -0.2548 0.6834 -0.6841
vn -0.5020 0.8494 -0.1632
vn -0.7791 0.4003 0.4824
vn 0.0250 -0.1182 -0.9927
vn 0.1700 -0.7816 -0.6001
vn -0.1255 -0.1460 -0.9813
vn -0.3772 -0.8367 -0.3971
vn 0.8353 -0.2539 0.4877
vn 0.4991 0.8550 -0.1408
vn -0.8575 -0.4083 0.3131
vn -0.7288 0.4619 -0.5055
vn -0.5862 0.7708 0.2493
vn -0.2046 0.9359 0.2869
vn 0.3713 0.9060 -0.2034
vn -0.1556 0.9728 -0.1715
vn 0.6561 -0.7436 -0.1287
vn 0.4626 -0.8803 -0.1053
vn 0.9349 -0.1039 -0.3393
vn -0.9469 -0.2140 -0.2399
vn 0.3403 -0.5310 0.7761
vn 0.0337 0.6262 0.7789
vn -0.8880 -0.4071 0.2139
vn -0.9086 0.0559 -0.4138
vn 0.5400 0.5623 -0.6263
vn -0.7109 0.1119 0.6944
vn -0.5753 -0.0476 0.8166
vn -0.2675 -0.7861 0.5573
vn -0.0597 0.6519 -0.7560
vn -0.1193 0.8326 -0.5408
vn -0.2717 -0.9361 0.2235
vn -0.7698 0.5241 -0.3644
vn 0.9353 0.1809 -0.3040
vn 0.9103 -0.3220 -0.2603
vn 0.4781 -0.8243 -0.3033
vn 0.6919 0.1708 0.7015
vn 0.7630 -0.1053 -0.6378
vn 0.8276 -0.1930 -0.5271
vn 0.7007 -0.7053 -0.1076
vn 0.0982 -0.9521 0.2897
vn 0.8276 -0.1931 -0.5271
vn 0.0348 0.9827 -0.1817
vn 0.7633 0.2003 -0.6143
vn 0.4535 0.4490 -0.7699
vn 0.3267 0.8515 -0.4101
vn -0.7726 0.3790 -0.5094
vn 0.4996 -0.4859 0.7171
vn -0.3831 -0.9194 0.0892
vn -0.3685 0.7484 0.5514
vn 0.8582 -0.1340 0.4955
vn 0.4113 0.8879 0.2063
vn 0.4997 -0.4860 0.7170
vn 0.1266 0.9352 -0.3308
vn -0.7790 -0.3938 -0.4880
vn -0.7478 0.2946 -0.5950
vn 0.1604 -0.1296 -0.9785
vn -0.2217 -0.2492 -0.9427
vn -0.1982 0.7795 0.5942
vn 0.4447 0.8117 -0.3788
vn 0.1100 -0.4927 0.8632
vn -0.7109 0.1118 0.6943
vn -0.2676 -0.7861 0.5572
vn 0.8950 -0.3731 0.2446
vn 0.8950 -0.3730 0.2446
vn 0.4650 0.7509 0.4690
vn 0.0090 -0.8614 -0.5078
vn -0.3059 -0.5700 -0.7625
vn -0.3808 -0.4658 -0.7987
vn -0.1126 0.4253 -0.8980
vn 0.0642 -0.9060 0.4184
vn 0.5472 0.0522 -0.8354
vn 0.6616 -0.2796 -0.6958
vn -0.0595 -0.8648 -0.4985
vn -0.1959 0.6401 -0.7429
vn -0.1883 0.9236 -0.3339
vn 0.1412 0.9150 -0.3779
vn -0.6367 -0.7498 -0.1798
vn 0.6623 -0.6701 0.3351
vn 0.5164 0.1959 0.8337
vn 0.9572 0.2385 0.1643
vn 0.4237 -0.3597 -0.8313
vn -0.3800 0.0932 -0.9203
vn 0.8629 0.1498 0.4826
vn 0.7193 0.6336 0.2848
vn 0.0721 -0.9364 0.3434
vn 0.5709 -0.4674 0.6750
vn -0.1618 0.8894 -0.4276
vn 0.6893 -0.1657 -0.7053
vn 0.5983 -0.1465 -0.7878
vn 0.1690 -0.8294 0.5325
vn -0.1914 0.9188 -0.3452
vn -0.5268 -0.8011 0.2842
vn -0.7575 -0.6343 -0.1542
vn 0.9299 -0.3654 -0.0416
vn 0.8089 -0.0171 -0.5878
vn 0.9150 -0.1924 -0.3547
vn -0.5267 -0.8012 0.2842
vn -0.7876 0.3730 0.4905
vn -0.9413 0.1115 -0.3185
vn 0.3614 -0.8372 0.4105
vn -0.2372 -0.9483 0.2110
vn 0.2296 -0.9688 0.0929
vn 0.8600 0.4432 0.2530
vn 0.0032 -0.0470 -0.9989
vn -0.0423 -0.9937 -0.1042
vn -0.0870 -0.9450 -0.3154
vn -0.0423 -0.9937 -0.1041
vn 0.9041 -0.4001 -0.1498
vn -0.5424 0.8102 -0.2220
vn -0.0879 0.7666 -0.6361
vn 0.2966 0.0248 0.9547
vn 0.4002 0.5342 0.7446
vn 0.6178 -0.7814 0.0883
vn 0.2307 0.8100 0.5391
vn 0.5803 0.7494 0.3187
vn -0.8949 -0.4112 0.1733
vn -0.8185 0.5623 0.1181
vn -0.5237 -0.8227 0.2213
vn 0.2101 -0.9385 0.2740
vn -0.8694 0.4742 0.1389
vn 0.4539 -0.2093 0.8661
vn 0.6924 0.6697 -0.2685
vn -0.5514 0.7592 0.3459
vn 0.5703 0.4799 0.6667
vn -0.9374 0.1552 0.3119
vn 0.6056 -0.5974 0.5257
vn -0.6585 -0.2412 0.7129
vn 0.1587 0.9539 0.2546
vn -0.1449 0.9762 -0.1615
vn -0.5057 -0.4175 0.7550
vn 0.8886 0.4290 0.1621
vn -0.1329 0.9646 -0.2278
vn 0.2508 -0.9540 -0.1640
vn -0.6346 -0.4756 0.6092
vn 0.7173 0.2064 0.6655
vn 0.8300 0.5255 -0.1871
vn 0.6980 -0.5260 0.4859
vn -0.5056 -0.4175 0.7550
vn 0.2834 -0.9452 0.1619
vn 0.2390 0.1415 -0.9606
vn 0.6556 0.5205 -0.5470
vn -0.8352 0.5499 0.0062
vn 0.1139 -0.0119 -0.9934
vn 0.9021 0.2331 -0.3632
vn 0.2721 0.1404 0.9520
vn 0.1532 0.7998 0.5803
vn 0.3689 0.8976 -0.2413
vn 0.8994 0.2615 0.3502
vn -0.4393 -0.8706 0.2216
vn 0.2474 -0.2678 -0.9312
vn -0.0709 -0.1958 -0.9781
vn -0.9392 -0.2689 -0.2133
vn -0.1976 0.7109 0.6750
vn 0.1240 -0.7483 -0.6516
vn -0.1801 0.9542 0.2388
vn -0.8814 -0.2903 0.3726
vn 0.8594 -0.0921 0.5029
vn 0.2645 0.7712 0.5791
vn 0.2156 -0.8843 -0.4141
vn 0.8619 -0.5023 0.0698
vn 0.8483 -0.3210 -0.4211
vn 0.5190 0.6820 -0.5153
vn 0.6472 -0.6596 -0.3822
vn 0.7006 -0.7054 -0.1076
vn 0.9728 0.2150 0.0863
vn 0.4202 0.4789 0.7708
vn 0.0901 -0.4644 0.8810
vn -0.6574 -0.5834 -0.4769
vn -0.0159 -0.8720 -0.4893
vn 0.2155 -0.8843 -0.4142
vn -0.4447 -0.4036 0.7996
vn -0.6906 -0.2288 0.6861
vn -0.6906 -0.2289 0.6861
vn -0.3867 0.9135 0.1262
vn -0.5999 0.6198 0.5059
vn -0.9700 0.1561 -0.1862
vn -0.9417 0.1613 -0.2953
vn -0.5047 0.6607 0.5556
vn 0.3128 -0.8483 -0.4272
vn 0.7067 -0.7040 -0.0695
vn 0.5362 -0.7084 -0.4589
vn -0.4114 -0.7909 -0.4530
vn -0.4113 -0.7909 -0.4530
vn -0.3884 -0.9015 0.1910
vn 0.7963 -0.6049 -0.0034
vn 0.4678 -0.7711 -0.4319
vn 0.8591 -0.0574 0.5085
vn 0.3415 -0.6652 -0.6640
vn 0.9057 -0.4231 0.0268
vn -0.6822 -0.7124 -0.1648
vn -0.5124 -0.5897 0.6243
vn -0.7110 0.7003 -0.0642
vn -0.1105 0.8802 -0.4616
vn -0.2143 0.7194 -0.6607
vn 0.0929 0.5284 0.8439
vn 0.1585 -0.5174 -0.8410
vn 0.5217 0.0069 0.8531
vn 0.6693 -0.7239 0.1675
vn 0.9306 -0.3566 -0.0827
vn 0.7717 0.5614 -0.2987
vn -0.7289 0.4619 -0.5054
vn 0.1043 -0.5231 0.8458
vn -0.2040 -0.8910 0.4055
vn 0.4711 -0.8815 0.0330
vn -0.9292 0.0885 0.3587
vn -0.1541 0.7451 -0.6488
vn 0.2391 0.1414 -0.9606
vn -0.1976 0.7110 0.6749
vn -0.5819 -0.3316 -0.7426
vn 0.1848 -0.4982 -0.8471
vn -0.5820 -0.3316 -0.7425
vn -0.7726 0.3790 -0.5093
vn 0.2830 -0.9525 0.1128
vn 0.8483 -0.3209 -0.4211
vn 0.5666 -0.7463 0.3492
vn -0.3842 -0.8665 0.3188
vn -0.6703 0.0445 0.7408
vn -0.6041 0.1116 0.7891
vn 0.3504 0.6265 0.6962
vn 0.7093 0.5868 0.3905
vn 0.8998 0.1033 -0.4239
vn -0.0336 -0.7887 -0.6138
vn 0.9919 0.1175 0.0472
vn 0.1299 -0.2427 -0.9614
vn 0.8967 -0.1616 -0.4120
vn 0.0037 -0.7750 -0.6320
vn 0.8967 -0.1616 -0.4121
vn 0.8527 -0.5207 0.0427
vn -0.6702 0.0445 0.7408
vn -0.1986 0.9734 0.1145
vn 0.6445 -0.7323 -0.2198
vn 0.8944 -0.1394 -0.4250
vn 0.2216 -0.6192 0.7533
vn -0.0346 0.5592 -0.8283
vn -0.0835 -0.9810 0.1750
vn 0.0825 -0.9717 -0.2212
vn 0.7834 -0.6136 -0.0990
vn -0.8861 0.4633 -0.0172
vn 0.6852 0.4565 0.5676
vn -0.3568 0.5530 -0.7529
vn -0.2568 -0.2775 -0.9258
vn 0.3186 -0.9412 0.1124
vn -0.7771 0.6290 -0.0216
vn 0.8759 -0.1693 -0.4518
vn -0.2265 -0.9140 -0.3365
vn -0.2265 -0.9140 -0.3366
vn -0.7817 0.1574 0.6035
vn 0.7106 -0.4302 0.5568
vn -0.4140 -0.9061 -0.0868
vn 0.6635 -0.3037 0.6838
vn 0.5146 -0.7984 -0.3126
vn -0.5159 0.7132 0.4746
vn 0.6639 -0.7017 0.2585
vn -0.3671 -0.8492 -0.3795
vn -0.0577 -0.9361 0.3469
vn -0.3859 -0.3480 0.8544
vn -0.9301 -0.0868 0.3570
vn 0.1958 0.9403 -0.2783
vn -0.5334 0.8456 -0.0215
vn -0.8688 0.4721 0.1495
vn 0.3048 -0.2804 0.9102
vn -0.4012 -0.7971 -0.4514
vn -0.1548 0.8666 0.4744
vn -0.4589 0.8669 -0.1944
vn -0.9292 0.0885 0.3588
vn -0.4844 -0.7785 0.3990
vn -0.9251 -0.0497 0.3764
vn 0.9081 -0.3840 -0.1670
vn -0.1225 -0.8635 0.4892
vn -0.1226 -0.8635 0.4892
vn -0.3689 -0.8777 0.3057
vn 0.3162 -0.7896 0.5258
vn -0.5305 -0.5222 0.6678
vn -0.3207 -0.4580 0.8291
vn -0.1942 -0.6002 -0.7759
vn -0.1943 -0.6001 -0.7759
vn -0.2396 -0.8394 0.4878
vn -0.9791 -0.1050 -0.1741
vn -0.7439 -0.2335 -0.6262
vn -0.1782 0.6308 -0.7552
vn 0.1101 -0.9884 0.1042
vn -0.7660 0.3914 -0.5099
vn -0.1204 0.8021 -0.5850
vn 0.1345 0.9898 0.0477
vn 0.6524 0.7020 0.2858
vn -0.8221 0.5591 -0.1078
vn 0.2767 0.6917 0.6671
vn -0.4826 0.4455 0.7540
vn -0.2325 0.0811 -0.9692
vn -0.9791 -0.1049 -0.1741
vn -0.9425 0.2389 0.2338
vn -0.7288 -0.1559 0.6668
vn 0.8568 -0.0519 -0.5130
vn -0.1743 0.9845 -0.0177
vn -0.2293 0.8945 0.3837
vn 0.9837 0.1417 -0.1111
vn 0.4650 0.7509 0.4691
vn -0.6645 -0.6943 0.2764
vn -0.4722 -0.7522 0.4595
vn -0.8980 0.3267 0.2949
vn -0.5733 0.7394 0.3530
vn -0.6645 -0.6942 0.2765
vn 0.4712 -0.8819 -0.0166
vn 0.4417 -0.8971 0.0056
vn 0.1988 -0.9388 0.2814
vn 0.9837 0.1417 -0.1112
vn -0.6989 0.6791 0.2243
vn -0.4922 -0.7723 0.4017
vn 0.4606 0.8729 -0.1609
vn -0.8980 0.3266 0.2949
vn 0.3713 0.9024 -0.2188
vn 0.2401 -0.9669 -0.0858
vn -0.1468 -0.9619 0.2308
vn -0.7112 -0.5566 0.4293
vn -0.5453 0.8377 0.0307
vn 0.1035 -0.6724 -0.7329
vn 0.5301 -0.8428 -0.0932
vn 0.8266 0.4376 -0.3540
vn 0.7852 0.4123 -0.4619
vn 0.8266 0.4376 -0.3539
vn 0.5282 -0.8486 -0.0285
vn 0.8492 -0.2696 -0.4541
vn -0.7299 0.6353 -0.2525
vn 0.4008 -0.8737 0.2757
vn 0.7853 0.4123 -0.4620
vn 0.2486 -0.9591 0.1353
vn -0.5256 -0.3588 0.7714
vn -0.7113 -0.5566 0.4293
vn -0.7248 -0.1889 -0.6625
vn 0.8156 0.1367 0.5622
vn 0.8605 -0.3444 -0.3753
vn -0.1594 0.8059 0.5702
vn 0.9651 0.1134 0.2360
vn 0.3288 0.9426 -0.0584
vn -0.4139 0.7662 0.4916
vn 0.5892 -0.5693 0.5734
vn -0.5031 0.8391 0.2071
vn 0.4061 0.8570 -0.3171
vn 0.5466 0.8262 -0.1362
vn 0.0440 -0.7098 0.7030
vn 0.4346 -0.3131 0.8444
vn 0.9674 -0.1379 -0.2124
vn 0.9618 0.0938 -0.2573
vn -0.4844 -0.7786 0.3990
vn -0.5256 -0.3589 0.7713
vn -0.7137 -0.6384 0.2883
vn 0.9081 -0.3840 -0.1669
vn -0.0408 0.9767 -0.2107
vn 0.4238 -0.8904 -0.1661
vn -0.7543 0.6443 0.1259
vn 0.5038 -0.8104 0.2989
vn 0.9768 -0.1774 -0.1195
vn -0.8950 0.3552 -0.2700
vn -0.9876 -0.1532 -0.0332
vn -0.5400 -0.7991 0.2642
vn -0.5888 0.4365 0.6803
vn 0.0476 0.8434 0.5352
vn 0.5880 0.7868 0.1876
vn 0.1816 -0.7976 -0.5752
vn 0.5724 -0.7684 -0.2863
vn 0.9755 0.2070 -0.0751
vn 0.7379 0.6197 -0.2673
vn 0.6887 0.5377 0.4864
vn 0.3825 0.7432 0.5489
vn -0.3156 0.9485 -0.0288
vn 0.1882 0.8835 0.4291
vn 0.5170 0.2719 0.8117
vn -0.3117 0.9457 0.0920
vn -0.7925 0.3553 0.4957
vn -0.9304 0.3182 0.1817
vn 0.6549 0.3999 0.6412
vn -0.8815 -0.4445 0.1591
vn 0.0694 0.8854 0.4597
vn 0.8507 0.5071 -0.1383
vn -0.6269 0.2218 0.7469
vn 0.8586 -0.4579 0.2304
vn 0.8826 -0.4208 -0.2097
vn -0.5431 0.7106 0.4472
vn 0.1689 -0.8295 0.5324
vn 0.0694 0.8854 0.4596
vn -0.7937 0.1012 0.5998
vn 0.8560 0.4424 0.2673
vn -0.2070 -0.4261 0.8807
vn -0.0876 0.6147 0.7839
vn 0.6800 -0.6880 -0.2535
vn 0.2822 -0.9474 0.1508
vn 0.3413 0.8713 0.3527
vn -0.0574 0.8492 -0.5250
vn 0.7198 0.6931 0.0396
vn 0.9887 0.1418 -0.0479
vn 0.2185 0.6347 0.7413
vn -0.2806 0.7309 -0.6222
vn 0.2276 0.2002 -0.9530
vn 0.9041 -0.4001 -0.1497
vn 0.7789 -0.6270 0.0082
vn 0.1487 -0.8640 0.4811
vn 0.1793 -0.9292 0.3231
vn 0.3247 -0.8166 0.4772
vn 0.6233 -0.6424 -0.4460
vn 0.1430 0.9895 0.0227
vn -0.0445 0.9218 -0.3851
vn 0.7826 0.6216 0.0338
vn 0.1440 0.8842 -0.4444
vn 0.2434 0.5835 0.7748
vn -0.2128 0.1461 0.9661
vn 0.2074 -0.6383 0.7413
vn 0.9021 0.2332 -0.3632
vn -0.3749 -0.9245 -0.0692
vn -0.4197 -0.9034 0.0883
vn -0.6804 -0.7323 -0.0278
vn 0.3048 -0.2803 0.9102
vn 0.8586 -0.4579 0.2306
vn -0.7540 -0.4488 0.4797
vn -0.6540 -0.5304 0.5394
vn -0.6539 -0.5304 0.5394
vn -0.4048 0.8040 0.4356
vn -0.9442 -0.1067 0.3115
vn -0.7540 -0.4488 0.4796
vn 0.9149 -0.1924 -0.3547
vn -0.4699 0.8085 0.3542
vn -0.8734 -0.4650 -0.1444
vn 0.5734 -0.7316 0.3687
vn 0.5735 -0.7316 0.3687
vn 0.0882 -0.9764 -0.1972
vn -0.7876 0.3730 0.4904
vn 0.0847 -0.9784 0.1884
vn 0.0642 -0.9060 0.4183
vn 0.0847 -0.9784 0.1885
vn -0.4790 0.6412 0.5994
vn -0.3045 -0.9376 0.1678
vn 0.9651 0.1135 0.2361
vn 0.3403 -0.5310 0.7760
vn 0.8038 0.5126 0.3021
vn 0.7173 0.1679 -0.6762
vn 0.6801 -0.6879 -0.2535
vn 0.4126 -0.8947 0.1710
vn 0.9133 0.4070 -0.0146
vn 0.6269 -0.1625 -0.7620
vn 0.6888 0.5376 0.4864
vn -0.3304 -0.3223 0.8871
vn -0.5048 0.6607 0.5556
vn 0.2720 0.1404 0.9520
vn -0.0422 -0.9032 0.4272
vn 0.7643 0.4455 0.4662
vn 0.7504 -0.5981 -0.2815
vn 0.8427 0.0594 -0.5352
vn -0.2070 -0.4262 0.8806
vn 0.1815 -0.7976 -0.5752
vn 0.9010 0.0878 -0.4249
vn -0.4741 0.1549 0.8667
vn -0.5414 -0.5194 -0.6612
vn -0.1041 -0.9786 -0.1772
vn -0.1426 0.9838 0.1089
vn 0.4405 -0.8859 -0.1453
vn -0.5048 -0.8598 -0.0774
vn 0.5145 -0.7985 -0.3126
vn 0.4209 0.7337 0.5334
vn -0.7169 -0.6159 -0.3267
vn -0.5102 -0.8536 -0.1047
vn 0.3640 0.8742 -0.3213
vn 0.1689 -0.9659 -0.1964
vn 0.0337 0.6263 0.7789
vn -0.4681 0.6786 -0.5661
vn -0.0025 -0.8683 0.4961
vn -0.3931 0.6894 0.6084
vn 0.0121 -0.5300 -0.8479
vn 0.8600 0.4432 0.2531
vn -0.9766 -0.0666 0.2046
vn -0.9583 0.1574 0.2383
vn 0.9410 0.3218 0.1049
vn -0.7791 0.4004 0.4824
vn -0.6098 -0.7022 0.3676
vn 0.1787 -0.5899 0.7874
vn -0.3929 0.8320 -0.3918
vn 0.8278 -0.5607 -0.0151
vn 0.8636 0.3627 -0.3501
vn 0.4631 -0.1342 0.8761
vn 0.3271 -0.7512 0.5733
vn 0.5931 0.0897 0.8001
vn -0.6211 0.6512 0.4360
vn -0.1063 -0.1112 0.9881
vn -0.2128 0.1462 0.9661
vn 0.0579 -0.8799 -0.4715
vn 0.0579 -0.8800 -0.4715
vn -0.8184 0.5623 0.1181
vn 0.1987 0.9659 0.1661
vn 0.0814 -0.9886 -0.1268
vn -0.7817 0.1574 0.6034
vn -0.0294 0.7891 0.6136
vn 0.7329 0.6004 0.3201
vn 0.3415 -0.6652 -0.6639
vn 0.2743 -0.3315 0.9027
vn 0.9024 0.2600 -0.3437
vn 0.8527 -0.5207 0.0428
vn 0.5702 0.4800 0.6667
vn 0.6402 0.4897 0.5919
vn -0.5847 0.1158 0.8030
vn -0.4922 -0.7723 0.4016
vn -0.8532 0.2777 0.4415
vn 0.5198 -0.5836 -0.6239
vn -0.0834 0.5666 -0.8198
vn 0.3657 -0.7972 -0.4803
vn 0.4165 0.1830 0.8905
vn -0.1934 0.7771 0.5990
vn 0.1314 -0.8334 0.5368
vn 0.3072 -0.3860 0.8698
vn 0.1144 -0.8813 0.4585
vn 0.2364 -0.6069 -0.7588
vn 0.5659 0.1390 -0.8127
vn -0.5400 -0.7991 0.2643
vn 0.4015 -0.9082 0.1186
vn 0.6619 -0.7392 0.1243
vn -0.8255 -0.5468 -0.1399
vn -0.6846 0.0261 0.7285
vn -0.2372 -0.9482 0.2111
vn -0.9297 -0.3107 0.1978
vn 0.1787 -0.5900 0.7874
vn -0.5994 -0.7371 -0.3120
vn 0.2051 0.1908 -0.9600
vn 0.1007 0.9705 -0.2190
vn -0.7743 -0.1851 0.6051
vn 0.5368 0.8022 0.2613
vn 0.4478 0.8811 -0.1521
vn 0.5573 -0.6761 -0.4819
vn -0.8220 0.5591 -0.1078
vn -0.7790 -0.3937 -0.4880
vn -0.9383 -0.3111 0.1511
vn 0.5169 0.2719 0.8117
vn 0.6666 0.7126 0.2190
vn -0.1982 0.7796 0.5941
vn -0.3188 -0.9336 -0.1638
vn -0.4702 -0.8678 -0.1609
vn -0.5414 -0.5195 -0.6611
vn -0.6642 -0.3426 -0.6644
vn 0.3573 -0.9102 -0.2097
vn 0.8887 0.4290 0.1620
vn -0.9877 -0.1531 -0.0332
vn 0.5659 0.1389 -0.8127
vn -0.5846 0.1159 0.8030
vn -0.9143 0.3926 0.0999
vn 0.2365 -0.6069 -0.7588
vn -0.3304 -0.3222 0.8871
vn 0.9728 0.2151 0.0863
vn -0.6523 -0.6090 -0.4513
vn -0.6742 0.7223 -0.1541
vn 0.6980 -0.5261 0.4858
vn 0.3645 -0.4937 -0.7895
vn -0.5338 0.6529 0.5374
vn -0.2372 -0.9482 0.2112
vn 0.1047 -0.3723 0.9222
vn 0.1103 -0.1293 0.9855
vn -0.1842 0.9139 0.3618
vn 0.7204 0.4674 -0.5123
vn 0.5059 0.6085 -0.6114
vn 0.3928 0.4682 -0.7915
vn -0.5149 -0.4279 0.7428
vn 0.3879 -0.4469 0.8061
vn -0.3442 -0.4403 0.8292
vn 0.6464 -0.3599 0.6727
vn 0.5330 -0.3113 0.7868
vn 0.2690 -0.5719 0.7750
vn -0.8576 -0.5060 0.0915
vn -0.5034 -0.8626 0.0501
vn -0.4035 -0.7988 0.4463
vn -0.9917 -0.1241 -0.0335
vn -0.7692 0.1974 -0.6077
vn -0.8950 0.2500 -0.3694
vn -0.0922 0.3196 -0.9431
vn -0.1654 0.5000 -0.8501
vn -0.5233 0.0585 -0.8502
vn -0.8018 0.4907 -0.3411
vn -0.7860 0.5168 -0.3395
vn -0.8866 0.4623 0.0144
vn 0.6604 0.4331 -0.6135
vn 0.9170 0.1924 -0.3494
vn 0.5887 0.5553 -0.5875
vn 0.7694 0.6387 -0.0041
vn 0.6828 0.0285 0.7301
vn 0.3254 0.0158 0.9454
vn -0.5769 -0.3827 0.7216
vn 0.9933 0.0380 -0.1087
vn 0.8288 -0.3574 0.4305
vn 0.9656 -0.1692 0.1974
vn -0.6628 0.6115 -0.4323
vn -0.5120 -0.5406 0.6676
vn 0.1328 -0.6768 0.7241
vn 0.2146 -0.7440 0.6327
vn -0.5177 -0.5916 0.6180
vn -0.9417 -0.2050 0.2668
vn -0.7957 -0.1021 0.5970
vn 0.7712 0.0256 -0.6361
vn 0.5672 0.0984 -0.8177
vn 0.9143 -0.3450 -0.2119
vn 0.9245 -0.3266 0.1968
vn -0.9677 -0.0183 -0.2514
vn 0.8820 -0.4283 0.1966
vn 0.9143 -0.3451 -0.2119
vn -0.2681 0.7706 -0.5782
vn -0.3160 0.6804 -0.6612
vn -0.6707 0.7351 -0.0992
vn 0.8238 0.1371 0.5500
vn 0.5712 0.0102 0.8207
vn -0.1854 -0.1568 0.9701
vn -0.9388 -0.0522 0.3405
vn -0.6767 0.0340 0.7354
vn -0.2381 -0.2070 0.9489
vn 0.6307 -0.0452 0.7747
vn 0.2212 -0.5374 0.8138
vn 0.8619 0.4242 -0.2777
vn 0.3091 0.9367 0.1645
vn 0.5226 0.3223 -0.7893
vn -0.9667 0.2229 -0.1260
vn -0.8887 -0.1435 0.4354
vn -0.8548 0.5040 -0.1238
vn 0.9816 0.1670 -0.0923
vn 0.8333 0.4911 -0.2539
vn 0.0723 0.8755 -0.4778
vn -0.5910 -0.4534 0.6672
vn -0.5358 -0.6842 0.4948
vn -0.9136 -0.0277 0.4057
vn -0.9207 0.3777 -0.0986
vn -0.6720 0.5590 -0.4857
vn -0.1002 0.8326 -0.5447
vn 0.2645 0.5308 -0.8051
vn 0.6029 -0.6955 0.3909
vn -0.9279 -0.2796 0.2467
vn -0.2107 0.5973 -0.7738
vn 0.2808 -0.7860 -0.5508
vn -0.0738 -0.5756 -0.8144
vn 0.5997 -0.3372 -0.7257
vn -0.8845 0.4445 -0.1417
vn -0.9714 0.0113 0.2373
vn 0.0042 0.6595 -0.7517
vn -0.5569 0.5630 -0.6107
vn 0.9830 0.1496 -0.1064
vn 0.3090 0.9367 0.1645
vn -0.2444 0.2462 -0.9379
vn -0.3871 -0.1717 0.9059
vn -0.4131 -0.0991 0.9053
vn 0.8512 -0.4879 0.1932
vn 0.4816 -0.7665 0.4249
vn 0.6470 0.6800 -0.3450
vn -0.8858 -0.3984 0.2381
vn -0.8508 0.0477 -0.5233
vn -0.9581 -0.2780 0.0685
vn -0.9124 -0.1374 0.3855
vn -0.9136 -0.0276 0.4057
vn -0.8682 0.4838 -0.1106
vn -0.7781 -0.1211 0.6163
vn -0.7883 -0.4123 0.4566
vn -0.9891 -0.1470 0.0077
vn -0.8527 -0.3391 0.3973
vn -0.0067 0.3018 -0.9534
vn -0.6014 -0.2926 0.7435
vn -0.1854 -0.1569 0.9701
vn 0.5712 0.0102 0.8208
vn -0.7762 -0.5797 0.2480
vn -0.6046 -0.2313 -0.7622
vn -0.9077 -0.2653 -0.3252
vn -0.5234 0.5564 0.6454
vn -0.9708 0.2324 -0.0589
vn -0.7957 -0.1020 0.5970
vn -0.9417 -0.2049 0.2667
vn 0.9417 0.2477 -0.2277
vn -0.5845 -0.1257 -0.8016
vn -0.0251 0.2772 -0.9605
vn 0.8297 -0.5320 -0.1692
vn 0.2900 -0.7618 0.5792
vn 0.1083 -0.9928 0.0520
vn 0.2318 0.1724 -0.9574
vn -0.2980 -0.0337 -0.9540
vn 0.5514 0.0504 -0.8327
vn -0.7547 0.0571 0.6536
vn -0.9790 -0.0727 -0.1904
vn -0.3245 -0.4297 0.8427
vn -0.4567 -0.7808 0.4265
vn -0.0355 0.0823 0.9960
vn 0.9011 0.2030 0.3831
vn -0.0275 -0.0947 0.9951
vn 0.6486 -0.5179 0.5577
vn 0.2408 -0.6415 0.7283
vn 0.9973 -0.0692 -0.0244
vn -0.0068 0.2350 0.9720
vn 0.8455 0.1860 0.5006
vn -0.3535 0.1777 0.9184
vn 0.9680 0.1485 -0.2021
vn 0.9769 0.1676 0.1324
vn 0.7972 0.2530 -0.5481
vn 0.0234 0.6871 -0.7262
vn 0.1682 0.8407 -0.5146
vn 0.4470 0.6911 0.5679
vn 0.4933 0.8337 0.2482
vn 0.1587 -0.0868 0.9835
vn 0.7995 0.1873 0.5707
vn 0.9561 0.2562 0.1419
vn 0.2278 0.3327 0.9151
vn -0.0012 0.0694 0.9976
vn 0.7766 -0.5880 0.2260
vn 0.1149 -0.8438 0.5242
vn -0.3274 -0.7895 0.5191
vn 0.9851 0.0051 -0.1717
vn 0.4676 0.3103 -0.8277
vn -0.4204 0.2984 -0.8569
vn -0.9559 0.0400 0.2910
vn -0.8433 0.5310 0.0827
vn -0.1334 0.4778 -0.8683
vn -0.7045 0.5360 -0.4652
vn 0.0970 0.3537 -0.9303
vn 0.0235 0.6870 -0.7262
vn 0.1682 0.8407 -0.5147
vn -0.7671 0.1194 -0.6303
vn -0.9559 0.0399 0.2910
vn -0.9514 0.2141 0.2214
vn -0.7106 -0.1326 -0.6910
vn 0.3319 -0.0406 -0.9424
vn 0.9810 0.1919 -0.0285
vn 0.6068 0.5849 -0.5383
vn 0.8759 0.4085 -0.2568
vn 0.9363 -0.0154 0.3508
vn 0.9421 -0.0091 0.3352
vn -0.9790 -0.0727 -0.1905
vn -0.8433 0.5310 0.0828
vn 0.8717 0.2334 -0.4308
vn -0.1630 0.3273 -0.9307
vn 0.1158 0.3190 -0.9406
vn -0.7189 -0.3619 0.5934
vn -0.7883 -0.4123 0.4567
vn -0.1801 -0.5463 0.8180
vn 0.1355 -0.4593 0.8779
vn 0.9663 0.2390 -0.0952
vn -0.6649 0.0813 0.7425
vn -0.7978 -0.0188 -0.6026
vn -0.9375 0.0977 0.3340
vn 0.3011 0.6837 -0.6647
vn 0.9860 -0.0483 -0.1593
vn -0.1194 0.0827 -0.9894
vn 0.8371 -0.2008 0.5089
vn 0.2898 -0.4693 0.8341
vn -0.6767 0.0340 0.7355
vn 0.2358 0.1593 0.9587
vn 0.7117 -0.6098 0.3488
vn 0.8545 -0.3072 -0.4189
vn 0.3925 0.3637 -0.8448
vn 0.6428 -0.1055 -0.7587
vn 0.2591 -0.1970 0.9455
vn -0.3486 -0.4129 0.8415
vn -0.1214 -0.0596 0.9908
vn -0.5610 0.5713 0.5991
vn -0.3344 -0.0416 0.9415
vn 0.7695 0.6387 -0.0041
vn 0.3013 0.5984 -0.7424
vn 0.2052 0.4387 -0.8749
vn -0.4422 -0.0379 0.8961
vn 0.6892 -0.7112 0.1385
vn 0.4617 0.8229 -0.3311
vn 0.6999 0.6882 0.1914
vn 0.6998 0.6882 0.1914
vn -0.2572 0.9475 0.1900
vn 0.4618 0.8229 -0.3311
vn -0.5898 -0.5313 -0.6081
vn -0.1279 0.4923 -0.8610
vn -0.5857 0.7695 0.2545
vn -0.7316 0.3567 0.5810
vn -0.1386 0.6889 -0.7115
vn -0.7428 -0.3583 0.5656
vn -0.8649 -0.2732 -0.4210
vn -0.6791 0.7281 -0.0935
vn 0.2217 0.4181 -0.8810
vn -0.5175 0.7767 -0.3591
vn 0.1672 -0.6478 0.7432
vn -0.5153 -0.1192 -0.8487
vn -0.1990 -0.4418 0.8747
vn -0.4567 -0.7808 0.4264
vn -0.9172 -0.2573 -0.3043
vn -0.8858 -0.3984 0.2380
vn -0.9891 -0.1470 0.0076
vn -0.6708 0.7350 -0.0990
vn -0.8434 0.5310 0.0828
vn 0.7255 0.2655 -0.6349
vn 0.5986 0.2238 -0.7692
vn 0.8341 -0.1718 -0.5242
vn 0.0422 0.6333 -0.7727
vn 0.6428 -0.1055 -0.7588
vn -0.3642 -0.0188 0.9311
vn 0.5759 -0.7306 0.3668
vn -0.4423 -0.7841 -0.4353
vn -0.7949 -0.2237 -0.5640
vn -0.4075 0.7629 -0.5020
vn -0.5146 -0.1687 0.8407
vn 0.5760 -0.7306 0.3667
vn -0.4188 -0.2189 0.8813
vn 0.9608 0.0773 0.2662
vn 0.8191 -0.0136 0.5735
vn 0.2592 -0.1970 0.9455
vn 0.4677 0.3103 -0.8276
vn 0.9851 0.0052 -0.1717
vn 0.9089 -0.0766 -0.4099
vn 0.9200 -0.3153 0.2328
vn -0.8670 0.4670 0.1737
vn -0.4075 0.7628 -0.5020
vn -0.5505 -0.6904 0.4693
vn -0.9870 0.1166 0.1109
vn -0.1814 0.2348 -0.9550
vn -0.8508 0.0477 -0.5234
vn -0.3443 -0.4403 0.8292
vn 0.6470 0.6800 -0.3449
vn 0.0553 -0.7969 0.6016
vn -0.9957 0.0921 -0.0048
vn 0.9933 0.0381 -0.1088
vn 0.2864 0.2468 0.9258
vn -0.0439 0.5065 -0.8611
vn 0.9561 0.2562 0.1420
vn 0.7976 0.1565 -0.5825
vn 0.6647 0.1559 -0.7307
vn 0.8564 0.2530 -0.4501
vn 0.1074 0.5737 -0.8120
vn 0.2904 -0.0389 -0.9561
vn -0.3123 0.0622 -0.9479
vn 0.8799 0.1797 -0.4398
vn -0.9652 -0.0305 0.2598
vn -0.6667 -0.5627 -0.4888
vn -0.6062 -0.2177 -0.7649
vn 0.1141 0.1866 -0.9758
vn -0.1990 -0.4418 0.8748
vn -0.6765 -0.6825 -0.2769
vn -0.9988 -0.0486 0.0076
vn -0.9988 -0.0487 0.0077
vn -0.9714 0.0112 0.2373
vn 0.0172 0.6512 -0.7587
vn 0.8760 0.4084 -0.2567
vn 0.3473 0.6614 -0.6647
vn -0.9652 -0.0306 0.2598
vn -0.6720 0.5591 -0.4856
vn 0.9017 0.0305 -0.4313
vn 0.6762 0.7195 0.1583
vn 0.4161 0.8822 -0.2205
vn 0.0458 0.5372 0.8422
vn -0.8334 -0.3298 0.4436
vn -0.6814 0.5821 -0.4437
vn -0.8334 -0.3298 0.4435
vn 0.1618 0.3514 -0.9221
vn -0.3485 -0.4128 0.8415
vn -0.7186 0.3197 0.6176
vn 0.0401 -0.0514 -0.9979
vn 0.7868 -0.5645 -0.2497
vn -0.9375 0.0977 0.3341
vn -0.2145 0.2179 0.9521
vn 0.8106 -0.0883 -0.5790
vn 0.5474 -0.0697 0.8339
vn 0.3091 0.9367 0.1646
vn 0.5997 -0.3371 -0.7257
vn -0.0114 0.9213 -0.3888
vn -0.8887 -0.1435 0.4355
vn -0.7881 -0.0740 -0.6111
vn -0.0806 0.0948 -0.9922
vn 0.5661 0.2533 -0.7845
vn -0.3496 -0.5098 0.7861
vn -0.3499 0.8556 -0.3815
vn 0.5225 0.3224 -0.7893
vn 0.4324 0.7730 -0.4643
vn -0.5610 0.5712 0.5992
vn -0.5571 -0.7083 0.4335
vn -0.0780 0.0187 -0.9968
vn -0.9514 0.2140 0.2213
vn 0.8254 0.2099 0.5240
vn -0.2935 0.5439 0.7862
vn 0.4474 -0.7384 0.5046
vn -0.4650 0.7496 -0.4711
vn -0.6643 -0.4100 0.6250
vn -0.9537 -0.2465 0.1725
vn -0.0439 0.5064 -0.8612
vn 0.1142 0.1867 -0.9758
vn -0.9388 -0.0523 0.3406
vn -0.1472 -0.4396 0.8861
vn 0.6448 -0.0478 -0.7629
vn 0.8731 -0.0216 -0.4871
vn -0.6083 0.5410 -0.5807
vn 0.9808 -0.1952 0.0015
vn 0.9362 -0.1639 0.3108
vn 0.6370 0.7158 -0.2860
vn 0.7000 0.5577 -0.4460
vn -0.6659 0.6842 0.2973
vn 0.1811 0.1453 0.9727
vn 0.9019 -0.0953 0.4212
vn 0.8601 -0.3451 0.3757
vn 0.6370 0.7158 -0.2861
vn -0.6953 0.7152 -0.0711
vn 0.7972 0.2530 -0.5482
vn 0.6447 -0.0478 -0.7629
vn 0.8730 -0.0216 -0.4872
vn 0.8601 -0.3452 0.3756
vn 0.4438 -0.0710 0.8933
vn -0.6952 0.7153 -0.0712
vn -0.5234 0.5563 0.6455
vn 0.7977 0.1564 -0.5825
vn 0.8254 0.2099 0.5241
vn -0.9341 0.2744 0.2283
vn 0.3010 0.6838 -0.6647
vn -0.9342 0.2743 0.2282
vn 0.3842 0.0278 0.9228
vn 0.9860 -0.0483 -0.1594
vn 0.5515 0.0504 -0.8327
vn 0.0387 0.6724 -0.7392
vn -0.2682 0.7706 -0.5781
vn -0.5857 0.7695 0.2546
vn -0.7522 0.0976 -0.6516
vn 0.0545 -0.0841 -0.9950
vn 0.0584 -0.1039 0.9929
vn -0.3245 -0.4296 0.8427
vn -0.7044 0.5360 -0.4652
vn 0.9810 0.1918 -0.0285
vn 0.8601 -0.3451 0.3756
vn -0.7240 -0.5135 0.4606
vn 0.4325 0.7729 -0.4643
vn -0.8192 -0.3629 0.4441
vn 0.9171 0.1924 -0.3493
vn 0.8106 -0.0883 -0.5789
vn 0.2690 -0.5719 0.7749
vn -0.1801 -0.5464 0.8180
vn 0.5771 0.0585 -0.8146
vn -0.8671 0.4669 0.1738
vn -0.9582 -0.2780 0.0684
vn 0.7694 0.6387 -0.0040
vn -0.4187 -0.2189 0.8813
vn 0.9200 -0.3152 0.2327
vn 0.2358 0.1594 0.9587
vn 0.6464 -0.3599 0.6728
vn -0.9773 0.0572 0.2040
vn -0.9956 -0.0891 -0.0283
vn -0.9716 0.0695 -0.2262
vn 0.9874 -0.1223 0.1001
vn 0.5332 0.1592 0.8309
vn 0.9535 -0.0934 0.2866
vn 0.2576 0.2263 0.9394
vn 0.3673 0.0999 0.9247
vn 0.6468 0.2395 0.7241
vn 0.8078 0.1105 -0.5789
vn 0.7743 0.5439 -0.3234
vn 0.9354 0.3534 0.0061
vn 0.5992 -0.2021 -0.7747
vn -0.0610 -0.1566 -0.9858
vn 0.1323 -0.3434 -0.9298
vn -0.7172 0.1025 -0.6892
vn -0.7138 -0.1132 -0.6911
vn -0.2779 0.1437 -0.9498
vn -0.0305 -0.5286 -0.8483
vn -0.0522 -0.5461 -0.8361
vn 0.2574 -0.6838 -0.6828
vn -0.9895 0.1099 0.0941
vn -0.8368 0.2836 0.4684
vn -0.9983 -0.0276 0.0521
vn -0.7741 -0.2883 0.5636
vn 0.0661 -0.1143 0.9912
vn 0.4091 -0.3113 0.8578
vn 0.9844 -0.1716 0.0376
vn -0.6444 0.3361 0.6869
vn 0.0008 0.3866 0.9222
vn -0.3240 0.3714 0.8701
vn -0.2306 -0.5466 -0.8050
vn 0.9983 0.0059 0.0576
vn 0.7467 0.3056 0.5908
vn 0.6790 0.4279 0.5966
vn 0.9974 0.0683 0.0229
vn 0.8050 -0.2457 -0.5400
vn 0.8777 -0.4262 -0.2189
vn -0.8479 0.4995 0.1776
vn -0.8880 0.4494 -0.0977
vn -0.4608 0.6780 0.5727
vn -0.2172 0.4913 0.8435
vn 0.3912 -0.1908 -0.9003
vn -0.1391 0.5635 0.8143
vn -0.6287 -0.4910 -0.6031
vn -0.6063 -0.3949 -0.6902
vn -0.0810 -0.7957 -0.6003
vn -0.1850 -0.0836 0.9792
vn 0.1957 -0.1737 0.9652
vn 0.8025 -0.3414 0.4893
vn 0.7684 -0.4052 -0.4953
vn 0.8262 -0.5617 -0.0433
vn 0.8453 -0.3071 0.4371
vn 0.1628 -0.0880 0.9827
vn 0.6796 0.1783 0.7116
vn -0.8845 0.0395 0.4648
vn -0.5692 -0.7611 0.3111
vn -0.9648 0.2338 -0.1209
vn 0.3410 -0.4476 -0.8267
vn 0.8494 -0.3524 -0.3928
vn 0.1297 -0.6497 -0.7491
vn -0.6964 0.2163 0.6843
vn -0.8892 -0.0364 0.4562
vn -0.8114 -0.5120 -0.2819
vn 0.9956 -0.0931 -0.0058
vn 0.9789 0.1932 -0.0673
vn 0.7825 -0.4456 -0.4348
vn 0.2500 -0.5751 -0.7790
vn -0.2313 -0.4826 -0.8448
vn -0.7344 -0.5032 -0.4554
vn -0.9421 -0.0191 -0.3349
vn -0.7344 -0.5032 -0.4553
vn 0.2828 0.6159 0.7354
vn -0.8892 -0.0364 0.4561
vn 0.8244 -0.1697 -0.5400
vn -0.6922 -0.2426 -0.6797
vn -0.0859 0.9896 -0.1150
vn -0.1673 0.8096 -0.5626
vn -0.6149 0.7886 0.0008
vn 0.1668 -0.6014 -0.7814
vn 0.6872 -0.4254 -0.5889
vn -0.8315 -0.2349 -0.5034
vn -0.3770 -0.3952 -0.8377
vn -0.6968 0.2374 0.6769
vn -0.5691 -0.7611 0.3111
vn -0.5897 0.1130 -0.7997
vn 0.8824 -0.3668 0.2945
vn 0.8578 -0.4363 0.2718
vn -0.0922 0.6053 0.7906
vn 0.4100 0.6220 0.6671
vn -0.9438 -0.2175 0.2490
vn 0.8589 -0.0521 -0.5095
vn 0.1180 -0.0926 -0.9887
vn 0.7275 -0.1048 -0.6781
vn 0.8277 -0.3439 -0.4434
vn 0.7825 -0.4457 -0.4348
vn 0.8243 -0.1697 -0.5400
vn 0.1563 -0.6426 -0.7501
vn 0.8903 -0.4127 -0.1924
vn 0.9505 -0.1019 -0.2936
vn 0.6362 -0.1995 -0.7453
vn 0.5992 -0.2021 -0.7746
vn 0.9097 -0.1593 -0.3835
vn -0.7620 0.1496 -0.6300
vn 0.9638 -0.2649 0.0301
vn 0.9009 0.1322 -0.4134
vn -0.0217 0.3246 -0.9456
vn 0.4428 0.0687 -0.8940
vn 0.8777 -0.4263 -0.2189
vn 0.4043 -0.9146 -0.0016
vn 0.3809 -0.4856 -0.7869
vn 0.8049 -0.2457 -0.5401
vn -0.8030 0.1930 0.5638
vn -0.1144 0.2587 -0.9591
vn -0.7431 0.1675 -0.6479
vn -0.2865 0.7902 0.5418
vn 0.6124 0.4902 0.6202
vn 0.5032 0.8512 0.1490
vn -0.8287 0.3378 -0.4462
vn -0.4203 0.3389 -0.8417
vn -0.8630 0.4913 -0.1178
vn 0.8056 -0.5715 -0.1564
vn 0.4652 -0.1745 -0.8678
vn 0.9453 -0.1017 0.3100
vn 0.9429 0.3295 -0.0478
vn 0.6073 -0.5058 0.6126
vn -0.3691 -0.0430 0.9284
vn 0.6969 -0.3534 0.6240
vn 0.2680 0.4096 0.8720
vn 0.6702 0.3090 0.6748
vn -0.5357 0.3919 0.7479
vn 0.4944 -0.6153 0.6140
vn -0.2545 -0.0968 0.9622
vn 0.6848 -0.6563 0.3167
vn -0.7485 0.2744 0.6037
vn -0.5515 0.1183 0.8257
vn -0.9283 0.2783 0.2467
vn -0.8409 -0.2627 -0.4732
vn -0.8698 -0.4359 -0.2313
vn -0.2592 -0.6811 0.6848
vn -0.5639 -0.6501 0.5093
vn 0.5812 -0.2948 0.7585
vn -0.1851 -0.1425 0.9723
vn -0.5812 0.0327 0.8131
vn 0.2749 -0.5975 0.7532
vn 0.5960 -0.4846 0.6403
vn 0.0237 0.6517 0.7581
vn 0.7192 0.5262 0.4538
vn 0.9342 0.3392 0.1110
vn -0.6621 0.3880 0.6412
vn -0.9519 0.2425 -0.1871
vn -0.4678 -0.0226 -0.8835
vn 0.6972 -0.4676 -0.5434
vn 0.2398 -0.7569 -0.6080
vn -0.7313 -0.0763 -0.6777
vn -0.1878 -0.4824 -0.8556
vn -0.8331 0.1296 -0.5377
vn -0.8409 -0.2628 -0.4732
vn -0.0347 -0.0805 -0.9962
vn 0.6973 -0.4675 -0.5434
vn 0.5576 -0.5834 -0.5906
vn 0.0299 0.1766 -0.9838
vn -0.7612 0.5439 -0.3532
vn -0.6689 0.1679 0.7242
vn -0.9930 -0.0676 0.0967
vn -0.8706 0.0483 0.4896
vn -0.2925 0.1666 0.9417
vn -0.3089 0.1698 0.9358
vn 0.4651 -0.1745 -0.8679
vn 0.2398 -0.7569 -0.6079
vn -0.8850 0.2690 0.3799
vn -0.6740 0.0677 -0.7357
vn -0.8317 0.1693 -0.5288
vn 0.9714 -0.1805 -0.1541
vn 0.9113 0.0540 0.4082
vn 0.7264 0.0573 0.6849
vn -0.7281 0.1518 0.6684
vn 0.7988 -0.6008 -0.0313
vn 0.0737 0.0146 -0.9972
vn 0.6834 -0.5287 -0.5034
vn -0.9552 -0.1963 -0.2215
vn -0.6262 0.4282 0.6516
vn -0.6047 0.3135 -0.7321
vn -0.0377 0.2236 0.9739
vn 0.6178 0.1343 0.7748
vn 0.3909 -0.4671 0.7931
vn 0.1493 0.5967 0.7885
vn -0.5788 0.7149 0.3923
vn -0.9494 0.1803 -0.2572
vn -0.7838 0.6210 0.0047
vn 0.5599 -0.1530 0.8143
vn 0.9490 -0.1231 0.2902
vn 0.7279 -0.4116 0.5484
vn 0.3879 -0.9197 -0.0606
vn 0.8060 -0.4748 0.3534
vn -0.7740 -0.2883 0.5637
vn -0.9590 -0.0911 -0.2685
vn -0.9039 0.0693 -0.4221
vn 0.8355 -0.4934 0.2417
vn -0.5788 0.7150 0.3922
vn 0.0829 0.7647 0.6390
vn -0.9079 -0.4040 0.1117
vn -0.6376 -0.4361 0.6351
vn -0.2423 -0.9645 -0.1050
vn 0.2280 0.5170 -0.8250
vn -0.7375 -0.0898 -0.6693
vn 0.0773 -0.9481 -0.3083
vn 0.5864 -0.7861 -0.1955
vn -0.7419 -0.3231 -0.5875
vn 0.9652 -0.1793 -0.1904
vn 0.3624 0.1301 -0.9229
vn -0.0691 -0.7949 -0.6028
vn -0.9059 0.0945 -0.4127
vn -0.3538 -0.6703 -0.6523
vn 0.7241 0.2842 0.6285
vn -0.1864 0.2958 -0.9369
vn 0.9020 -0.0644 0.4269
vn 0.4571 0.0500 -0.8880
vn 0.8589 -0.0520 -0.5096
vn -0.5358 0.3919 0.7479
vn -0.9499 0.2816 0.1355
vn -0.9418 0.3330 -0.0465
vn -0.7065 0.6389 0.3043
vn -0.8521 -0.1915 -0.4871
vn 0.8039 -0.4992 0.3232
vn 0.3013 0.6471 0.7003
vn 0.3903 0.7046 -0.5926
vn 0.2062 0.1720 -0.9633
vn -0.4984 -0.5621 -0.6601
vn 0.9107 -0.3828 0.1549
vn 0.3012 0.6471 0.7003
vn 0.9098 -0.3267 0.2559
vn -0.4094 0.1324 0.9027
vn -0.0869 0.0322 0.9957
vn 0.5599 -0.1529 0.8143
vn -0.9519 0.2425 -0.1870
vn -0.7268 0.5340 0.4320
vn -0.1979 0.4649 0.8630
vn 0.3449 -0.7494 -0.5652
vn -0.4984 -0.5620 -0.6601
vn -0.0690 -0.7949 -0.6028
vn 0.9743 0.2045 -0.0948
vn 0.5595 -0.4655 -0.6858
vn -0.6296 0.1503 -0.7623
vn 0.9535 -0.0935 0.2866
vn 0.7765 0.4343 0.4566
vn 0.5041 -0.3983 -0.7663
vn -0.6444 0.3361 0.6868
vn 0.2949 -0.5105 0.8077
vn -0.7922 -0.0746 -0.6057
vn -0.8987 0.3747 0.2280
vn -0.2864 0.7902 0.5418
vn -0.9180 0.3953 0.0309
vn -0.8992 0.2557 0.3552
vn -0.8816 -0.1032 -0.4607
vn -0.7477 0.5348 -0.3937
vn -0.4597 0.2506 -0.8520
vn -0.8666 0.3208 0.3821
vn 0.7204 -0.3976 -0.5683
vn 0.3634 0.4678 -0.8057
vn -0.0298 0.3138 -0.9490
vn -0.7822 0.2956 -0.5484
vn 0.9020 -0.0644 0.4270
vn 0.5673 0.4753 -0.6725
vn 0.5889 -0.2857 -0.7560
vn 0.5890 -0.2857 -0.7559
vn -0.8388 -0.2206 -0.4977
vn -0.8706 0.0484 0.4896
vn -0.9691 -0.1624 -0.1854
vn -0.2312 -0.4826 -0.8447
vn -0.7936 0.4503 0.4092
vn -0.6621 -0.4561 0.5947
vn -0.8440 -0.5161 0.1463
vn 0.2211 -0.7981 0.5605
vn 0.9232 -0.1807 -0.3392
vn -0.2117 -0.5230 -0.8256
vn -0.8629 0.1490 -0.4828
vn 0.9490 -0.1231 0.2903
vn 0.6221 -0.7662 -0.1607
vn -0.7936 0.4504 0.4091
vn -0.6276 0.4821 -0.6113
vn -0.2961 0.8381 0.4582
vn 0.6070 -0.6597 0.4431
vn -0.7728 0.5841 0.2483
vn 0.2601 -0.1195 0.9582
vn -0.5691 -0.7611 0.3112
vn -0.6150 0.7885 0.0008
vn -0.7476 0.5348 -0.3937
vn -0.7326 -0.6158 -0.2899
vn 0.0925 0.0679 -0.9934
vn -0.6346 0.3171 -0.7048
vn -0.9491 0.3040 -0.0822
vn 0.9663 -0.0181 0.2568
vn -0.5038 -0.6731 -0.5414
vn -0.9648 0.2337 -0.1209
vn -0.9492 -0.3145 0.0050
vn 0.9648 0.2327 -0.1223
vn -0.8845 0.0394 0.4648
vn -0.5984 0.3841 -0.7032
vn 0.5576 -0.5833 -0.5906
vn -0.2412 -0.1335 0.9613
vn 0.3716 -0.8897 0.2651
vn 0.4647 0.5533 0.6914
vn -0.4395 -0.5826 -0.6837
vn 0.9866 -0.1355 -0.0905
vn 0.7741 -0.1743 -0.6086
vn -0.7922 -0.0745 -0.6057
vn -0.7823 0.2956 -0.5484
vn -0.8629 0.1490 -0.4829
vn 0.8790 -0.0544 0.4736
vn -0.8184 0.5747 0.0017
vn -0.7851 0.5089 0.3530
vn -0.8388 -0.2207 -0.4978
vn 0.7685 -0.4052 -0.4953
vn -0.3175 -0.4062 -0.8569
vn -0.4426 0.4820 0.7562
vn -0.2384 0.3091 0.9207
vn -0.9200 -0.2760 0.2782
vn -0.9721 -0.0539 0.2282
vn 0.1948 -0.9203 -0.3392
vn 0.4377 -0.4791 0.7609
vn -0.1860 0.1930 0.9634
vn -0.0579 0.4098 0.9103
vn -0.9200 -0.2760 0.2781
vn -0.0389 -0.7988 -0.6003
vn -0.9283 0.2784 0.2466
vn -0.8184 0.5746 0.0017
vn 0.2061 0.1721 -0.9633
vn -0.0580 0.4099 0.9103
vn 0.3563 -0.1773 0.9174
vn -0.0390 -0.7988 -0.6003
vn 0.4043 -0.9146 -0.0015
vn -0.8987 0.3747 0.2281
vn 0.5200 -0.6317 -0.5750
vn -0.9552 -0.1964 -0.2215
vn 0.5200 -0.6316 -0.5750
vn 0.3555 -0.2926 0.8877
vn -0.6262 0.4282 0.6515
vn -0.8630 0.4913 -0.1177
vn -0.8497 -0.2399 -0.4695
vn -0.6286 -0.4910 -0.6031
vn -0.0449 -0.0481 -0.9978
vn -0.6163 0.5131 -0.5974
vn 0.6524 -0.3169 0.6885
vn 0.9453 -0.1018 0.3100
vn -0.1879 -0.4824 -0.8556
vn -0.6688 0.1679 0.7242
vn -0.0580 0.4098 0.9103
vn 0.9711 0.0025 -0.2387
vn 0.9711 0.0026 -0.2386
vn 0.9333 -0.1484 -0.3269
vn -0.7728 0.5841 0.2484
vn 0.6468 0.2396 0.7241
vn 0.9113 0.0541 0.4081
vn -0.8440 -0.5160 0.1463
vn -0.8702 0.4850 -0.0867
vn 0.3450 -0.7493 -0.5652
vn 0.7274 -0.1047 -0.6781
vn -0.7741 -0.2884 0.5636
vn -0.1980 0.4649 0.8629
vn 0.3908 -0.4671 0.7931
vn 0.2577 0.2263 0.9394
vn 0.1698 0.8871 0.4292
vn -0.1017 0.9138 0.3932
vn -0.1453 0.9779 0.1505
vn 0.0161 -0.9801 -0.1976
vn 0.7411 -0.6343 0.2200
vn 0.1746 -0.9805 -0.0897
vn 0.8609 -0.3811 0.3370
vn 0.7690 -0.5156 0.3779
vn 0.7163 -0.6955 0.0575
vn -0.3448 -0.6012 -0.7209
vn 0.1322 -0.5049 -0.8530
vn 0.2579 -0.7796 -0.5707
vn -0.7025 -0.4502 -0.5512
vn -0.8456 0.2262 -0.4835
vn -0.9224 -0.0185 -0.3857
vn -0.4662 0.8485 -0.2503
vn -0.6097 0.7861 -0.1018
vn -0.6253 0.5047 -0.5952
vn -0.9868 0.0652 -0.1484
vn -0.9896 0.0780 -0.1209
vn -0.9584 -0.2831 -0.0375
vn 0.1216 0.9368 0.3281
vn 0.5208 0.7612 0.3865
vn -0.0007 0.9160 0.4011
vn 0.2168 0.5237 0.8239
vn 0.6712 -0.3071 0.6746
vn 0.4486 -0.6541 0.6091
vn -0.0634 -0.9775 -0.2011
vn 0.7239 0.5484 0.4186
vn 0.9481 -0.0925 0.3041
vn 0.8919 0.2187 0.3959
vn -0.9705 0.2381 -0.0388
vn 0.0689 -0.9457 -0.3176
vn 0.6618 -0.7420 -0.1068
vn 0.7453 -0.6460 -0.1650
vn 0.0839 -0.9201 -0.3825
vn -0.5504 -0.7054 -0.4465
vn -0.4264 -0.8927 -0.1456
vn 0.4442 0.8940 0.0581
vn 0.2035 0.9770 -0.0643
vn 0.8673 0.4958 0.0441
vn 0.9532 0.1575 0.2582
vn -0.7940 -0.2251 -0.5647
vn 0.9805 0.1108 0.1622
vn 0.8673 0.4957 0.0441
vn 0.4443 0.8940 0.0581
vn -0.7907 0.5828 0.1874
vn -0.7924 0.6073 0.0581
vn -0.9775 -0.0148 0.2106
vn 0.6770 -0.0608 0.7335
vn 0.6153 -0.4393 0.6546
vn 0.1602 -0.9514 0.2629
vn -0.6227 -0.7250 -0.2943
vn -0.3848 -0.9198 0.0765
vn 0.1446 -0.9708 0.1913
vn 0.6843 -0.3886 0.6171
vn 0.6672 -0.7405 0.0809
vn 0.3562 0.7391 0.5717
vn -0.2801 0.2554 0.9254
vn 0.0422 0.9942 0.0988
vn -0.9090 -0.2652 -0.3216
vn -0.5091 -0.8083 -0.2957
vn -0.9885 -0.1398 -0.0579
vn 0.6418 0.5646 0.5190
vn 0.2995 0.7243 0.6210
vn -0.5671 0.6790 0.4663
vn -0.0441 -0.9569 -0.2869
vn 0.0979 -0.8488 -0.5196
vn -0.6036 -0.7624 -0.2332
vn -0.9592 -0.2254 -0.1708
vn -0.9582 0.2650 -0.1081
vn -0.6900 0.6467 0.3250
vn -0.2848 0.9491 0.1343
vn -0.6900 0.6467 0.3251
vn 0.9649 -0.2529 -0.0713
vn 0.2995 0.7244 0.6210
vn -0.4998 -0.7027 -0.5064
vn -0.6859 0.7276 -0.0117
vn 0.5640 0.3790 -0.7337
vn 0.1070 0.5020 -0.8583
vn 0.5070 0.7939 -0.3357
vn -0.9801 -0.1542 -0.1248
vn -0.7082 -0.6343 -0.3100
vn -0.5513 0.8222 0.1415
vn -0.8984 0.4241 -0.1138
vn 0.6502 0.5724 0.4997
vn -0.5394 0.7559 -0.3711
vn -0.0012 -0.9913 0.1313
vn -0.0645 -0.9826 0.1743
vn 0.9913 0.0834 0.1017
vn 0.9204 -0.3556 -0.1626
vn 0.0233 0.7700 0.6376
vn -0.3986 -0.7090 -0.5817
vn -0.8017 0.0768 -0.5928
vn -0.5630 -0.5642 -0.6039
vn -0.5419 -0.7748 -0.3255
vn -0.4999 -0.7027 -0.5064
vn -0.9840 -0.1625 -0.0729
vn -0.3973 -0.9065 -0.1430
vn -0.2672 -0.8551 -0.4444
vn -0.6779 -0.4904 -0.5476
vn -0.3735 -0.8134 -0.4460
vn -0.3916 0.8908 -0.2306
vn -0.1309 -0.9824 -0.1333
vn 0.1602 -0.9514 0.2628
vn 0.6152 -0.4393 0.6546
vn -0.2040 -0.7180 -0.6655
vn -0.4973 0.3139 -0.8088
vn -0.6171 -0.2031 -0.7602
vn -0.4265 -0.8927 -0.1456
vn -0.5953 -0.6313 0.4971
vn -0.9033 -0.3215 -0.2841
vn -0.4265 -0.8927 -0.1455
vn -0.5505 -0.7054 -0.4465
vn 0.5336 0.6840 0.4975
vn -0.5529 0.3854 -0.7387
vn -0.3928 0.8819 -0.2609
vn 0.9219 0.3701 -0.1146
vn 0.8027 -0.5715 -0.1706
vn 0.6840 -0.2678 -0.6785
vn -0.1308 0.9657 -0.2243
vn -0.4185 0.6687 -0.6145
vn 0.2164 0.9695 -0.1149
vn -0.4768 -0.8788 0.0202
vn -0.7573 -0.2969 -0.5817
vn 0.1865 -0.9802 -0.0665
vn 0.2017 -0.7816 -0.5902
vn 0.1403 -0.8407 0.5230
vn 0.6615 0.1338 0.7379
vn 0.2513 -0.8849 0.3921
vn 0.9313 -0.3256 0.1632
vn 0.7256 -0.6875 -0.0301
vn 0.8089 0.4490 0.3796
vn 0.0667 -0.7655 0.6399
vn 0.6540 0.0043 0.7565
vn -0.1797 -0.8911 0.4167
vn 0.6184 0.6468 0.4463
vn 0.6867 0.3713 0.6249
vn 0.3487 0.8932 0.2840
vn -0.5472 0.8168 0.1831
vn -0.4801 0.7437 0.4651
vn 0.0602 -0.0932 0.9938
vn -0.0580 0.2385 0.9694
vn 0.3885 -0.7893 0.4755
vn 0.6329 -0.0755 0.7705
vn 0.6201 0.3782 0.6873
vn 0.1783 -0.5851 0.7911
vn 0.1749 -0.8302 0.5293
vn 1.0000 -0.0052 0.0084
vn 0.7036 -0.6257 -0.3368
vn 0.3274 -0.8049 -0.4950
vn 0.7233 0.5892 0.3600
vn -0.0015 0.9989 0.0469
vn -0.6893 0.6223 -0.3711
vn -0.7015 -0.6653 -0.2557
vn -0.9507 -0.3030 0.0664
vn -0.5757 0.8098 -0.1131
vn -0.9652 0.2268 -0.1301
vn -0.3369 0.9320 -0.1342
vn -0.5472 0.8167 0.1831
vn -0.4801 0.7438 0.4650
vn -0.8026 0.2249 -0.5524
vn -0.7014 -0.6653 -0.2558
vn -0.8164 -0.5563 -0.1552
vn -0.6225 0.2328 -0.7472
vn 0.0764 0.9395 -0.3340
vn 0.6405 0.5168 0.5680
vn 0.0065 0.8904 0.4551
vn 0.3809 0.7232 0.5760
vn 0.8113 0.1171 0.5728
vn 0.8087 0.1347 0.5726
vn -0.9507 -0.3031 0.0664
vn 0.4437 0.8214 0.3584
vn -0.5230 0.8084 -0.2700
vn -0.3040 0.9397 -0.1569
vn -0.2136 -0.9265 -0.3099
vn 0.3623 -0.9264 -0.1023
vn 0.5684 -0.8120 0.1326
vn 0.5867 0.5799 0.5653
vn -0.4022 -0.9075 0.1210
vn -0.7384 0.1497 -0.6576
vn -0.7120 -0.6778 -0.1832
vn -0.3166 0.8880 0.3336
vn 0.7584 0.5645 0.3258
vn -0.3568 0.8108 -0.4639
vn 0.8787 -0.1126 0.4639
vn 0.6845 -0.7083 0.1727
vn -0.3848 -0.9198 0.0766
vn 0.2968 -0.6661 0.6842
vn 0.9892 -0.1447 0.0218
vn 0.7535 0.6553 -0.0528
vn -0.0952 0.9944 0.0458
vn 0.3958 0.9048 -0.1569
vn 0.5234 -0.7422 0.4186
vn 0.1577 -0.9853 -0.0650
vn 0.1567 -0.9137 0.3749
vn -0.6434 -0.6046 0.4696
vn -0.0297 -0.9623 0.2702
vn 0.2168 0.5236 0.8239
vn -0.2828 0.9307 0.2319
vn -0.2913 0.9566 0.0048
vn -0.1253 -0.9711 0.2033
vn 0.7535 0.6553 -0.0529
vn 0.9862 -0.0037 -0.1655
vn -0.2021 0.7144 0.6699
vn 0.1761 0.3397 0.9239
vn 0.1761 0.3396 0.9239
vn -0.7199 -0.0172 0.6938
vn -0.2020 0.7144 0.6699
vn -0.2744 0.1072 -0.9556
vn -0.5785 0.8100 -0.0961
vn -0.8551 -0.2682 0.4438
vn -0.6523 -0.7245 0.2226
vn -0.6708 0.7320 0.1194
vn -0.3986 -0.7090 -0.5818
vn -0.2403 -0.9125 -0.3311
vn -0.6001 -0.1045 -0.7931
vn -0.9786 -0.0253 0.2044
vn -0.2677 0.9635 -0.0063
vn -0.9399 0.2864 0.1859
vn 0.6755 -0.7349 -0.0604
vn -0.5134 0.4583 -0.7256
vn 0.2980 -0.9546 -0.0045
vn -0.6247 -0.2229 -0.7484
vn -0.6779 -0.4904 -0.5477
vn 0.8089 0.4490 0.3795
vn -0.9775 -0.0149 0.2106
vn 0.2668 0.9383 0.2200
vn 0.1640 0.9841 0.0677
vn 0.6345 0.7729 -0.0098
vn -0.5110 0.8499 0.1285
vn 0.3958 0.9048 -0.1570
vn -0.0685 -0.9606 0.2692
vn 0.9595 -0.2540 -0.1215
vn 0.0275 -0.0429 -0.9987
vn -0.6062 0.0620 -0.7929
vn -0.8775 0.4535 0.1560
vn -0.1160 -0.9922 0.0456
vn 0.9596 -0.2540 -0.1215
vn -0.0031 -0.9976 0.0696
vn 0.7569 0.2255 0.6134
vn 0.7679 -0.1242 0.6284
vn 0.5235 -0.7422 0.4186
vn -0.0014 0.9989 0.0469
vn 0.7233 0.5893 0.3600
vn 0.6609 0.7353 0.1503
vn 0.9508 0.1281 0.2820
vn -0.9113 -0.4086 0.0509
vn -0.9786 -0.0254 0.2044
vn 0.0847 -0.8354 -0.5431
vn -0.8102 -0.5050 -0.2977
vn -0.4876 0.7955 -0.3599
vn -0.8017 0.0769 -0.5928
vn 0.1745 -0.9806 -0.0897
vn 0.0232 0.7700 0.6376
vn 0.6464 -0.7054 -0.2909
vn -0.8276 -0.4172 -0.3756
vn 0.2771 -0.5915 0.7572
vn -0.5217 0.8518 -0.0480
vn 0.3988 0.8961 0.1946
vn 0.2638 0.9624 0.0641
vn 0.4159 0.8363 0.3572
vn -0.4335 0.8963 0.0935
vn 0.0403 0.9330 -0.3576
vn -0.4853 0.6835 -0.5453
vn 0.4798 0.8181 0.3171
vn -0.6737 -0.6622 -0.3282
vn -0.2894 -0.0373 -0.9565
vn -0.5072 0.3192 -0.8006
vn -0.2344 0.9325 -0.2747
vn 0.2980 -0.9546 -0.0044
vn -0.1799 -0.2549 -0.9501
vn -0.7438 -0.4677 -0.4775
vn -0.7438 -0.4678 -0.4775
vn -0.7081 -0.6344 -0.3101
vn -0.5379 0.8317 0.1377
vn 0.3810 0.7232 0.5761
vn -0.2675 0.9026 0.3372
vn -0.6736 -0.6622 -0.3283
vn 0.5871 0.7796 0.2179
vn 0.1320 0.3658 0.9213
vn -0.2485 0.6161 0.7474
vn -0.0998 -0.5486 0.8301
vn -0.3540 -0.8415 -0.4081
vn -0.9700 0.2315 -0.0748
vn -0.2834 0.9534 -0.1031
vn -0.6123 -0.7600 0.2179
vn -0.9399 0.2865 0.1859
vn -0.1554 0.8528 -0.4985
vn 0.8904 0.4105 -0.1968
vn -0.7120 -0.6778 -0.1833
vn -0.0884 -0.8464 0.5251
vn 0.5548 0.8318 0.0168
vn 0.6472 -0.4830 0.5898
vn -0.2801 0.2553 0.9254
vn 0.5069 0.7939 -0.3357
vn 0.0403 0.9330 -0.3577
vn -0.6397 0.5782 0.5064
vn -0.7000 0.1462 -0.6990
vn -0.3346 0.8339 -0.4389
vn 0.1179 0.9907 0.0682
vn 0.2022 -0.9653 -0.1654
vn -0.8616 0.4022 0.3095
vn 0.0421 0.9942 0.0988
vn -0.2242 0.8008 0.5554
vn -0.6433 -0.6047 0.4696
vn 0.0824 -0.8129 -0.5766
vn -0.2884 0.8182 -0.4974
vn -0.8164 -0.5563 -0.1553
vn 0.6293 -0.0181 0.7769
vn -0.3791 -0.6513 0.6574
vn 0.8945 -0.4311 -0.1185
vn -0.9075 0.3977 0.1352
vn -0.1359 -0.9420 -0.3070
vn -0.5555 -0.6420 -0.5284
vn -0.5217 0.8518 -0.0481
vn -0.2834 0.9534 -0.1032
vn 0.3393 -0.9403 0.0256
vn 0.3622 0.9251 -0.1143
vn 0.5837 0.8000 0.1388
vn -0.5379 0.8317 0.1376
vn -0.9700 0.2315 -0.0747
vn -0.6227 -0.7251 -0.2943
vn -0.9188 0.3696 -0.1389
vn 0.8765 0.3849 0.2892
vn 0.8906 0.1104 0.4411
vn 0.0071 0.7253 0.6884
vn 0.1149 0.8463 0.5202
vn -0.8574 -0.3639 0.3640
vn -0.8574 -0.3640 0.3640
vn 0.2658 -0.7064 0.6560
vn 0.8474 0.0200 0.5306
vn 0.9532 -0.0285 0.3010
vn 0.1148 0.8463 0.5203
vn -0.9786 -0.0552 0.1981
vn -0.5555 -0.6421 -0.5283
vn -0.1359 -0.9420 -0.3069
vn 0.3486 0.8932 0.2839
vn 0.3622 0.9251 -0.1144
vn -0.8276 -0.4171 -0.3755
vn 0.5805 -0.5805 0.5711
vn -0.9786 -0.0551 0.1981
vn -0.5952 -0.6313 0.4972
vn 0.3989 0.8961 0.1946
vn 0.6294 -0.0181 0.7769
vn -0.8372 -0.5379 -0.0986
vn -0.8372 -0.5379 -0.0987
vn 0.4821 -0.6052 0.6335
vn 0.7584 0.5646 0.3258
vn 0.2165 0.9695 -0.1149
vn -0.5295 0.8306 0.1725
vn -0.8550 -0.2682 0.4438
vn -0.7828 0.2438 -0.5725
vn -0.1243 0.8479 -0.5154
vn 0.3228 -0.8470 0.4224
vn 0.1865 -0.9802 -0.0664
vn 0.6406 0.5167 0.5680
vn -0.1566 -0.8573 -0.4904
vn -0.1565 -0.8573 -0.4904
vn -0.2242 0.8009 0.5552
vn -0.3232 -0.8447 -0.4267
vn 0.7163 -0.6954 0.0574
vn 0.3623 -0.9264 -0.1024
vn -0.4853 0.6834 -0.5454
vn 0.2355 0.9678 -0.0886
vn 0.6344 0.7729 -0.0099
vn -0.9113 -0.4086 0.0510
vn -0.5630 -0.5641 -0.6040
vn 0.2167 0.5237 0.8239
vn -0.0031 -0.9976 0.0697
vn 0.8609 -0.3812 0.3370
vn 0.8122 0.5197 -0.2652
vn 0.6564 0.7316 -0.1842
vn 0.4923 0.7876 -0.3707
vn -0.5946 -0.6994 0.3965
vn 0.2456 -0.9535 0.1748
vn -0.4351 -0.8058 0.4018
vn 0.5111 -0.8572 0.0634
vn 0.4280 -0.8796 0.2077
vn 0.0887 -0.9904 0.1056
vn -0.9752 -0.2204 -0.0198
vn -0.7720 -0.5102 -0.3791
vn -0.6362 -0.7669 -0.0847
vn -0.9721 0.1555 0.1754
vn -0.6798 0.7281 -0.0875
vn -0.7668 0.6238 0.1511
vn -0.0210 0.8990 -0.4375
vn -0.0211 0.9719 -0.2344
vn -0.5112 0.7507 -0.4186
vn -0.5934 0.7468 0.3002
vn -0.5694 0.7599 0.3137
vn -0.6647 0.4964 0.5584
vn 0.7388 0.5805 -0.3423
vn 0.9071 0.1760 -0.3823
vn 0.7162 0.6607 -0.2248
vn 0.9440 0.2682 0.1924
vn 0.6849 -0.6421 0.3445
vn 0.3573 -0.7241 0.5899
vn -0.6377 -0.6404 0.4281
vn 0.9361 -0.1143 -0.3326
vn 0.6702 -0.7251 -0.1583
vn 0.8526 -0.4636 -0.2410
vn -0.4255 0.8624 0.2742
vn -0.6353 -0.7237 0.2695
vn -0.0780 -0.9961 0.0402
vn -0.0298 -0.9954 -0.0911
vn -0.6613 -0.7222 0.2030
vn -0.9388 -0.1212 0.3225
vn -0.7494 -0.3151 0.5823
vn 0.6976 0.2960 -0.6525
vn 0.5235 0.5174 -0.6770
vn 0.7220 -0.2843 -0.6308
vn 0.7586 -0.5610 -0.3313
vn -0.9234 0.3750 0.0822
vn 0.6831 -0.6206 -0.3851
vn 0.6976 0.2961 -0.6525
vn -0.0080 0.9867 0.1621
vn -0.0887 0.9943 0.0585
vn -0.3726 0.7140 0.5927
vn 0.8459 -0.4728 0.2469
vn 0.5787 -0.6939 0.4285
vn -0.1797 -0.7471 0.6400
vn -0.8785 -0.0700 0.4726
vn -0.5833 -0.3459 0.7350
vn -0.2476 -0.7548 0.6074
vn 0.6125 -0.7120 0.3433
vn 0.0582 -0.9839 0.1689
vn 0.9410 0.2948 -0.1664
vn 0.6274 0.4520 0.6341
vn 0.5622 0.6589 -0.4998
vn -0.8310 0.4502 0.3267
vn -0.8591 -0.2094 0.4670
vn -0.6273 0.6148 0.4781
vn 0.9715 -0.0357 -0.2344
vn 0.9390 0.3296 -0.0983
vn 0.3522 0.9132 0.2051
vn -0.6785 -0.6471 0.3478
vn -0.7170 -0.6944 0.0608
vn -0.8430 -0.1046 0.5276
vn -0.7321 0.5258 0.4330
vn -0.4553 0.8664 0.2051
vn 0.1724 0.9687 0.1786
vn 0.3938 0.8675 -0.3038
vn 0.3378 -0.8773 -0.3409
vn 0.9715 -0.0357 -0.2343
vn -0.9532 -0.1606 0.2562
vn -0.0253 0.9942 -0.1047
vn -0.0424 -0.2071 -0.9774
vn -0.3129 0.1978 -0.9290
vn 0.4049 0.1504 -0.9019
vn -0.6769 0.5936 0.4353
vn -0.8918 0.0526 0.4494
vn 0.1986 0.9739 -0.1095
vn -0.3526 0.9318 0.0863
vn 0.9660 -0.0380 -0.2559
vn 0.6273 0.4520 0.6341
vn -0.1888 0.8787 -0.4384
vn -0.3766 -0.6682 0.6417
vn -0.3753 -0.6129 0.6953
vn 0.6331 -0.6519 -0.4173
vn 0.2013 -0.9228 -0.3284
vn 0.8269 0.5622 0.0114
vn -0.9562 -0.2442 0.1616
vn -0.8045 0.5852 -0.1012
vn -0.9899 -0.0278 0.1392
vn -0.8816 -0.1651 0.4422
vn -0.8430 -0.1045 0.5277
vn -0.6462 0.5948 0.4782
vn -0.7388 -0.3454 0.5787
vn -0.8590 -0.4284 0.2803
vn -0.9757 0.1104 0.1893
vn -0.9721 0.1554 0.1755
vn -0.8964 -0.3231 0.3035
vn 0.0521 0.8755 -0.4804
vn -0.6276 -0.5894 0.5086
vn 0.5788 -0.6938 0.4286
vn -0.9172 -0.3979 0.0208
vn -0.6849 0.5102 -0.5202
vn -0.9581 0.2463 -0.1464
vn -0.2604 0.0379 0.9647
vn -0.8282 0.4104 0.3816
vn -0.7494 -0.3150 0.5824
vn -0.9388 -0.1210 0.3225
vn 0.9558 0.1227 -0.2673
vn -0.6309 0.6051 -0.4857
vn 0.0258 0.8679 -0.4961
vn 0.5791 -0.4225 -0.6972
vn 0.0316 -0.9863 -0.1619
vn -0.2461 -0.7331 -0.6340
vn 0.2292 0.7386 -0.6339
vn -0.3384 0.7120 -0.6153
vn 0.4911 0.4987 -0.7142
vn -0.6521 -0.2558 0.7136
vn -0.9500 0.2977 0.0937
vn -0.4122 -0.8123 0.4126
vn -0.6805 -0.7292 -0.0722
vn 0.0460 -0.6359 0.7704
vn 0.9329 -0.3277 0.1492
vn -0.0090 -0.7570 0.6533
vn 0.4515 -0.8840 -0.1208
vn 0.0355 -0.9987 0.0355
vn 0.9063 -0.2471 -0.3430
vn 0.1254 -0.5217 0.8438
vn 0.8809 -0.4095 0.2373
vn -0.2214 -0.4474 0.8665
vn 0.9467 0.0317 -0.3205
vn 0.9786 -0.1922 -0.0730
vn 0.8065 0.3828 -0.4506
vn 0.2276 0.9705 -0.0791
vn 0.4277 0.8946 0.1296
vn 0.6900 -0.0278 0.7233
vn 0.7674 0.2832 0.5752
vn 0.1673 -0.7840 0.5978
vn 0.8419 -0.4479 0.3008
vn 0.9909 -0.1343 -0.0031
vn 0.3763 -0.4667 0.8004
vn 0.0736 -0.6532 0.7536
vn 0.5298 -0.7265 -0.4376
vn -0.1636 -0.9651 -0.2045
vn -0.5581 -0.8284 -0.0484
vn 0.9137 -0.0906 -0.3961
vn 0.5046 0.6896 -0.5194
vn -0.3308 0.8956 -0.2975
vn -0.8645 0.0310 0.5017
vn -0.5967 0.4855 0.6390
vn -0.0000 0.9626 -0.2708
vn -0.4927 0.8435 0.2139
vn 0.1684 0.8719 -0.4598
vn 0.4277 0.8946 0.1294
vn -0.7065 0.6907 -0.1544
vn -0.8645 0.0310 0.5018
vn -0.8024 0.1969 0.5633
vn -0.7456 0.5501 -0.3761
vn 0.2483 0.5619 -0.7891
vn 0.9829 -0.0636 -0.1728
vn 0.7461 0.6422 -0.1759
vn 0.9496 0.2663 -0.1656
vn 0.8872 -0.4608 -0.0245
vn 0.8940 -0.4469 -0.0332
vn -0.9500 0.2977 0.0936
vn 0.8752 0.2708 -0.4009
vn -0.0838 0.9110 -0.4038
vn 0.1733 0.8515 -0.4948
vn -0.7695 -0.5053 0.3905
vn -0.8590 -0.4284 0.2804
vn -0.3197 -0.9055 0.2792
vn 0.0089 -0.9573 0.2889
vn 0.9824 0.0183 -0.1856
vn -0.5553 -0.3213 0.7671
vn -0.7825 0.5842 -0.2154
vn -0.8247 0.0358 0.5644
vn 0.4889 0.8646 -0.1156
vn 0.8963 -0.1357 -0.4222
vn -0.1323 0.7768 -0.6157
vn 0.7370 -0.6759 -0.0039
vn 0.1474 -0.9670 0.2079
vn 0.3248 -0.6165 0.7172
vn 0.4677 -0.8133 -0.3462
vn 0.6690 -0.1002 -0.7364
vn 0.4525 0.7542 -0.4758
vn 0.5252 0.3212 -0.7880
vn 0.2204 -0.8539 0.4714
vn -0.4288 -0.7948 0.4294
vn -0.0845 -0.7097 0.6994
vn -0.2925 0.0887 0.9521
vn -0.2797 -0.6165 0.7360
vn 0.9440 0.2681 0.1924
vn 0.4551 0.8613 -0.2260
vn 0.3024 0.8670 -0.3961
vn -0.3814 -0.5587 0.7365
vn 0.6690 -0.1002 -0.7365
vn 0.4002 -0.7295 -0.5546
vn 0.7049 0.6897 0.1657
vn 0.9062 0.1795 0.3828
vn 0.9063 0.1795 0.3827
vn 0.1032 0.5648 0.8188
vn 0.7049 0.6897 0.1656
vn -0.7691 0.1954 -0.6085
vn 0.0105 0.9661 -0.2578
vn -0.2631 0.4704 0.8423
vn -0.5285 -0.0067 0.8489
vn 0.0774 0.9968 -0.0217
vn -0.9562 -0.2443 0.1616
vn -0.7919 -0.4782 0.3797
vn -0.9257 0.2990 -0.2316
vn -0.3825 0.7072 0.5946
vn 0.3102 0.8537 -0.4183
vn -0.2278 0.8914 0.3918
vn -0.0346 -0.9974 0.0627
vn -0.5663 0.6274 -0.5345
vn -0.2976 -0.8704 0.3922
vn -0.6805 -0.7291 -0.0722
vn -0.9631 0.2391 -0.1238
vn -0.9562 -0.2442 0.1615
vn -0.9757 0.1104 0.1892
vn 0.9063 -0.2470 -0.3430
vn -0.3726 0.7139 0.5928
vn -0.5967 0.4855 0.6389
vn 0.7395 0.4678 -0.4840
vn 0.5995 0.5614 -0.5705
vn 0.6924 0.0699 -0.7181
vn 0.2238 0.9627 -0.1520
vn -0.3000 -0.5873 0.7517
vn 0.2991 -0.8783 -0.3731
vn -0.7116 -0.1294 -0.6905
vn -0.8501 0.4176 -0.3209
vn -0.1371 0.9584 0.2505
vn -0.4980 -0.5926 0.6331
vn 0.2991 -0.8782 -0.3732
vn -0.4240 -0.6760 0.6027
vn 0.9385 -0.3439 -0.0317
vn 0.7895 -0.5904 0.1676
vn 0.2204 -0.8540 0.4713
vn 0.5047 0.6896 -0.5193
vn 0.9137 -0.0905 -0.3961
vn 0.8016 0.0378 -0.5966
vn 0.7603 -0.5776 -0.2973
vn -0.6367 0.3835 0.6690
vn -0.1371 0.9584 0.2504
vn -0.3825 0.7071 0.5947
vn -0.7342 -0.6776 0.0429
vn -0.8755 0.2161 0.4321
vn -0.7342 -0.6775 0.0429
vn -0.1349 0.8693 -0.4756
vn -0.8045 0.5853 -0.1012
vn -0.4351 -0.8057 0.4018
vn -0.8756 0.2161 0.4321
vn -0.1989 -0.9746 -0.1025
vn -0.8982 0.2827 0.3365
vn 0.9361 -0.1142 -0.3326
vn 0.4013 -0.5452 0.7360
vn 0.0941 0.9576 -0.2723
vn 0.7712 0.3413 -0.5374
vn 0.6393 0.4740 -0.6055
vn 0.8668 0.3009 -0.3977
vn 0.2617 0.9357 -0.2368
vn 0.2095 0.5817 -0.7859
vn -0.3177 0.7759 -0.5450
vn 0.8634 0.2390 -0.4443
vn -0.8996 0.0071 0.4367
vn -0.8460 0.1071 -0.5224
vn -0.6818 0.5216 -0.5130
vn 0.1233 0.7869 -0.6047
vn -0.8867 -0.1207 -0.4464
vn -0.9501 0.1792 0.2554
vn -0.8918 0.0525 0.4494
vn 0.2075 0.9704 -0.1235
vn 0.9496 0.2662 -0.1656
vn 0.5243 0.8394 -0.1432
vn -0.8996 0.0072 0.4366
vn 0.8316 0.1270 -0.5406
vn 0.8935 0.2291 0.3861
vn 0.6887 0.6622 0.2953
vn 0.2746 -0.2372 0.9318
vn -0.8726 -0.3534 0.3371
vn -0.4539 0.8546 0.2524
vn -0.8726 -0.3534 0.3370
vn 0.2286 0.8505 -0.4738
vn -0.4288 -0.7949 0.4294
vn -0.5276 -0.0604 0.8474
vn 0.8316 0.1271 -0.5407
vn -0.0309 0.6571 -0.7532
vn 0.5236 -0.3787 -0.7632
vn -0.0756 -0.4741 0.8772
vn -0.5552 -0.3213 0.7671
vn 0.6972 0.1700 -0.6965
vn 0.5290 -0.7521 0.3930
vn 0.6274 0.4520 0.6342
vn 0.4050 0.1504 -0.9019
vn 0.2095 0.5817 -0.7860
vn 0.2946 0.8999 0.3215
vn -0.8591 -0.2095 0.4670
vn -0.7933 0.5506 -0.2597
vn -0.0920 0.7786 -0.6208
vn 0.5787 0.5993 -0.5532
vn -0.4669 -0.8213 0.3278
vn -0.0445 0.9241 0.3796
vn 0.5621 0.6589 -0.4998
vn 0.6531 0.7558 0.0471
vn -0.2926 0.0887 0.9521
vn -0.7485 -0.6631 0.0079
vn -0.1165 0.7297 -0.6738
vn 0.8717 -0.4055 0.2751
vn -0.0429 -0.1194 0.9919
vn 0.1831 -0.9523 -0.2441
vn -0.1940 0.9402 0.2800
vn -0.7338 -0.5720 0.3664
vn -0.9694 -0.0805 0.2321
vn 0.0941 0.9576 -0.2724
vn 0.1234 0.7869 -0.6047
vn 0.2286 0.8505 -0.4737
vn -0.2479 -0.8881 0.3870
vn 0.5472 0.3628 -0.7543
vn 0.7836 0.1371 -0.6059
vn 0.2074 0.9704 -0.1235
vn -0.4538 0.8546 0.2525
vn -0.5832 -0.3459 0.7350
vn -0.4069 0.9070 0.1080
vn 0.8477 -0.3471 -0.4012
vn 0.8327 -0.5334 -0.1487
vn 0.8333 0.5472 0.0792
vn 0.8283 0.5387 -0.1542
vn -0.3661 0.4001 0.8402
vn 0.2695 -0.6239 0.7336
vn 0.8304 -0.5569 -0.0165
vn 0.7009 -0.6852 -0.1982
vn 0.8283 0.5387 -0.1541
vn 0.8332 0.5473 0.0791
vn -0.4012 0.6862 0.6068
vn -0.7338 -0.5720 0.3665
vn 0.7836 0.1372 -0.6059
vn -0.8500 0.4176 -0.3210
vn -0.8982 0.2828 0.3365
vn 0.7009 -0.6851 -0.1982
vn 0.4346 -0.7721 0.4636
vn -0.4011 0.6863 0.6068
vn -0.2604 0.0378 0.9648
vn 0.7712 0.3412 -0.5374
vn -0.7646 0.2292 0.6023
vn 0.4889 0.8647 -0.1156
vn -0.7647 0.2292 0.6023
vn 0.4153 -0.7129 0.5651
vn 0.8963 -0.1356 -0.4222
vn 0.5787 0.5992 -0.5532
vn 0.2360 0.9664 -0.1021
vn -0.0080 0.9867 0.1622
vn -0.2632 0.4704 0.8423
vn -0.7014 0.6876 -0.1879
vn -0.0288 0.6298 -0.7762
vn 0.0680 -0.7803 0.6217
vn -0.4122 -0.8123 0.4127
vn 0.9829 -0.0637 -0.1728
vn 0.7010 -0.6851 -0.1982
vn -0.8343 -0.5137 0.1998
vn -0.8343 -0.5138 0.1998
vn 0.6531 0.7558 0.0470
vn -0.8710 -0.3794 0.3121
vn 0.9072 0.1759 -0.3823
vn 0.6972 0.1700 -0.6964
vn 0.0887 -0.9905 0.1055
vn -0.3197 -0.9055 0.2791
vn 0.6888 0.6621 0.2953
vn 0.5189 0.4859 -0.7033
vn -0.6368 0.3834 0.6690
vn -0.9899 -0.0277 0.1391
vn 0.9440 0.2681 0.1925
vn 0.7603 -0.5775 -0.2973
vn -0.2782 -0.7224 -0.6331
vn -0.0163 -0.8001 -0.5997
vn 0.1311 -0.6529 -0.7460
vn 0.0052 0.6472 0.7623
vn -0.8041 0.3921 0.4468
vn -0.1838 0.6157 0.7663
vn -0.9454 0.2148 0.2450
vn -0.8890 0.2169 0.4032
vn -0.7161 0.5436 0.4379
vn 0.5799 0.7541 0.3084
vn 0.2131 0.9761 0.0430
vn -0.0393 0.9294 0.3670
vn 0.8395 0.4209 0.3436
vn 0.9842 -0.0160 -0.1764
vn 0.9953 0.0001 0.0973
vn 0.5835 -0.3792 -0.7181
vn 0.6451 -0.5163 -0.5633
vn 0.8521 0.0114 -0.5233
vn 0.9571 -0.2528 0.1418
vn 0.9486 -0.2821 0.1431
vn 0.8608 -0.1598 0.4832
vn -0.1882 -0.6826 -0.7061
vn -0.5845 -0.5054 -0.6348
vn -0.1106 -0.7728 -0.6249
vn -0.5138 -0.8421 -0.1639
vn -0.9144 -0.1566 0.3734
vn -0.7086 -0.0095 0.7055
vn 0.0785 0.6213 0.7796
vn -0.7954 -0.3562 -0.4904
vn -0.9908 0.1286 -0.0422
vn -0.9588 -0.1176 -0.2585
vn 0.9068 -0.4202 0.0338
vn 0.0113 0.7442 0.6679
vn -0.5997 0.6791 0.4233
vn -0.6436 0.7069 0.2934
vn 0.0274 0.7886 0.6143
vn 0.6407 0.5157 0.5689
vn 0.3875 0.4103 0.8255
vn -0.3660 -0.3349 -0.8683
vn -0.0909 -0.3608 -0.9282
vn -0.7676 0.0183 -0.6407
vn -0.9590 0.0436 -0.2799
vn 0.9426 0.2892 0.1670
vn -0.9457 0.1528 -0.2870
vn -0.3659 -0.3349 -0.8683
vn 0.6706 -0.7093 -0.2171
vn 0.7292 -0.6186 -0.2925
vn 0.7894 -0.4970 0.3603
vn -0.9285 -0.3231 0.1831
vn -0.8641 -0.0946 0.4943
vn -0.3201 0.3146 0.8936
vn 0.6392 0.3788 0.6693
vn 0.2529 0.2604 0.9318
vn -0.2766 0.3760 0.8844
vn -0.9068 -0.0659 0.4163
vn -0.6849 0.5302 0.4998
vn -0.5171 -0.6990 -0.4940
vn -0.1274 -0.9616 0.2430
vn -0.0146 -0.5551 -0.8316
vn 0.9393 0.0752 0.3347
vn 0.5320 0.4601 0.7109
vn 0.9062 -0.2245 0.3583
vn -0.7633 -0.4726 -0.4405
vn -0.4881 -0.7506 -0.4454
vn 0.3560 -0.9026 -0.2420
vn 0.0993 0.6864 0.7204
vn 0.0782 0.8677 0.4908
vn 0.5933 0.3551 0.7224
vn 0.9225 -0.0820 0.3771
vn 0.9272 -0.3739 -0.0220
vn 0.5252 -0.8161 -0.2411
vn 0.2619 -0.6737 -0.6911
vn -0.8555 0.5135 -0.0660
vn -0.7634 -0.4726 -0.4404
vn 0.6209 0.5795 0.5279
vn 0.6713 -0.5855 -0.4544
vn -0.1684 0.5929 -0.7875
vn 0.3048 0.4747 -0.8257
vn -0.2603 0.0507 -0.9642
vn 0.9264 -0.1612 0.3404
vn 0.7289 0.3173 0.6067
vn 0.4906 -0.7085 -0.5074
vn 0.8864 -0.4273 -0.1781
vn -0.7621 -0.4581 -0.4575
vn 0.6953 -0.2620 -0.6693
vn -0.1209 0.3840 0.9154
vn -0.0816 0.3234 0.9427
vn -0.9313 0.2183 -0.2917
vn -0.7831 0.6219 -0.0036
vn -0.2433 -0.8814 -0.4049
vn 0.5616 0.6776 0.4748
vn 0.9816 0.1600 -0.1046
vn 0.7288 0.5674 0.3834
vn 0.5765 0.4561 0.6779
vn 0.5933 0.3550 0.7224
vn 0.9071 -0.1998 0.3705
vn 0.3592 0.4250 0.8309
vn 0.3746 0.6851 0.6247
vn 0.8131 0.4465 0.3736
vn 0.8394 0.4210 0.3437
vn 0.4738 0.6294 0.6160
vn 0.5107 -0.3900 -0.7662
vn 0.1100 0.5463 0.8303
vn -0.3201 0.3147 0.8936
vn -0.8641 -0.0946 0.4944
vn 0.4216 0.8159 0.3958
vn 0.8157 0.3201 -0.4819
vn 0.8685 0.4954 0.0185
vn 0.2814 -0.2902 0.9146
vn 0.9144 0.0751 0.3978
vn 0.3875 0.4103 0.8256
vn 0.6407 0.5156 0.5689
vn -0.6487 -0.5515 -0.5243
vn 0.8405 0.2098 -0.4996
vn 0.5242 -0.3619 -0.7709
vn -0.7570 0.2258 -0.6132
vn -0.6879 0.6943 0.2113
vn -0.3432 0.9094 -0.2349
vn 0.2780 -0.3423 -0.8975
vn 0.6849 0.0169 -0.7285
vn -0.0814 -0.3122 -0.9465
vn 0.3626 0.2536 0.8967
vn 0.9120 0.3509 0.2124
vn -0.2045 0.6010 0.7726
vn 0.0195 0.9267 0.3754
vn -0.4064 0.0453 0.9126
vn -0.9035 -0.4281 0.0203
vn -0.4532 0.2099 0.8664
vn -0.9307 0.3505 0.1049
vn -0.6864 0.6128 0.3916
vn -0.8618 -0.2467 -0.4432
vn -0.3852 -0.1105 0.9162
vn -0.9133 -0.3816 0.1425
vn -0.0758 0.0452 0.9961
vn -0.7057 -0.4632 -0.5362
vn -0.8620 -0.4464 -0.2400
vn -0.3767 -0.5478 -0.7470
vn 0.4686 -0.7375 -0.4863
vn 0.2824 -0.9037 -0.3217
vn -0.4865 -0.7272 0.4842
vn -0.3476 -0.9121 0.2175
vn -0.6061 0.1433 0.7824
vn -0.9056 -0.3606 0.2232
vn -0.8283 -0.5225 -0.2020
vn -0.5386 -0.2819 0.7940
vn -0.4395 0.0471 0.8970
vn -0.9050 0.3396 -0.2564
vn -0.5309 0.8198 0.2144
vn -0.1361 0.9052 0.4025
vn -0.7670 -0.3297 -0.5504
vn 0.0474 -0.5310 -0.8460
vn 0.8214 -0.2477 -0.5138
vn 0.6976 0.2914 0.6545
vn 0.8080 -0.2303 0.5423
vn 0.6208 -0.5073 -0.5978
vn 0.9405 -0.3398 0.0037
vn 0.4228 -0.4686 -0.7756
vn 0.2825 -0.9037 -0.3218
vn 0.9749 0.0543 -0.2158
vn 0.6976 0.2915 0.6545
vn 0.7652 0.1179 0.6329
vn 0.8966 0.2679 -0.3525
vn 0.1366 -0.1705 -0.9758
vn -0.7864 -0.4886 -0.3780
vn -0.1420 -0.8009 -0.5818
vn -0.5423 -0.6862 -0.4849
vn -0.9688 -0.2364 -0.0745
vn -0.9652 -0.2459 -0.0891
vn 0.9120 0.3509 0.2123
vn -0.4990 -0.5392 -0.6785
vn 0.6406 -0.3631 -0.6766
vn 0.4034 -0.4429 -0.8007
vn 0.2640 0.6313 0.7292
vn -0.3439 0.6636 0.6643
vn -0.6228 0.4903 0.6097
vn -0.7325 -0.5361 -0.4195
vn 0.2503 0.2129 0.9445
vn 0.9571 0.1975 -0.2120
vn 0.6752 0.2362 0.6988
vn 0.2012 -0.8136 -0.5455
vn -0.7856 -0.2782 -0.5526
vn 0.5741 -0.1523 -0.8045
vn -0.9981 -0.0128 0.0609
vn -0.7377 0.4469 0.5061
vn -0.6049 -0.1157 0.7878
vn -0.9103 0.3940 -0.1269
vn -0.6128 -0.0221 -0.7899
vn 0.1320 -0.5601 -0.8178
vn -0.2294 -0.1850 -0.9556
vn -0.7002 0.2119 0.6818
vn -0.1795 0.5925 0.7853
vn -0.3625 0.2054 0.9091
vn 0.3382 -0.2979 0.8927
vn -0.1528 0.2489 0.9564
vn -0.5138 -0.8421 -0.1638
vn 0.2169 -0.7419 -0.6345
vn 0.3238 -0.5762 -0.7505
vn -0.0385 0.2738 0.9610
vn -0.8179 0.4732 -0.3274
vn -0.0578 -0.9573 -0.2833
vn -0.5323 -0.8452 0.0487
vn 0.3501 -0.7933 0.4982
vn 0.6641 0.6161 -0.4236
vn 0.6161 -0.5218 -0.5900
vn 0.5623 -0.5161 0.6461
vn 0.4442 -0.0445 0.8948
vn 0.6017 -0.6873 -0.4069
vn 0.2980 0.6323 0.7152
vn 0.8738 0.4788 -0.0852
vn 0.7924 -0.4872 0.3670
vn 0.3077 -0.5625 -0.7674
vn 0.7861 -0.6131 0.0787
vn -0.6314 0.6433 0.4331
vn 0.8040 0.1769 -0.5677
vn -0.3299 0.5772 0.7470
vn 0.8689 0.4931 0.0427
vn 0.5617 0.6776 0.4747
vn 0.8131 0.4464 0.3735
vn 0.7894 -0.4969 0.3604
vn -0.2725 -0.5471 -0.7915
vn -0.1116 -0.4834 -0.8683
vn -0.5162 -0.1554 -0.8423
vn 0.4616 -0.6979 -0.5477
vn -0.2294 -0.1851 -0.9556
vn -0.1173 0.2355 0.9648
vn -0.8293 0.5523 -0.0847
vn 0.4006 0.8284 -0.3914
vn 0.8903 0.3943 -0.2280
vn 0.7538 -0.6502 -0.0953
vn 0.0192 0.4134 0.9104
vn -0.8294 0.5522 -0.0848
vn -0.0931 0.4356 0.8953
vn -0.9300 -0.3411 -0.1370
vn -0.9695 -0.1766 0.1698
vn -0.7003 0.2119 0.6817
vn 0.0473 -0.5310 -0.8460
vn -0.6112 -0.2557 -0.7491
vn -0.9691 0.0384 -0.2436
vn 0.7722 -0.1524 0.6169
vn 0.7924 -0.4872 0.3671
vn 0.1011 0.8753 0.4729
vn 0.8242 0.2085 0.5266
vn 0.1011 0.8753 0.4728
vn 0.6463 -0.2727 -0.7127
vn 0.9816 0.1599 -0.1047
vn -0.2432 -0.8814 -0.4049
vn -0.5044 0.8028 0.3180
vn 0.8790 0.2214 0.4222
vn -0.7953 -0.3562 -0.4904
vn -0.6135 -0.2177 0.7591
vn 0.5471 -0.5614 -0.6209
vn -0.8284 -0.5225 -0.2020
vn -0.3834 -0.4606 -0.8005
vn -0.7570 0.2259 -0.6132
vn -0.2015 -0.4356 -0.8773
vn -0.4725 -0.5551 -0.6846
vn 0.4099 -0.6662 -0.6231
vn 0.1789 -0.1608 -0.9706
vn 0.7163 -0.0685 -0.6944
vn -0.5140 -0.4921 -0.7026
vn 0.7038 0.3574 0.6140
vn 0.6684 0.6830 -0.2946
vn 0.8213 0.3076 -0.4804
vn 0.3909 -0.3213 -0.8625
vn -0.3299 0.5771 0.7470
vn 0.5525 0.8230 -0.1322
vn 0.8439 0.3566 0.4009
vn 0.7289 0.3174 0.6067
vn 0.4807 -0.7054 -0.5209
vn -0.5424 -0.6861 -0.4849
vn 0.1563 -0.8069 -0.5697
vn 0.7038 0.3575 0.6139
vn -0.5708 -0.3570 -0.7394
vn -0.4897 -0.8711 0.0366
vn -0.0557 -0.9866 -0.1531
vn -0.3022 -0.4266 0.8524
vn 0.4382 0.6197 0.6512
vn 0.9213 -0.3880 0.0243
vn 0.3628 -0.4856 -0.7953
vn 0.4079 -0.0095 0.9130
vn 0.7861 -0.6131 0.0786
vn -0.5708 -0.3570 -0.7395
vn 0.4103 -0.0760 -0.9088
vn -0.6907 0.2608 -0.6745
vn -0.2015 -0.0321 0.9790
vn 0.2504 0.2129 0.9445
vn -0.4520 -0.2332 -0.8610
vn -0.8679 -0.0102 0.4966
vn -0.1274 -0.9616 0.2431
vn -0.2603 0.0506 -0.9642
vn 0.1789 -0.1607 -0.9707
vn 0.3976 -0.9099 -0.1185
vn 0.5319 0.4601 0.7109
vn 0.9401 0.2456 -0.2365
vn 0.5449 -0.1760 -0.8198
vn -0.0699 -0.5030 -0.8615
vn -0.1752 0.6781 0.7138
vn 0.6702 -0.7421 0.0097
vn -0.0145 -0.5551 -0.8316
vn 0.0169 -0.9160 -0.4008
vn 0.1190 0.8902 0.4398
vn 0.1191 0.8902 0.4397
vn -0.5170 -0.6990 -0.4940
vn 0.5273 -0.1056 -0.8431
vn 0.7653 0.1179 0.6328
vn -0.9013 -0.3953 0.1770
vn 0.0166 -0.3340 0.9424
vn -0.7837 0.6150 0.0871
vn 0.7861 -0.6163 -0.0478
vn 0.1916 0.6634 0.7233
vn 0.6845 0.5480 0.4808
vn 0.5471 -0.5613 -0.6210
vn 0.3908 -0.3214 -0.8626
vn 0.3629 -0.4856 -0.7953
vn 0.6391 0.3788 0.6693
vn -0.3790 0.5603 0.7365
vn -0.2160 -0.2407 -0.9463
vn -0.5325 -0.3051 -0.7895
vn 0.9213 -0.3881 0.0243
vn 0.6391 0.3789 0.6693
vn 0.9119 -0.3873 -0.1360
vn -0.8882 -0.1196 -0.4436
vn -0.9843 -0.1006 -0.1452
vn -0.2535 -0.9055 -0.3403
vn -0.2705 -0.7938 -0.5448
vn 0.5923 -0.4059 0.6960
vn -0.5675 -0.0840 0.8191
vn -0.9897 -0.1424 -0.0176
vn -0.9898 0.1013 -0.1004
vn -0.2705 -0.7938 -0.5447
vn 0.7931 -0.4675 0.3904
vn 0.6845 0.5479 0.4808
vn -0.2160 -0.2406 -0.9463
vn -0.5324 -0.3051 -0.7896
vn 0.8902 0.3943 -0.2280
vn 0.8791 0.2213 0.4222
vn -0.8063 0.0298 0.5907
vn 0.7931 -0.4676 0.3903
vn 0.2813 -0.2902 0.9147
vn -0.3835 -0.4606 -0.8005
vn 0.7610 0.0563 0.6463
vn 0.2012 -0.8137 -0.5454
vn 0.7610 0.0564 0.6463
vn -0.7460 -0.0416 0.6646
vn -0.7856 -0.2782 -0.5527
vn -0.0698 -0.5030 -0.8615
vn -0.0815 -0.3123 -0.9465
vn 0.4582 -0.7298 -0.5074
vn 0.9669 0.0679 -0.2458
vn 0.3891 -0.0494 -0.9199
vn -0.5281 0.1916 0.8273
vn -0.2046 0.6009 0.7727
vn -0.7864 -0.4886 -0.3779
vn 0.2945 0.7611 0.5779
vn 0.0169 -0.9160 -0.4009
vn 0.4181 0.6466 0.6380
vn -0.5846 -0.5053 -0.6348
vn -0.7161 0.5436 0.4378
vn -0.3439 0.6637 0.6643
vn -0.0557 -0.9866 -0.1532
vn -0.1101 -0.3259 -0.9390
vn 0.7721 -0.1523 0.6169
vn 0.7289 0.5674 0.3833
vn -0.0932 0.4356 0.8953
vn -0.9691 0.0383 -0.2437
vn -0.6049 -0.1158 0.7878
vt 0.647799 0.116107
vt 0.663152 0.117805
vt 0.652458 0.096948
vt 0.626488 0.129279
vt 0.638528 0.137967
vt 0.638167 0.115457
vt 0.153023 0.157724
vt 0.174301 0.168801
vt 0.166099 0.153477
vt 0.798591 0.635933
vt 0.797167 0.649141
vt 0.807696 0.653864
vt 0.776797 0.626969
vt 0.789068 0.648914
vt 0.788619 0.628145
vt 0.669012 0.143893
vt 0.656767 0.146650
vt 0.673526 0.164017
vt 0.768085 0.637158
vt 0.783554 0.651439
vt 0.744920 0.166336
vt 0.744064 0.144301
vt 0.725893 0.168689
vt 0.036054 0.671997
vt 0.049023 0.672687
vt 0.050689 0.655951
vt 0.630950 0.116167
vt 0.616959 0.101047
vt 0.204887 0.193675
vt 0.189150 0.193221
vt 0.207090 0.207608
vt 0.762065 0.129070
vt 0.809914 0.093132
vt 0.819938 0.090114
vt 0.808036 0.080744
vt 0.780762 0.192395
vt 0.815480 0.177732
vt 0.800469 0.154385
vt 0.231347 0.070175
vt 0.239618 0.084899
vt 0.250633 0.068510
vt 0.115664 0.156288
vt 0.119174 0.144734
vt 0.105815 0.143032
vt 0.063095 0.639270
vt 0.047405 0.635397
vt 0.049413 0.648543
vt 0.973963 0.114150
vt 0.966205 0.110492
vt 0.960560 0.145848
vt 0.345702 0.876159
vt 0.338886 0.888211
vt 0.351260 0.884685
vt 0.586966 0.717196
vt 0.580566 0.732892
vt 0.588534 0.736194
vt 0.073817 0.817828
vt 0.057240 0.813489
vt 0.062293 0.826612
vt 0.079445 0.585231
vt 0.075409 0.561950
vt 0.061973 0.590714
vt 0.374777 0.782220
vt 0.377804 0.830142
vt 0.385087 0.821654
vt 0.372334 0.877337
vt 0.360849 0.870806
vt 0.364445 0.884291
vt 0.774797 0.565742
vt 0.781172 0.558775
vt 0.763963 0.551189
vt 0.597726 0.720520
vt 0.594311 0.745528
vt 0.604022 0.732714
vt 0.571900 0.685721
vt 0.570960 0.702443
vt 0.586969 0.682330
vt 0.614070 0.719198
vt 0.622424 0.697469
vt 0.608564 0.713475
vt 0.800502 0.100873
vt 0.803230 0.083067
vt 0.777459 0.010824
vt 0.778905 0.029207
vt 0.788331 0.019013
vt 0.053127 0.573740
vt 0.036962 0.590735
vt 0.048936 0.597163
vt 0.036949 0.636971
vt 0.021889 0.642455
vt 0.033625 0.653458
vt 0.376107 0.190895
vt 0.369500 0.205434
vt 0.361814 0.190875
vt 0.322932 0.582953
vt 0.338994 0.599788
vt 0.337772 0.578719
vt 0.604419 0.747276
vt 0.600987 0.762792
vt 0.608867 0.766684
vt 0.782129 0.479966
vt 0.775941 0.494636
vt 0.777794 0.463300
vt 0.625943 0.191748
vt 0.648670 0.193878
vt 0.640760 0.181056
vt 0.631993 0.173110
vt 0.633239 0.154050
vt 0.618617 0.163090
vt 0.410284 0.144134
vt 0.395489 0.157756
vt 0.383026 0.152969
vt 0.419334 0.208587
vt 0.412653 0.191305
vt 0.434162 0.206455
vt 0.229261 0.528193
vt 0.220785 0.557258
vt 0.236555 0.557408
vt 0.259127 0.528443
vt 0.244687 0.557685
vt 0.253096 0.563578
vt 0.464725 0.214170
vt 0.434146 0.194921
vt 0.452162 0.192453
vt 0.468602 0.565080
vt 0.419661 0.562966
vt 0.434003 0.569950
vt 0.779391 0.726151
vt 0.763822 0.726001
vt 0.762025 0.752628
vt 0.262245 0.088409
vt 0.257029 0.107734
vt 0.277464 0.092156
vt 0.427158 0.582786
vt 0.392422 0.583781
vt 0.382858 0.597052
vt 0.347769 0.621987
vt 0.364179 0.614229
vt 0.352439 0.599998
vt 0.815586 0.677373
vt 0.803940 0.690678
vt 0.828474 0.687180
vt 0.774528 0.746424
vt 0.665611 0.263154
vt 0.674738 0.285280
vt 0.677096 0.264953
vt 0.129637 0.130809
vt 0.111787 0.102297
vt 0.110349 0.119242
vt 0.956420 0.129008
vt 0.949898 0.143055
vt 0.683161 0.292554
vt 0.687483 0.262278
vt 0.271506 0.536107
vt 0.260253 0.565633
vt 0.651644 0.031407
vt 0.638885 0.015666
vt 0.642685 0.039160
vt 0.755546 0.690528
vt 0.753322 0.709178
vt 0.775448 0.702750
vt 0.177758 0.074357
vt 0.186103 0.085644
vt 0.191586 0.074079
vt 0.370369 0.557020
vt 0.369348 0.538854
vt 0.362623 0.567210
vt 0.372657 0.571943
vt 0.376306 0.591136
vt 0.235245 0.119996
vt 0.240861 0.148747
vt 0.249070 0.132616
vt 0.165234 0.140756
vt 0.144089 0.145650
vt 0.573941 0.720972
vt 0.571006 0.715853
vt 0.595332 0.687778
vt 0.817153 0.702051
vt 0.843703 0.695318
vt 0.828055 0.706188
vt 0.028592 0.686451
vt 0.930916 0.067038
vt 0.928888 0.053507
vt 0.916849 0.059897
vt 0.061337 0.553771
vt 0.060970 0.579377
vt 0.071987 0.556412
vt 0.608187 0.641671
vt 0.607191 0.663338
vt 0.622989 0.656797
vt 0.171125 0.063227
vt 0.187785 0.063214
vt 0.178874 0.091874
vt 0.164858 0.066629
vt 0.164954 0.079192
vt 0.712222 0.958913
vt 0.688467 0.932561
vt 0.690225 0.951805
vt 0.079814 0.796265
vt 0.081045 0.786803
vt 0.043683 0.799999
vt 0.829740 0.121183
vt 0.827356 0.105158
vt 0.812813 0.109755
vt 0.201918 0.178245
vt 0.178077 0.177950
vt 0.939363 0.283365
vt 0.950732 0.251659
vt 0.931737 0.276891
vt 0.943324 0.162361
vt 0.937532 0.185467
vt 0.955053 0.166782
vt 0.107943 0.764638
vt 0.121066 0.756598
vt 0.086476 0.759885
vt 0.071847 0.763658
vt 0.057633 0.763240
vt 0.059184 0.778382
vt 0.603534 0.192173
vt 0.619969 0.177382
vt 0.866419 0.138517
vt 0.841573 0.111044
vt 0.849675 0.140466
vt 0.590017 0.792259
vt 0.590484 0.763973
vt 0.582008 0.776064
vt 0.599268 0.778393
vt 0.094725 0.569882
vt 0.106443 0.575473
vt 0.100669 0.553488
vt 0.454423 0.172067
vt 0.431790 0.167133
vt 0.455999 0.158948
vt 0.182791 0.236121
vt 0.187541 0.202331
vt 0.175282 0.210501
vt 0.828016 0.132986
vt 0.812382 0.167846
vt 0.832422 0.158444
vt 0.348482 0.564745
vt 0.360175 0.560148
vt 0.439135 0.143503
vt 0.419295 0.158750
vt 0.422875 0.142076
vt 0.958528 0.036774
vt 0.963924 0.052855
vt 0.968759 0.038404
vt 0.986066 0.043190
vt 0.976653 0.045632
vt 0.982937 0.077940
vt 0.198343 0.131010
vt 0.177971 0.125489
vt 0.194076 0.164695
vt 0.431476 0.159878
vt 0.444906 0.145835
vt 0.390329 0.545534
vt 0.409616 0.529618
vt 0.380095 0.544192
vt 0.803544 0.120834
vt 0.809724 0.142157
vt 0.024595 0.621034
vt 0.038271 0.611747
vt 0.030283 0.604458
vt 0.621065 0.751335
vt 0.411813 0.535441
vt 0.395160 0.550725
vt 0.404348 0.550867
vt 0.480119 0.169613
vt 0.458371 0.184462
vt 0.447422 0.180317
vt 0.326413 0.855468
vt 0.315678 0.860494
vt 0.330241 0.873525
vt 0.370391 0.796713
vt 0.372289 0.839060
vt 0.629003 0.788391
vt 0.629174 0.772487
vt 0.618557 0.780151
vt 0.762768 0.014495
vt 0.772736 0.020181
vt 0.771484 0.003950
vt 0.348907 0.837965
vt 0.342899 0.831799
vt 0.344400 0.859392
vt 0.894777 0.948365
vt 0.909346 0.967632
vt 0.888228 0.952179
vt 0.403295 0.520734
vt 0.415598 0.523718
vt 0.418118 0.511757
vt 0.471774 0.165572
vt 0.238259 0.210979
vt 0.240507 0.199067
vt 0.214226 0.190099
vt 0.217661 0.173061
vt 0.043960 0.817344
vt 0.019667 0.818184
vt 0.009648 0.827338
vt 0.314518 0.891243
vt 0.594155 0.651122
vt 0.087402 0.544953
vt 0.736553 0.699308
vt 0.739285 0.739400
vt 0.756485 0.747659
vt 0.755091 0.727773
vt 0.778150 0.151253
vt 0.770065 0.185957
vt 0.735126 0.228064
vt 0.726092 0.221423
vt 0.730490 0.241070
vt 0.386967 0.209491
vt 0.384484 0.196307
vt 0.367834 0.214433
vt 0.594002 0.222441
vt 0.586375 0.236345
vt 0.604647 0.238563
vt 0.086764 0.155854
vt 0.108632 0.156934
vt 0.795684 0.743251
vt 0.782388 0.737807
vt 0.787639 0.755076
vt 0.254846 0.146847
vt 0.270313 0.113972
vt 0.101240 0.138797
vt 0.084072 0.140327
vt 0.089817 0.148599
vt 0.097755 0.110681
vt 0.078758 0.117754
vt 0.097381 0.513783
vt 0.084778 0.508996
vt 0.088342 0.525485
vt 0.071902 0.534146
vt 0.084334 0.537978
vt 0.266656 0.236690
vt 0.272582 0.228119
vt 0.246536 0.220184
vt 0.242677 0.230677
vt 0.221843 0.228083
vt 0.236339 0.237645
vt 0.767051 0.611000
vt 0.756185 0.587457
vt 0.996050 0.084265
vt 0.352308 0.630052
vt 0.074340 0.826099
vt 0.075121 0.839494
vt 0.084109 0.837180
vt 0.639658 0.241633
vt 0.639478 0.226827
vt 0.617727 0.240277
vt 0.617042 0.257812
vt 0.614720 0.283368
vt 0.636415 0.252120
vt 0.280023 0.245283
vt 0.296299 0.251259
vt 0.285544 0.235820
vt 0.760159 0.229494
vt 0.775655 0.218788
vt 0.759046 0.216623
vt 0.512995 0.240000
vt 0.495501 0.237297
vt 0.471515 0.207198
vt 0.463138 0.227167
vt 0.764369 0.777866
vt 0.767316 0.786056
vt 0.774849 0.766163
vt 0.745365 0.762685
vt 0.752743 0.761231
vt 0.615629 0.693328
vt 0.633729 0.671497
vt 0.617022 0.669276
vt 0.554472 0.743045
vt 0.543592 0.730989
vt 0.546347 0.745761
vt 0.814619 0.077093
vt 0.806352 0.060093
vt 0.791685 0.067538
vt 0.800373 0.076735
vt 0.099321 0.498408
vt 0.116835 0.487994
vt 0.063787 0.515953
vt 0.078003 0.504992
vt 0.065821 0.498487
vt 0.750890 0.598798
vt 0.751658 0.640511
vt 0.747564 0.671121
vt 0.742526 0.691238
vt 0.603426 0.251064
vt 0.588197 0.245991
vt 0.587038 0.260947
vt 0.128103 0.146897
vt 0.129532 0.161702
vt 0.794627 0.056159
vt 0.798943 0.042443
vt 0.618454 0.070341
vt 0.616653 0.090145
vt 0.631783 0.073650
vt 0.121148 0.184936
vt 0.113634 0.169401
vt 0.112359 0.198674
vt 0.637076 0.291497
vt 0.638952 0.269156
vt 0.625131 0.284731
vt 0.192906 0.212476
vt 0.202634 0.221810
vt 0.788963 0.715394
vt 0.795652 0.726851
vt 0.815174 0.710866
vt 0.843187 0.708510
vt 0.650052 0.050577
vt 0.644995 0.099459
vt 0.130214 0.109006
vt 0.698515 0.210336
vt 0.695473 0.227750
vt 0.708073 0.225282
vt 0.759847 0.158981
vt 0.761594 0.182508
vt 0.786494 0.103954
vt 0.795045 0.120283
vt 0.452979 0.574723
vt 0.510200 0.249942
vt 0.484088 0.238431
vt 0.282942 0.602949
vt 0.290810 0.592461
vt 0.279910 0.590474
vt 0.665543 0.047886
vt 0.659887 0.214609
vt 0.654280 0.235885
vt 0.666446 0.232825
vt 0.666424 0.177077
vt 0.647779 0.165844
vt 0.659883 0.194961
vt 0.596281 0.612938
vt 0.606207 0.612876
vt 0.586891 0.581754
vt 0.082433 0.490985
vt 0.106714 0.483765
vt 0.101074 0.477275
vt 0.211304 0.115525
vt 0.183904 0.110287
vt 0.254758 0.078329
vt 0.239309 0.096832
vt 0.621207 0.625447
vt 0.624339 0.609191
vt 0.612968 0.612988
vt 0.091717 0.478134
vt 0.075857 0.466972
vt 0.099714 0.822875
vt 0.082646 0.823564
vt 0.096516 0.796837
vt 0.113616 0.789477
vt 0.100319 0.787799
vt 0.609389 0.214282
vt 0.600636 0.218586
vt 0.622578 0.213199
vt 0.778957 0.450674
vt 0.768574 0.443040
vt 0.777542 0.434395
vt 0.250755 0.529999
vt 0.081241 0.199737
vt 0.065374 0.211806
vt 0.085815 0.206674
vt 0.606833 0.269583
vt 0.593641 0.284193
vt 0.455845 0.942673
vt 0.465611 0.956977
vt 0.426153 0.941755
vt 0.655314 0.003950
vt 0.663743 0.028110
vt 0.665793 0.010457
vt 0.280645 0.521599
vt 0.292007 0.505820
vt 0.282812 0.503608
vt 0.294634 0.570113
vt 0.289065 0.552944
vt 0.282050 0.580151
vt 0.616249 0.591311
vt 0.627782 0.578670
vt 0.617440 0.579601
vt 0.607557 0.599408
vt 0.601833 0.582436
vt 0.594998 0.585030
vt 0.133632 0.802985
vt 0.674207 0.932064
vt 0.667124 0.939997
vt 0.081547 0.228310
vt 0.088492 0.215755
vt 0.073368 0.223652
vt 0.594510 0.294834
vt 0.593058 0.310774
vt 0.613490 0.297279
vt 0.759851 0.555917
vt 0.762161 0.579530
vt 0.749392 0.538099
vt 0.515040 0.261284
vt 0.505276 0.268557
vt 0.500833 0.254372
vt 0.432913 0.577799
vt 0.072871 0.487663
vt 0.619953 0.597492
vt 0.630099 0.586989
vt 0.838051 0.100752
vt 0.858169 0.107100
vt 0.845303 0.087933
vt 0.826325 0.084752
vt 0.134132 0.176585
vt 0.117989 0.204356
vt 0.133974 0.196915
vt 0.099249 0.232854
vt 0.101359 0.222839
vt 0.089415 0.235099
vt 0.762703 0.461398
vt 0.239219 0.434754
vt 0.255557 0.464834
vt 0.248129 0.438221
vt 0.353130 0.865077
vt 0.356820 0.851577
vt 0.360712 0.833560
vt 0.478068 0.249790
vt 0.469788 0.255957
vt 0.452900 0.240185
vt 0.113955 0.770680
vt 0.134716 0.769863
vt 0.136272 0.757143
vt 0.146140 0.785034
vt 0.165669 0.770419
vt 0.154570 0.766169
vt 0.806045 0.617987
vt 0.810718 0.636338
vt 0.822488 0.619136
vt 0.822669 0.638137
vt 0.828017 0.657141
vt 0.842693 0.660072
vt 0.625880 0.635738
vt 0.645557 0.642210
vt 0.636687 0.637365
vt 0.620259 0.304483
vt 0.629432 0.297501
vt 0.104686 0.181756
vt 0.103522 0.205753
vt 0.351429 0.817783
vt 0.355325 0.788365
vt 0.344397 0.809506
vt 0.943995 0.185565
vt 0.949361 0.209367
vt 0.952176 0.196864
vt 0.984797 0.181993
vt 0.976678 0.203735
vt 0.985998 0.203733
vt 0.401193 0.134198
vt 0.414169 0.150831
vt 0.277996 0.056672
vt 0.278010 0.067295
vt 0.285994 0.063853
vt 0.932752 0.109879
vt 0.938088 0.129399
vt 0.940668 0.096445
vt 0.971950 0.096875
vt 0.966832 0.091106
vt 0.962600 0.105265
vt 0.578886 0.217371
vt 0.601847 0.175428
vt 0.587884 0.194472
vt 0.363743 0.783999
vt 0.861262 0.923205
vt 0.869081 0.935835
vt 0.565206 0.329480
vt 0.572909 0.335560
vt 0.571849 0.321658
vt 0.596896 0.326640
vt 0.601810 0.311351
vt 0.423680 0.112705
vt 0.411505 0.130814
vt 0.409732 0.124509
vt 0.372462 0.498275
vt 0.361551 0.524673
vt 0.373158 0.521070
vt 0.832499 0.856248
vt 0.834070 0.893252
vt 0.828314 0.864394
vt 0.854752 0.939632
vt 0.878770 0.950589
vt 0.876521 0.954700
vt 0.253595 0.482248
vt 0.267799 0.487923
vt 0.271703 0.467310
vt 0.271703 0.503434
vt 0.250058 0.501678
vt 0.264421 0.499325
vt 0.224174 0.468882
vt 0.238742 0.496276
vt 0.234725 0.472466
vt 0.070907 0.388169
vt 0.054928 0.404143
vt 0.058452 0.410587
vt 0.628989 0.548085
vt 0.627397 0.566829
vt 0.480859 0.950012
vt 0.511501 0.970380
vt 0.485927 0.963347
vt 0.629605 0.051123
vt 0.623425 0.039194
vt 0.786706 0.592185
vt 0.798106 0.602986
vt 0.800938 0.590902
vt 0.793061 0.083435
vt 0.759616 0.430920
vt 0.757868 0.448784
vt 0.745114 0.424823
vt 0.764183 0.417440
vt 0.770719 0.429738
vt 0.751083 0.253827
vt 0.765092 0.242725
vt 0.746695 0.249407
vt 0.752787 0.229502
vt 0.743349 0.229193
vt 0.050101 0.620035
vt 0.045759 0.610139
vt 0.036090 0.621362
vt 0.068209 0.599723
vt 0.941410 0.079102
vt 0.947170 0.093452
vt 0.954748 0.077731
vt 0.941113 0.048991
vt 0.937350 0.060056
vt 0.793466 0.402237
vt 0.809090 0.405661
vt 0.799946 0.417923
vt 0.282198 0.483245
vt 0.280141 0.461710
vt 0.769744 0.675049
vt 0.778596 0.675604
vt 0.788522 0.711107
vt 0.795083 0.699726
vt 0.255718 0.239715
vt 0.767015 0.231211
vt 0.775586 0.233377
vt 0.419665 0.529632
vt 0.422750 0.517397
vt 0.486131 0.183024
vt 0.468324 0.188308
vt 0.488549 0.172780
vt 0.159278 0.129826
vt 0.169420 0.115564
vt 0.843134 0.902334
vt 0.416658 0.742873
vt 0.390791 0.743761
vt 0.386333 0.752016
vt 0.787537 0.043292
vt 0.760217 0.020044
vt 0.770002 0.039351
vt 0.773964 0.034236
vt 0.190088 0.729300
vt 0.156896 0.748598
vt 0.169328 0.751504
vt 0.658723 0.914616
vt 0.648841 0.920740
vt 0.658925 0.941356
vt 0.251773 0.208335
vt 0.723180 0.181565
vt 0.746794 0.182007
vt 0.678074 0.200937
vt 0.667565 0.200737
vt 0.677940 0.215772
vt 0.686211 0.216733
vt 0.386765 0.761325
vt 0.414878 0.748998
vt 0.750458 0.214839
vt 0.736102 0.206785
vt 0.873435 0.115563
vt 0.172478 0.192061
vt 0.651768 0.642575
vt 0.633685 0.663306
vt 0.538719 0.731667
vt 0.538903 0.743238
vt 0.016014 0.663738
vt 0.013791 0.689814
vt 0.023655 0.674073
vt 0.020617 0.651578
vt 0.082182 0.451014
vt 0.088211 0.469957
vt 0.090159 0.434017
vt 0.084467 0.404471
vt 0.073290 0.413789
vt 0.067958 0.437812
vt 0.839917 0.142251
vt 0.868951 0.188924
vt 0.882729 0.190001
vt 0.875424 0.179063
vt 0.783443 0.063728
vt 0.788510 0.056845
vt 0.780900 0.044599
vt 0.775119 0.051249
vt 0.364062 0.852855
vt 0.373000 0.855811
vt 0.222966 0.109264
vt 0.228676 0.094204
vt 0.248698 0.102341
vt 0.164642 0.048419
vt 0.178525 0.054721
vt 0.620542 0.898976
vt 0.639997 0.920871
vt 0.626851 0.892397
vt 0.162385 0.760519
vt 0.176551 0.760509
vt 0.686332 0.279686
vt 0.663265 0.281386
vt 0.646405 0.271655
vt 0.648684 0.283293
vt 0.229536 0.158012
vt 0.838696 0.677112
vt 0.847733 0.691256
vt 0.854631 0.678891
vt 0.197971 0.730290
vt 0.176511 0.753596
vt 0.186608 0.751627
vt 0.623704 0.855475
vt 0.644700 0.883821
vt 0.627876 0.849697
vt 0.293351 0.451817
vt 0.295898 0.414040
vt 0.813356 0.398682
vt 0.614176 0.842577
vt 0.615524 0.856292
vt 0.189285 0.761483
vt 0.880304 0.205977
vt 0.892947 0.241117
vt 0.886506 0.202602
vt 0.193984 0.241453
vt 0.672883 0.191229
vt 0.110927 0.903747
vt 0.144146 0.906458
vt 0.114078 0.895788
vt 0.097136 0.910411
vt 0.074512 0.911323
vt 0.110672 0.917412
vt 0.399919 0.194220
vt 0.400643 0.174217
vt 0.410949 0.172208
vt 0.070482 0.904102
vt 0.080933 0.898293
vt 0.061127 0.878997
vt 0.401020 0.942068
vt 0.425518 0.948794
vt 0.398400 0.951674
vt 0.616063 0.876797
vt 0.625502 0.868261
vt 0.579814 0.857514
vt 0.605042 0.863190
vt 0.585723 0.850561
vt 0.053959 0.892750
vt 0.060197 0.905481
vt 0.124816 0.895022
vt 0.399509 0.705586
vt 0.388815 0.728069
vt 0.397496 0.728209
vt 0.828510 0.926767
vt 0.821764 0.914440
vt 0.837229 0.922892
vt 0.123466 0.918821
vt 0.128084 0.911582
vt 0.845168 0.399380
vt 0.814256 0.410035
vt 0.829007 0.414570
vt 0.880483 0.236694
vt 0.864462 0.205812
vt 0.870974 0.238956
vt 0.187359 0.254493
vt 0.178828 0.255462
vt 0.173837 0.288174
vt 0.062818 0.241965
vt 0.066885 0.249222
vt 0.079985 0.238002
vt 0.581880 0.377393
vt 0.581581 0.402189
vt 0.588650 0.380878
vt 0.950586 0.229938
vt 0.932190 0.259661
vt 0.937463 0.261779
vt 0.157536 0.069641
vt 0.151912 0.052230
vt 0.144500 0.054797
vt 0.055510 0.224195
vt 0.591940 0.399874
vt 0.263329 0.452340
vt 0.257926 0.442418
vt 0.267706 0.423609
vt 0.274644 0.422473
vt 0.281690 0.393245
vt 0.553710 0.730881
vt 0.539523 0.720774
vt 0.530953 0.732980
vt 0.349279 0.583615
vt 0.341646 0.610083
vt 0.777058 0.893862
vt 0.824108 0.942140
vt 0.811199 0.932423
vt 0.633460 0.032938
vt 0.627410 0.017027
vt 0.299604 0.127668
vt 0.288887 0.121512
vt 0.288661 0.129678
vt 0.819016 0.735980
vt 0.831662 0.731861
vt 0.822231 0.716142
vt 0.807321 0.920556
vt 0.385866 0.706613
vt 0.391901 0.681206
vt 0.376101 0.713272
vt 0.824503 0.754948
vt 0.811287 0.758257
vt 0.823450 0.770106
vt 0.840136 0.754179
vt 0.018479 0.607493
vt 0.014239 0.624484
vt 0.770649 0.507954
vt 0.766578 0.483098
vt 0.188896 0.276635
vt 0.864848 0.221061
vt 0.858180 0.213010
vt 0.803959 0.730358
vt 0.810442 0.743098
vt 0.856131 0.230839
vt 0.843420 0.187440
vt 0.837160 0.198246
vt 0.827683 0.179894
vt 0.648200 0.875048
vt 0.753028 0.883984
vt 0.755867 0.875706
vt 0.772041 0.898359
vt 0.765461 0.875461
vt 0.765869 0.870567
vt 0.805501 0.902427
vt 0.784943 0.117246
vt 0.123247 0.782875
vt 0.142453 0.774703
vt 0.137653 0.795069
vt 0.253428 0.586857
vt 0.243923 0.604906
vt 0.260505 0.595936
vt 0.245899 0.586233
vt 0.237999 0.591758
vt 0.922103 0.222202
vt 0.921854 0.242837
vt 0.935018 0.243116
vt 0.926711 0.185225
vt 0.920298 0.202435
vt 0.172082 0.252932
vt 0.159632 0.288437
vt 0.168881 0.281727
vt 0.166585 0.294099
vt 0.165487 0.303347
vt 0.171494 0.298751
vt 0.029192 0.262804
vt 0.042737 0.266881
vt 0.047633 0.257743
vt 0.574749 0.345645
vt 0.577337 0.357200
vt 0.582913 0.346904
vt 0.372779 0.484536
vt 0.362968 0.486886
vt 0.443518 0.125314
vt 0.452483 0.099581
vt 0.456766 0.106955
vt 0.072963 0.803710
vt 0.099311 0.810828
vt 0.003950 0.813441
vt 0.040755 0.811233
vt 0.034056 0.805981
vt 0.767835 0.137066
vt 0.776497 0.110474
vt 0.035178 0.252788
vt 0.013404 0.260637
vt 0.032071 0.243703
vt 0.441819 0.099147
vt 0.423026 0.128259
vt 0.394335 0.458169
vt 0.381624 0.468736
vt 0.379875 0.493625
vt 0.595616 0.168053
vt 0.572139 0.201443
vt 0.388865 0.568598
vt 0.379164 0.580333
vt 0.396046 0.574852
vt 0.415627 0.569133
vt 0.306450 0.123447
vt 0.838446 0.776600
vt 0.854398 0.786507
vt 0.840118 0.766734
vt 0.379351 0.452747
vt 0.385521 0.424928
vt 0.369136 0.452368
vt 0.457654 0.081311
vt 0.446518 0.085829
vt 0.272466 0.572735
vt 0.267673 0.576677
vt 0.464396 0.927291
vt 0.456298 0.934532
vt 0.439733 0.930139
vt 0.410921 0.678019
vt 0.404725 0.667196
vt 0.401152 0.675658
vt 0.398202 0.684061
vt 0.747055 0.714953
vt 0.726166 0.709402
vt 0.733327 0.720518
vt 0.215721 0.082307
vt 0.204308 0.085926
vt 0.214675 0.095981
vt 0.045098 0.128049
vt 0.026064 0.112178
vt 0.008258 0.111984
vt 0.078497 0.127599
vt 0.105681 0.128667
vt 0.372188 0.739261
vt 0.805185 0.940589
vt 0.765637 0.962173
vt 0.764795 0.956733
vt 0.924065 0.258460
vt 0.925640 0.271932
vt 0.144680 0.036790
vt 0.126874 0.018826
vt 0.139912 0.043615
vt 0.594709 0.266357
vt 0.586310 0.309360
vt 0.584466 0.299363
vt 0.578327 0.307345
vt 0.312028 0.269061
vt 0.292458 0.261379
vt 0.282775 0.264872
vt 0.256382 0.254383
vt 0.268770 0.260456
vt 0.266165 0.248937
vt 0.044893 0.569604
vt 0.030531 0.586915
vt 0.463938 0.967970
vt 0.140004 0.936053
vt 0.144175 0.929168
vt 0.421779 0.100708
vt 0.450648 0.056925
vt 0.443933 0.075370
vt 0.439753 0.070242
vt 0.359530 0.715223
vt 0.337565 0.690015
vt 0.352868 0.720650
vt 0.792477 0.941636
vt 0.387137 0.215506
vt 0.401061 0.219012
vt 0.418151 0.218857
vt 0.686268 0.303743
vt 0.696967 0.320998
vt 0.698161 0.308636
vt 0.051821 0.107942
vt 0.023624 0.103225
vt 0.043767 0.113542
vt 0.751683 0.182849
vt 0.639318 0.538606
vt 0.643160 0.526150
vt 0.635992 0.522815
vt 0.095518 0.386032
vt 0.076943 0.398994
vt 0.280721 0.552285
vt 0.098058 0.171869
vt 0.118746 0.003950
vt 0.119787 0.010548
vt 0.127453 0.007295
vt 0.121600 0.026509
vt 0.133123 0.053113
vt 0.676658 0.314393
vt 0.690146 0.346801
vt 0.687591 0.330168
vt 0.703864 0.330910
vt 0.713739 0.336243
vt 0.873592 0.205014
vt 0.855662 0.192870
vt 0.634723 0.503711
vt 0.087684 0.374301
vt 0.084224 0.388912
vt 0.095863 0.378698
vt 0.010747 0.104714
vt 0.696480 0.338843
vt 0.701513 0.348713
vt 0.650873 0.939895
vt 0.655726 0.957950
vt 0.642178 0.963153
vt 0.657749 0.966070
vt 0.423252 0.577061
vt 0.923189 0.296772
vt 0.914622 0.300062
vt 0.910116 0.291422
vt 0.902377 0.306298
vt 0.926123 0.024989
vt 0.919204 0.037287
vt 0.327758 0.889268
vt 0.461202 0.235884
vt 0.800123 0.664735
vt 0.788252 0.672791
vt 0.798006 0.683832
vt 0.786984 0.683546
vt 0.380415 0.562621
vt 0.921414 0.282739
vt 0.642982 0.485880
vt 0.652906 0.493975
vt 0.649246 0.487026
vt 0.649655 0.541768
vt 0.651506 0.522578
vt 0.400762 0.209599
vt 0.312733 0.135867
vt 0.308522 0.142740
vt 0.326288 0.136709
vt 0.410873 0.935632
vt 0.022364 0.856228
vt 0.049660 0.864355
vt 0.646689 0.132046
vt 0.647532 0.144627
vt 0.654800 0.139838
vt 0.640610 0.155636
vt 0.370909 0.770904
vt 0.363136 0.760170
vt 0.362081 0.773199
vt 0.335344 0.697776
vt 0.035523 0.870172
vt 0.362570 0.921896
vt 0.330048 0.908459
vt 0.363672 0.916734
vt 0.647972 0.571249
vt 0.653942 0.555562
vt 0.640002 0.567095
vt 0.054078 0.433810
vt 0.065062 0.451057
vt 0.135414 0.161031
vt 0.144029 0.116599
vt 0.731151 0.757729
vt 0.273037 0.064419
vt 0.269624 0.055907
vt 0.259752 0.066557
vt 0.299038 0.360336
vt 0.289132 0.381634
vt 0.292345 0.391496
vt 0.841357 0.404958
vt 0.853764 0.409063
vt 0.812068 0.771183
vt 0.276933 0.106574
vt 0.468351 0.063707
vt 0.450641 0.074530
vt 0.390835 0.429832
vt 0.200812 0.446959
vt 0.228972 0.462579
vt 0.737919 0.396146
vt 0.752896 0.418983
vt 0.789319 0.763267
vt 0.154410 0.118772
vt 0.714208 0.220186
vt 0.383571 0.938532
vt 0.363013 0.952235
vt 0.367845 0.935678
vt 0.366955 0.931070
vt 0.328992 0.911319
vt 0.045485 0.414692
vt 0.059598 0.429009
vt 0.480577 0.593689
vt 0.476864 0.578725
vt 0.468654 0.580241
vt 0.486884 0.264703
vt 0.500226 0.303119
vt 0.481613 0.270747
vt 0.740172 0.390978
vt 0.752598 0.401877
vt 0.225713 0.452894
vt 0.204511 0.441366
vt 0.459085 0.142881
vt 0.010450 0.930859
vt 0.048418 0.908128
vt 0.044968 0.905149
vt 0.167213 0.812153
vt 0.168923 0.818958
vt 0.203950 0.834044
vt 0.595731 0.960024
vt 0.648710 0.953990
vt 0.644712 0.949618
vt 0.197707 0.822089
vt 0.152991 0.797737
vt 0.243825 0.519067
vt 0.217489 0.746032
vt 0.199229 0.746256
vt 0.220726 0.752227
vt 0.203982 0.738458
vt 0.815733 0.648106
vt 0.287316 0.417550
vt 0.276724 0.428834
vt 0.282410 0.439851
vt 0.758991 0.033024
vt 0.609212 0.882434
vt 0.604354 0.888167
vt 0.577481 0.862602
vt 0.603652 0.868555
vt 0.937038 0.033732
vt 0.744506 0.382487
vt 0.193926 0.451729
vt 0.207393 0.458553
vt 0.084096 0.919267
vt 0.032739 0.929639
vt 0.055528 0.921767
vt 0.051906 0.914991
vt 0.564004 0.860851
vt 0.568702 0.868888
vt 0.239217 0.747901
vt 0.639466 0.259426
vt 0.653479 0.262635
vt 0.328251 0.572196
vt 0.349857 0.532779
vt 0.738316 0.249929
vt 0.312239 0.262690
vt 0.818863 0.064111
vt 0.807080 0.074281
vt 0.301462 0.273529
vt 0.731610 0.262726
vt 0.727600 0.251366
vt 0.723077 0.277507
vt 0.297187 0.397269
vt 0.689745 0.246245
vt 0.706238 0.237652
vt 0.684926 0.232053
vt 0.679666 0.247829
vt 0.375649 0.873541
vt 0.363737 0.863552
vt 0.383597 0.854107
vt 0.252055 0.578194
vt 0.243152 0.566731
vt 0.247010 0.577329
vt 0.578740 0.322421
vt 0.580306 0.339213
vt 0.221916 0.400550
vt 0.241459 0.427138
vt 0.778819 0.428165
vt 0.776932 0.412310
vt 0.378390 0.143242
vt 0.374386 0.153732
vt 0.366930 0.146012
vt 0.057463 0.601425
vt 0.246156 0.417672
vt 0.235409 0.399632
vt 0.778987 0.399382
vt 0.767859 0.399229
vt 0.781957 0.364847
vt 0.817051 0.608065
vt 0.809152 0.598689
vt 0.139926 0.182968
vt 0.163631 0.177012
vt 0.144521 0.174401
vt 0.934722 0.200693
vt 0.938663 0.223878
vt 0.920400 0.207780
vt 0.102804 0.388365
vt 0.113996 0.365864
vt 0.067428 0.522260
vt 0.085054 0.497283
vt 0.679191 0.304798
vt 0.689659 0.319238
vt 0.958118 0.185830
vt 0.959860 0.201596
vt 0.967473 0.187149
vt 0.975536 0.133550
vt 0.967341 0.143382
vt 0.978314 0.146479
vt 0.887799 0.237162
vt 0.338224 0.869181
vt 0.335116 0.881097
vt 0.760269 0.202901
vt 0.789652 0.382676
vt 0.791417 0.364895
vt 0.801991 0.361763
vt 0.102169 0.517321
vt 0.093270 0.541179
vt 0.601074 0.622522
vt 0.791269 0.341138
vt 0.802756 0.349805
vt 0.782833 0.380648
vt 0.221163 0.414638
vt 0.787246 0.345447
vt 0.575267 0.376169
vt 0.576246 0.398989
vt 0.573663 0.367475
vt 0.564741 0.368206
vt 0.568474 0.376768
vt 0.966900 0.209541
vt 0.963797 0.223938
vt 0.976150 0.220525
vt 0.968726 0.202857
vt 0.641861 0.211491
vt 0.612607 0.193767
vt 0.569612 0.400232
vt 0.574304 0.408892
vt 0.866877 0.165515
vt 0.856503 0.165354
vt 0.854349 0.178312
vt 0.956208 0.218460
vt 0.633311 0.096673
vt 0.639846 0.099162
vt 0.646261 0.078619
vt 0.638477 0.075170
vt 0.394130 0.739026
vt 0.826987 0.904107
vt 0.067010 0.610820
vt 0.634153 0.561916
vt 0.641698 0.557840
vt 0.017274 0.638156
vt 0.353285 0.770711
vt 0.355558 0.759852
vt 0.480659 0.586270
vt 0.502075 0.290952
vt 0.513111 0.323585
vt 0.256433 0.433659
vt 0.253553 0.426943
vt 0.080654 0.815707
vt 0.955050 0.101034
vt 0.945392 0.126400
vt 0.234283 0.452631
vt 0.245096 0.464807
vt 0.765257 0.410915
vt 0.110108 0.009288
vt 0.112910 0.015165
vt 0.117883 0.013736
vt 0.499392 0.951715
vt 0.789989 0.028834
vt 0.800557 0.035539
vt 0.572024 0.731564
vt 0.582408 0.754999
vt 0.896818 0.966843
vt 0.846153 0.158093
vt 0.859615 0.149497
vt 0.208770 0.713559
vt 0.205598 0.728655
vt 0.642687 0.857258
vt 0.434834 0.131889
vt 0.443715 0.103912
vt 0.646363 0.619621
vt 0.627513 0.626245
vt 0.636429 0.629367
vt 0.777577 0.592892
vt 0.781678 0.573805
vt 0.768778 0.600338
vt 0.180181 0.159117
vt 0.606744 0.702588
vt 0.466873 0.012445
vt 0.465916 0.037330
vt 0.459904 0.047377
vt 0.374597 0.428853
vt 0.790211 0.606915
vt 0.801249 0.621170
vt 0.914418 0.961394
vt 0.504424 0.281894
vt 0.517348 0.320912
vt 0.520159 0.302695
vt 0.516406 0.280445
vt 0.526305 0.295936
vt 0.928384 0.079584
vt 0.463883 0.053185
vt 0.427401 0.957958
vt 0.931797 0.302629
vt 0.134788 0.020343
vt 0.072337 0.543930
vt 0.493071 0.595592
vt 0.505011 0.612238
vt 0.507602 0.606265
vt 0.461748 0.584463
vt 0.484354 0.604404
vt 0.960211 0.060587
vt 0.966620 0.072110
vt 0.972762 0.056298
vt 0.248148 0.192624
vt 0.227938 0.170579
vt 0.242040 0.175099
vt 0.762306 0.764338
vt 0.747927 0.775150
vt 0.754045 0.786127
vt 0.050171 0.785663
vt 0.078219 0.770104
vt 0.244194 0.479837
vt 0.964070 0.019481
vt 0.952471 0.026822
vt 0.963597 0.031354
vt 0.979926 0.031619
vt 0.583313 0.330940
vt 0.585998 0.342029
vt 0.593176 0.331914
vt 0.593498 0.352445
vt 0.250397 0.743784
vt 0.237914 0.740730
vt 0.250339 0.747995
vt 0.381674 0.731504
vt 0.374522 0.730453
vt 0.469076 0.155059
vt 0.475668 0.147946
vt 0.462924 0.157486
vt 0.733926 0.278562
vt 0.701725 0.338254
vt 0.148476 0.031341
vt 0.157922 0.048765
vt 0.973581 0.020444
vt 0.613174 0.134689
vt 0.793990 0.877823
vt 0.809106 0.895955
vt 0.404252 0.680405
vt 0.736468 0.262710
vt 0.740445 0.270879
vt 0.031740 0.663944
vt 0.479939 0.241303
vt 0.492431 0.258043
vt 0.111860 0.213091
vt 0.124234 0.210724
vt 0.067961 0.470810
vt 0.749187 0.283347
vt 0.746363 0.273824
vt 0.737107 0.285706
vt 0.438327 0.084335
vt 0.210953 0.235278
vt 0.794570 0.200503
vt 0.812061 0.192321
vt 0.044040 0.896340
vt 0.003950 0.857694
vt 0.652700 0.636375
vt 0.532055 0.722534
vt 0.326894 0.279128
vt 0.339820 0.278221
vt 0.335067 0.272144
vt 0.112272 0.226501
vt 0.584936 0.287151
vt 0.574228 0.295929
vt 0.691655 0.293459
vt 0.700841 0.302888
vt 0.071733 0.779651
vt 0.096814 0.777589
vt 0.550375 0.847653
vt 0.550577 0.855488
vt 0.561014 0.853479
vt 0.289634 0.755922
vt 0.263091 0.754881
vt 0.295956 0.760440
vt 0.528374 0.692658
vt 0.515265 0.683745
vt 0.529301 0.708318
vt 0.650375 0.629374
vt 0.658559 0.630798
vt 0.657905 0.622266
vt 0.335172 0.262796
vt 0.306564 0.251958
vt 0.773688 0.063174
vt 0.773979 0.074565
vt 0.787682 0.084906
vt 0.775399 0.086628
vt 0.368396 0.754795
vt 0.379107 0.767262
vt 0.078622 0.757941
vt 0.074875 0.440224
vt 0.519177 0.311877
vt 0.502165 0.618081
vt 0.539335 0.633861
vt 0.520707 0.621200
vt 0.096726 0.197833
vt 0.094446 0.179781
vt 0.090674 0.190142
vt 0.984941 0.213995
vt 0.671347 0.623269
vt 0.535959 0.701200
vt 0.254339 0.511543
vt 0.266979 0.512760
vt 0.479964 0.153665
vt 0.246311 0.160145
vt 0.252062 0.158717
vt 0.867233 0.918256
vt 0.896818 0.942044
vt 0.586824 0.322862
vt 0.481380 0.574086
vt 0.480319 0.567700
vt 0.528727 0.257558
vt 0.675999 0.956856
vt 0.861025 0.401782
vt 0.875862 0.395249
vt 0.288864 0.359864
vt 0.642395 0.062479
vt 0.677781 0.965314
vt 0.578223 0.180893
vt 0.887322 0.130704
vt 0.838996 0.166933
vt 0.525537 0.676715
vt 0.524254 0.669580
vt 0.507298 0.666620
vt 0.664835 0.615323
vt 0.678017 0.617351
vt 0.613422 0.625465
vt 0.638951 0.903885
vt 0.640251 0.892915
vt 0.277351 0.256018
vt 0.787502 0.418314
vt 0.795217 0.385764
vt 0.838075 0.125191
vt 0.228678 0.387561
vt 0.210240 0.389979
vt 0.213759 0.383949
vt 0.202212 0.357589
vt 0.931999 0.174005
vt 0.931412 0.154819
vt 0.533651 0.836730
vt 0.525340 0.837992
vt 0.538907 0.855728
vt 0.271249 0.074610
vt 0.282862 0.076857
vt 0.679075 0.625028
vt 0.680425 0.633245
vt 0.699516 0.637034
vt 0.520890 0.709439
vt 0.675762 0.232819
vt 0.670621 0.248155
vt 0.521649 0.843326
vt 0.304446 0.756819
vt 0.820976 0.660686
vt 0.829387 0.679346
vt 0.836959 0.666369
vt 0.966203 0.166151
vt 0.849051 0.788739
vt 0.842896 0.793755
vt 0.329327 0.143348
vt 0.974725 0.170239
vt 0.324546 0.125222
vt 0.314107 0.131413
vt 0.332461 0.130043
vt 0.850381 0.800119
vt 0.680639 0.918297
vt 0.660080 0.904870
vt 0.374523 0.533408
vt 0.370506 0.528010
vt 0.445948 0.131378
vt 0.446075 0.137213
vt 0.048731 0.234124
vt 0.039087 0.245745
vt 0.584490 0.359993
vt 0.591957 0.363774
vt 0.094730 0.403866
vt 0.079731 0.439962
vt 0.206879 0.350675
vt 0.222072 0.385212
vt 0.782902 0.302669
vt 0.780307 0.338120
vt 0.271231 0.069864
vt 0.797046 0.336799
vt 0.793181 0.314124
vt 0.298295 0.767820
vt 0.277031 0.763983
vt 0.222835 0.207912
vt 0.105714 0.171166
vt 0.239342 0.580941
vt 0.763808 0.647506
vt 0.340724 0.904586
vt 0.011049 0.856900
vt 0.835099 0.756203
vt 0.525499 0.726950
vt 0.527445 0.714327
vt 0.654156 0.651387
vt 0.575799 0.764248
vt 0.570680 0.744073
vt 0.024007 0.928252
vt 0.003996 0.930783
vt 0.824054 0.187650
vt 0.220607 0.219247
vt 0.011281 0.935053
vt 0.008797 0.941194
vt 0.331635 0.963719
vt 0.363524 0.943166
vt 0.383043 0.532942
vt 0.778205 0.098827
vt 0.341690 0.966120
vt 0.368946 0.957944
vt 0.346801 0.970784
vt 0.316339 0.968088
vt 0.328249 0.972107
vt 0.320494 0.977871
vt 0.396915 0.182194
vt 0.595321 0.763002
vt 0.816135 0.669789
vt 0.342921 0.271410
vt 0.617436 0.797798
vt 0.610615 0.782680
vt 0.601757 0.783036
vt 0.611358 0.801277
vt 0.158360 0.090419
vt 0.152718 0.073899
vt 0.152760 0.102021
vt 0.162265 0.108462
vt 0.147142 0.802189
vt 0.403868 0.558513
vt 0.296806 0.343655
vt 0.879122 0.398778
vt 0.876128 0.404386
vt 0.075034 0.390201
vt 0.102663 0.346375
vt 0.098604 0.359378
vt 0.106473 0.351158
vt 0.258943 0.201031
vt 0.258701 0.216261
vt 0.275440 0.214016
vt 0.372643 0.472005
vt 0.359985 0.465406
vt 0.354805 0.480675
vt 0.957364 0.015497
vt 0.942306 0.022978
vt 0.934075 0.021557
vt 0.615716 0.291838
vt 0.798277 0.927985
vt 0.785386 0.916120
vt 0.657961 0.499153
vt 0.670700 0.466167
vt 0.659147 0.482832
vt 0.081543 0.367144
vt 0.088770 0.367752
vt 0.092338 0.340429
vt 0.825621 0.783693
vt 0.836493 0.785432
vt 0.803963 0.367306
vt 0.818160 0.344258
vt 0.820495 0.351625
vt 0.802874 0.342557
vt 0.657435 0.131437
vt 0.237959 0.377559
vt 0.233473 0.375936
vt 0.243805 0.369152
vt 0.250319 0.365100
vt 0.248642 0.356162
vt 0.120288 0.169702
vt 0.126539 0.174386
vt 0.102274 0.335493
vt 0.096294 0.340075
vt 0.667637 0.461350
vt 0.658157 0.464922
vt 0.660784 0.471751
vt 0.666705 0.128737
vt 0.929886 0.094957
vt 0.098926 0.368262
vt 0.063101 0.133161
vt 0.044331 0.120615
vt 0.051474 0.252718
vt 0.054371 0.239506
vt 0.780018 0.211996
vt 0.840294 0.797165
vt 0.169856 0.096354
vt 0.446588 0.583191
vt 0.191580 0.095491
vt 0.196179 0.080290
vt 0.990514 0.228712
vt 0.590679 0.205169
vt 0.386632 0.446739
vt 0.396979 0.448623
vt 0.003950 0.265691
vt 0.011500 0.270320
vt 0.017130 0.266506
vt 0.240385 0.354847
vt 0.242280 0.324827
vt 0.841483 0.339984
vt 0.844237 0.332454
vt 0.877567 0.313602
vt 0.538487 0.668548
vt 0.546184 0.646782
vt 0.533437 0.664222
vt 0.802678 0.932285
vt 0.246364 0.333389
vt 0.875480 0.320920
vt 0.868396 0.330841
vt 0.879472 0.152747
vt 0.889784 0.162998
vt 0.893214 0.144290
vt 0.255070 0.329646
vt 0.246541 0.311248
vt 0.250873 0.339122
vt 0.876543 0.307863
vt 0.649710 0.062940
vt 0.657808 0.064497
vt 0.655902 0.078030
vt 0.935876 0.149575
vt 0.221409 0.132422
vt 0.328795 0.845139
vt 0.334713 0.851699
vt 0.906590 0.977725
vt 0.168448 0.217357
vt 0.173185 0.240474
vt 0.650611 0.666382
vt 0.634237 0.683280
vt 0.805895 0.037813
vt 0.811875 0.054953
vt 0.092369 0.896184
vt 0.099035 0.891073
vt 0.688745 0.625841
vt 0.693341 0.615398
vt 0.758220 0.672824
vt 0.602475 0.332738
vt 0.453108 0.040413
vt 0.452784 0.026194
vt 0.461786 0.012603
vt 0.394521 0.406584
vt 0.401062 0.397469
vt 0.470884 0.930149
vt 0.467202 0.934961
vt 0.154335 0.912320
vt 0.014325 0.095847
vt 0.005641 0.096942
vt 0.708203 0.343073
vt 0.205998 0.708293
vt 0.617850 0.835950
vt 0.790546 0.396722
vt 0.297666 0.586357
vt 0.782488 0.504006
vt 0.783080 0.518815
vt 0.779224 0.523088
vt 0.458981 0.034623
vt 0.400120 0.377892
vt 0.733153 0.768966
vt 0.736447 0.780920
vt 0.743466 0.784818
vt 0.916989 0.272529
vt 0.608499 0.840908
vt 0.360543 0.734296
vt 0.355117 0.735418
vt 0.470824 0.012898
vt 0.465673 0.003950
vt 0.142274 0.064367
vt 0.805249 0.947651
vt 0.328262 0.692523
vt 0.073309 0.457558
vt 0.748404 0.970622
vt 0.763813 0.969516
vt 0.728319 0.977871
vt 0.613735 0.862077
vt 0.217813 0.579100
vt 0.234537 0.563433
vt 0.774203 0.514013
vt 0.908503 0.047292
vt 0.292640 0.486625
vt 0.294481 0.465409
vt 0.853185 0.946579
vt 0.837199 0.941247
vt 0.322152 0.912713
vt 0.326813 0.904573
vt 0.500947 0.672876
vt 0.511399 0.692988
vt 0.702342 0.630702
vt 0.459951 0.059255
vt 0.856415 0.929978
vt 0.627637 0.961353
vt 0.690294 0.201209
vt 0.591842 0.876419
vt 0.592998 0.870178
vt 0.469075 0.070674
vt 0.495144 0.053396
vt 0.500611 0.055655
vt 0.089195 0.335892
vt 0.097464 0.332138
vt 0.510962 0.281140
vt 0.513642 0.271596
vt 0.207186 0.755303
vt 0.208088 0.762107
vt 0.224360 0.758499
vt 0.402913 0.451789
vt 0.430558 0.445581
vt 0.492075 0.043751
vt 0.493258 0.049260
vt 0.471593 0.056293
vt 0.353080 0.504271
vt 0.340074 0.533924
vt 0.606418 0.857407
vt 0.113905 0.810447
vt 0.117441 0.819020
vt 0.135460 0.812931
vt 0.057313 0.256811
vt 0.566707 0.346276
vt 0.565395 0.358564
vt 0.571689 0.355350
vt 0.566942 0.971442
vt 0.596779 0.972332
vt 0.599978 0.966328
vt 0.633470 0.969115
vt 0.624026 0.965874
vt 0.581302 0.203743
vt 0.150328 0.902450
vt 0.148641 0.760930
vt 0.400260 0.929489
vt 0.375720 0.926911
vt 0.610974 0.585635
vt 0.263606 0.079204
vt 0.670122 0.217198
vt 0.585504 0.544704
vt 0.594879 0.569382
vt 0.596984 0.560988
vt 0.731134 0.287526
vt 0.188379 0.439718
vt 0.587607 0.562485
vt 0.592533 0.574916
vt 0.582093 0.571978
vt 0.801405 0.758353
vt 0.351990 0.737762
vt 0.009277 0.850592
vt 0.264017 0.136634
vt 0.272548 0.125020
vt 0.837499 0.720893
vt 0.241169 0.397507
vt 0.421049 0.454445
vt 0.397001 0.465002
vt 0.469669 0.067244
vt 0.788727 0.151478
vt 0.552450 0.631721
vt 0.521801 0.617835
vt 0.529898 0.334331
vt 0.544160 0.361650
vt 0.523611 0.335832
vt 0.247628 0.755068
vt 0.609053 0.741161
vt 0.774075 0.363845
vt 0.664565 0.637112
vt 0.539633 0.363515
vt 0.533485 0.364460
vt 0.541974 0.638761
vt 0.553557 0.635975
vt 0.553557 0.365569
vt 0.664139 0.897546
vt 0.581396 0.868717
vt 0.756283 0.895532
vt 0.088665 0.904002
vt 0.205164 0.101730
vt 0.757083 0.262553
vt 0.611864 0.153023
vt 0.296140 0.480533
vt 0.602182 0.635173
vt 0.572532 0.659166
vt 0.586892 0.643379
vt 0.224808 0.831383
vt 0.572810 0.966640
vt 0.062231 0.118255
vt 0.062098 0.126457
vt 0.665234 0.301814
vt 0.674385 0.305778
vt 0.162052 0.753312
vt 0.004451 0.103905
vt 0.561259 0.977337
vt 0.231331 0.839053
vt 0.237944 0.834548
vt 0.239422 0.842692
vt 0.826016 0.878573
vt 0.820583 0.894818
vt 0.821648 0.862099
vt 0.271379 0.750677
vt 0.579093 0.673246
vt 0.274920 0.131371
vt 0.296133 0.137226
vt 0.849297 0.764342
vt 0.408441 0.525286
vt 0.394523 0.530831
vt 0.396891 0.429178
vt 0.121931 0.464155
vt 0.135568 0.454669
vt 0.125291 0.468802
vt 0.148669 0.448265
vt 0.318222 0.646782
vt 0.731073 0.972644
vt 0.574784 0.960620
vt 0.433251 0.099121
vt 0.123530 0.477803
vt 0.798552 0.395212
vt 0.580342 0.532507
vt 0.581945 0.562691
vt 0.585280 0.529824
vt 0.783955 0.464636
vt 0.291831 0.523312
vt 0.283565 0.541959
vt 0.295444 0.541432
vt 0.733351 0.968996
vt 0.759411 0.954431
vt 0.786339 0.940246
vt 0.726166 0.378946
vt 0.150946 0.812033
vt 0.642892 0.971663
vt 0.884423 0.255555
vt 0.876065 0.249880
vt 0.870782 0.255518
vt 0.587964 0.977871
vt 0.623904 0.974121
vt 0.232569 0.184166
vt 0.064925 0.913068
vt 0.472821 0.943620
vt 0.287715 0.227796
vt 0.140106 0.102210
vt 0.147680 0.100574
vt 0.264304 0.586249
vt 0.722109 0.152342
vt 0.857562 0.906963
vt 0.850405 0.911843
vt 0.097236 0.213336
vt 0.178817 0.302318
vt 0.184553 0.291914
vt 0.865199 0.245049
vt 0.871674 0.248524
vt 0.358436 0.894990
vt 0.581113 0.746117
vt 0.970775 0.234922
vt 0.956902 0.237531
vt 0.634776 0.473750
vt 0.650245 0.482198
vt 0.112274 0.374739
vt 0.438769 0.447475
vt 0.477280 0.436448
vt 0.443329 0.440526
vt 0.633969 0.486600
vt 0.629668 0.473401
vt 0.620237 0.458698
vt 0.649646 0.501219
vt 0.114521 0.358975
vt 0.136929 0.347272
vt 0.142027 0.351904
vt 0.124974 0.353951
vt 0.528189 0.028293
vt 0.530861 0.033517
vt 0.503376 0.044815
vt 0.447693 0.450672
vt 0.479091 0.441924
vt 0.151296 0.338315
vt 0.151432 0.329788
vt 0.237579 0.219247
vt 0.615920 0.444097
vt 0.623767 0.455953
vt 0.615820 0.428894
vt 0.130035 0.344671
vt 0.473014 0.446634
vt 0.516501 0.047935
vt 0.762976 0.045438
vt 0.795359 0.579825
vt 0.777064 0.772656
vt 0.107567 0.527895
vt 0.148192 0.324480
vt 0.603437 0.424537
vt 0.595494 0.421993
vt 0.610428 0.440546
vt 0.833432 0.419422
vt 0.850019 0.416254
vt 0.695180 0.971719
vt 0.701127 0.963945
vt 0.610508 0.427947
vt 0.165036 0.319257
vt 0.163050 0.311248
vt 0.159500 0.318456
vt 0.384554 0.169038
vt 0.370493 0.159995
vt 0.716255 0.977617
vt 0.718265 0.964099
vt 0.652763 0.481367
vt 0.774120 0.607182
vt 0.600669 0.359412
vt 0.600752 0.347282
vt 0.789266 0.304353
vt 0.580940 0.367170
vt 0.947217 0.037517
vt 0.953745 0.049417
vt 0.149845 0.451490
vt 0.128867 0.469622
vt 0.170708 0.320301
vt 0.576376 0.507960
vt 0.143761 0.443069
vt 0.148444 0.444509
vt 0.119129 0.037173
vt 0.116130 0.023281
vt 0.794567 0.297732
vt 0.169042 0.435299
vt 0.575477 0.494522
vt 0.580640 0.499058
vt 0.336566 0.548031
vt 0.338229 0.560041
vt 0.499444 0.569706
vt 0.494065 0.564498
vt 0.850202 0.902312
vt 0.841954 0.875217
vt 0.812896 0.836014
vt 0.531409 0.266787
vt 0.531531 0.262627
vt 0.165206 0.420480
vt 0.578273 0.489369
vt 0.055029 0.554593
vt 0.908700 0.318349
vt 0.919121 0.322685
vt 0.928915 0.321081
vt 0.519420 0.267802
vt 0.470457 0.556851
vt 0.540825 0.263634
vt 0.170034 0.424285
vt 0.175262 0.425188
vt 0.162512 0.434005
vt 0.360794 0.206905
vt 0.362025 0.214054
vt 0.827483 0.852981
vt 0.471186 0.734264
vt 0.445547 0.738323
vt 0.437994 0.748159
vt 0.478005 0.136246
vt 0.552252 0.024948
vt 0.537033 0.033777
vt 0.463148 0.135000
vt 0.545095 0.023415
vt 0.369115 0.732524
vt 0.823058 0.827793
vt 0.817973 0.826394
vt 0.487253 0.716467
vt 0.804152 0.808019
vt 0.810686 0.809518
vt 0.653034 0.507968
vt 0.643845 0.515589
vt 0.990045 0.091907
vt 0.042332 0.421581
vt 0.762646 0.391111
vt 0.768737 0.529425
vt 0.366478 0.836517
vt 0.231492 0.584636
vt 0.397435 0.919330
vt 0.301601 0.242727
vt 0.278064 0.114732
vt 0.796852 0.767993
vt 0.084994 0.886639
vt 0.881139 0.167017
vt 0.980058 0.233782
vt 0.659324 0.093340
vt 0.665146 0.114271
vt 0.008233 0.676889
vt 0.666181 0.287330
vt 0.672150 0.295638
vt 0.563381 0.201716
vt 0.405544 0.926962
vt 0.436027 0.935481
vt 0.610894 0.314441
vt 0.057777 0.449649
vt 0.513239 0.976267
vt 0.507232 0.671424
vt 0.550665 0.647123
vt 0.546239 0.670493
vt 0.687006 0.615304
vt 0.788925 0.530198
vt 0.313230 0.648225
vt 0.912067 0.028978
vt 0.908705 0.014534
vt 0.902127 0.027378
vt 0.007568 0.807928
vt 0.726166 0.969720
vt 0.487618 0.446436
vt 0.510551 0.438604
vt 0.500323 0.433200
vt 0.057829 0.835295
vt 0.066765 0.841583
vt 0.354189 0.638881
vt 0.362569 0.636564
vt 0.535684 0.683854
vt 0.845751 0.922363
vt 0.543662 0.018422
vt 0.597641 0.809904
vt 0.562002 0.183315
vt 0.927426 0.015651
vt 0.913137 0.018931
vt 0.797380 0.732803
vt 0.778439 0.888604
vt 0.554397 0.654501
vt 0.694539 0.619230
vt 0.712185 0.608303
vt 0.706403 0.606076
vt 0.770355 0.248017
vt 0.893214 0.305266
vt 0.243427 0.242979
vt 0.250642 0.248818
vt 0.787932 0.206522
vt 0.833183 0.768797
vt 0.412146 0.580357
vt 0.603776 0.416793
vt 0.461602 0.192571
vt 0.968852 0.080069
vt 0.078131 0.377847
vt 0.072258 0.373513
vt 0.881918 0.250572
vt 0.235809 0.502347
vt 0.064644 0.476192
vt 0.177264 0.418686
vt 0.180478 0.425723
vt 0.216834 0.739627
vt 0.212743 0.732523
vt 0.214516 0.710917
vt 0.211216 0.726975
vt 0.483214 0.160589
vt 0.290772 0.751927
vt 0.941407 0.014510
vt 0.953362 0.010663
vt 0.493046 0.716356
vt 0.488571 0.721111
vt 0.462726 0.722153
vt 0.430618 0.215342
vt 0.535217 0.334141
vt 0.527838 0.315504
vt 0.022024 0.269455
vt 0.017288 0.276491
vt 0.065115 0.110631
vt 0.487284 0.712822
vt 0.805484 0.815360
vt 0.431063 0.734777
vt 0.413220 0.918495
vt 0.429346 0.925217
vt 0.637109 0.059538
vt 0.585680 0.499389
vt 0.640089 0.049082
vt 0.282720 0.415505
vt 0.339920 0.974914
vt 0.027467 0.934939
vt 0.893065 0.392761
vt 0.881185 0.405193
vt 0.154558 0.787151
vt 0.572557 0.851207
vt 0.565787 0.211267
vt 0.674873 0.184698
vt 0.071813 0.628133
vt 0.361302 0.154763
vt 0.320994 0.602925
vt 0.313230 0.586989
vt 0.350822 0.188759
vt 0.452703 0.139584
vt 0.671228 0.033560
vt 0.671101 0.020789
vt 0.038644 0.603540
vt 0.731507 0.408135
vt 0.730185 0.392199
vt 0.757120 0.459243
vt 0.739096 0.427735
vt 0.693682 0.325469
vt 0.692647 0.332200
vt 0.697027 0.331296
vt 0.761623 0.403069
vt 0.541468 0.687328
vt 0.689446 0.609183
vt 0.076858 0.137697
vt 0.655733 0.288414
vt 0.392779 0.389138
vt 0.079760 0.109643
vt 0.387474 0.412002
vt 0.690458 0.337852
vt 0.556419 0.962444
vt 0.564542 0.963441
vt 0.566845 0.957941
vt 0.559846 0.969404
vt 0.978971 0.087182
vt 0.158253 0.817034
vt 0.379170 0.472554
vt 0.390530 0.849473
vt 0.977807 0.010495
vt 0.966772 0.003950
vt 0.551001 0.369992
vt 0.625127 0.835584
vt 0.210992 0.702672
vt 0.587255 0.371171
vt 0.532682 0.324453
vt 0.614971 0.457163
vt 0.333557 0.607789
vt 0.861572 0.097797
vt 0.045754 0.436319
vt 0.018712 0.405697
vt 0.038294 0.425728
vt 0.663322 0.548068
vt 0.660880 0.542789
vt 0.020764 0.399385
vt 0.037145 0.403462
vt 0.007955 0.385059
vt 0.646700 0.012837
vt 0.013840 0.410015
vt 0.003950 0.387408
vt 0.536677 0.270407
vt 0.375277 0.610891
vt 0.364085 0.629885
vt 0.333812 0.832267
vt 0.521140 0.833253
vt 0.901115 0.036435
vt 0.255232 0.340097
vt 0.826248 0.630796
vt 0.160876 0.906553
vt 0.836784 0.905165
vt 0.165000 0.915612
vt 0.210526 0.227051
vt 0.828357 0.948645
vt 0.422981 0.930822
vt 0.862941 0.233938
vt 0.018576 0.597257
vt 0.983021 0.103043
vt 0.593656 0.377580
vt 0.396897 0.671044
vt 0.250895 0.174561
vt 0.256644 0.188814
vt 0.140344 0.017370
vt 0.836865 0.348168
vt 0.362881 0.445435
vt 0.535650 0.255689
vt 0.056477 0.535063
vt 0.059813 0.651200
vt 0.502799 0.564896
vt 0.096399 0.575484
vt 0.666024 0.455978
vt 0.571594 0.310768
vt 0.901574 0.317186
vt 0.568460 0.384764
vt 0.563188 0.395712
vt 0.561458 0.387224
vt 0.702742 0.524810
vt 0.673336 0.539146
vt 0.689075 0.536326
vt 0.258712 0.061293
vt 0.390220 0.134343
vt 0.582868 0.277268
vt 0.469134 0.052019
vt 0.705992 0.527495
vt 0.727428 0.202733
vt 0.714208 0.604549
vt 0.515505 0.611334
vt 0.067862 0.642678
vt 0.688583 0.540975
vt 0.436093 0.454544
vt 0.455565 0.455560
vt 0.571540 0.492990
vt 0.808602 0.775131
vt 0.670903 0.458280
vt 0.738146 0.289831
vt 0.801163 0.335222
vt 0.406831 0.393264
vt 0.521025 0.730353
vt 0.064335 0.537718
vt 0.359700 0.940593
vt 0.005640 0.694771
vt 0.102131 0.364504
vt 0.143337 0.917347
vt 0.765460 0.865945
vt 0.157142 0.032681
vt 0.797629 0.812514
vt 0.841311 0.213074
vt 0.035318 0.934639
vt 0.904123 0.848334
vt 0.906745 0.856206
vt 0.912212 0.843051
vt 0.866518 0.586730
vt 0.876767 0.579951
vt 0.869183 0.569183
vt 0.882237 0.628398
vt 0.878891 0.614305
vt 0.875918 0.627710
vt 0.881707 0.651654
vt 0.872969 0.650223
vt 0.873652 0.644839
vt 0.925992 0.867549
vt 0.924092 0.850401
vt 0.915772 0.876945
vt 0.924928 0.833917
vt 0.915905 0.851806
vt 0.928917 0.840077
vt 0.347088 0.336555
vt 0.362508 0.334811
vt 0.354410 0.328994
vt 0.914464 0.806338
vt 0.908369 0.820026
vt 0.914253 0.819082
vt 0.941240 0.616680
vt 0.930509 0.601480
vt 0.931501 0.612809
vt 0.864290 0.570539
vt 0.888296 0.549607
vt 0.879860 0.551314
vt 0.884893 0.560930
vt 0.362120 0.328092
vt 0.869898 0.540902
vt 0.874070 0.550041
vt 0.875326 0.528326
vt 0.871298 0.555552
vt 0.864685 0.546390
vt 0.864180 0.560637
vt 0.911913 0.792409
vt 0.913001 0.783509
vt 0.909039 0.784430
vt 0.891378 0.529234
vt 0.386904 0.332425
vt 0.883123 0.531907
vt 0.899242 0.530549
vt 0.894691 0.537596
vt 0.911210 0.762707
vt 0.917086 0.778273
vt 0.918067 0.771058
vt 0.901278 0.456042
vt 0.912199 0.448762
vt 0.907705 0.456770
vt 0.365329 0.340368
vt 0.376143 0.341109
vt 0.904488 0.513596
vt 0.892232 0.523301
vt 0.901997 0.518138
vt 0.889920 0.463604
vt 0.882820 0.460516
vt 0.898541 0.449451
vt 0.347253 0.339020
vt 0.354927 0.342099
vt 0.358985 0.336946
vt 0.933460 0.361732
vt 0.917421 0.360305
vt 0.928547 0.363563
vt 0.869891 0.528183
vt 0.871220 0.513614
vt 0.864989 0.511724
vt 0.336775 0.335719
vt 0.342896 0.330171
vt 0.331369 0.330592
vt 0.918949 0.803414
vt 0.922662 0.813627
vt 0.872797 0.492099
vt 0.878077 0.492806
vt 0.874750 0.476071
vt 0.866223 0.502928
vt 0.912444 0.865508
vt 0.866728 0.652585
vt 0.870579 0.660052
vt 0.860967 0.655582
vt 0.915513 0.887402
vt 0.924113 0.888983
vt 0.905503 0.876119
vt 0.910271 0.877423
vt 0.887795 0.521812
vt 0.894280 0.517058
vt 0.932621 0.828022
vt 0.929325 0.626884
vt 0.924966 0.606889
vt 0.866447 0.467409
vt 0.870118 0.481189
vt 0.944144 0.366741
vt 0.859280 0.573483
vt 0.916296 0.618589
vt 0.919256 0.632685
vt 0.921213 0.615355
vt 0.898036 0.366958
vt 0.907013 0.370702
vt 0.926570 0.368338
vt 0.383801 0.336982
vt 0.883741 0.642180
vt 0.858635 0.584362
vt 0.858821 0.599076
vt 0.863393 0.591047
vt 0.385888 0.328157
vt 0.397878 0.336156
vt 0.387317 0.341106
vt 0.395374 0.342178
vt 0.412993 0.332413
vt 0.409603 0.329348
vt 0.398979 0.331268
vt 0.935474 0.628454
vt 0.935135 0.620549
vt 0.336172 0.340877
vt 0.329115 0.343466
vt 0.342661 0.342827
vt 0.902226 0.449875
vt 0.426685 0.330161
vt 0.420048 0.324185
vt 0.859071 0.645905
vt 0.869225 0.643204
vt 0.868507 0.648808
vt 0.934350 0.814843
vt 0.944567 0.798749
vt 0.939929 0.796753
vt 0.921357 0.595237
vt 0.916958 0.595626
vt 0.418610 0.335190
vt 0.431601 0.334611
vt 0.933775 0.430636
vt 0.930431 0.427566
vt 0.945844 0.415220
vt 0.878720 0.559193
vt 0.877081 0.568091
vt 0.884675 0.571565
vt 0.923653 0.576895
vt 0.924983 0.561613
vt 0.921616 0.572714
vt 0.933388 0.591288
vt 0.936494 0.607969
vt 0.940807 0.608835
vt 0.422379 0.321187
vt 0.432932 0.325759
vt 0.946856 0.439017
vt 0.956869 0.443292
vt 0.949627 0.445121
vt 0.930016 0.592569
vt 0.928548 0.578082
vt 0.925575 0.583857
vt 0.926008 0.593018
vt 0.879001 0.513372
vt 0.875112 0.513875
vt 0.869086 0.501237
vt 0.435727 0.305722
vt 0.416170 0.316725
vt 0.424812 0.318180
vt 0.941957 0.428448
vt 0.923046 0.777679
vt 0.916597 0.782415
vt 0.922907 0.787291
vt 0.918246 0.791248
vt 0.939396 0.432424
vt 0.949799 0.437198
vt 0.441487 0.309745
vt 0.429660 0.319773
vt 0.447354 0.309556
vt 0.948721 0.790429
vt 0.945207 0.786674
vt 0.892101 0.872786
vt 0.898285 0.873988
vt 0.900986 0.856577
vt 0.885981 0.607238
vt 0.884793 0.599877
vt 0.949323 0.799505
vt 0.360714 0.320555
vt 0.910802 0.832184
vt 0.923420 0.829022
vt 0.917525 0.835505
vt 0.864489 0.615520
vt 0.863169 0.626815
vt 0.868660 0.630766
vt 0.873961 0.607836
vt 0.882845 0.510690
vt 0.960563 0.764448
vt 0.955872 0.770976
vt 0.956633 0.779174
vt 0.962315 0.749727
vt 0.956359 0.754423
vt 0.958172 0.758216
vt 0.883671 0.592427
vt 0.875786 0.594205
vt 0.904215 0.468233
vt 0.901639 0.463452
vt 0.902062 0.521386
vt 0.907160 0.776018
vt 0.911945 0.774468
vt 0.899031 0.752994
vt 0.401553 0.341448
vt 0.406627 0.338042
vt 0.930540 0.434966
vt 0.939445 0.435218
vt 0.930310 0.439162
vt 0.924208 0.814859
vt 0.920761 0.823964
vt 0.926888 0.820687
vt 0.917152 0.509904
vt 0.905139 0.524605
vt 0.930785 0.513770
vt 0.882417 0.499342
vt 0.888143 0.508481
vt 0.898703 0.355184
vt 0.898287 0.361854
vt 0.910359 0.358373
vt 0.434189 0.333139
vt 0.436766 0.330423
vt 0.921355 0.505461
vt 0.901350 0.511865
vt 0.903603 0.752196
vt 0.924685 0.642217
vt 0.926451 0.631690
vt 0.934376 0.835397
vt 0.892626 0.729803
vt 0.897314 0.744576
vt 0.901284 0.744785
vt 0.935360 0.509157
vt 0.444096 0.334987
vt 0.967041 0.452705
vt 0.947639 0.447015
vt 0.932534 0.841155
vt 0.937704 0.842703
vt 0.930661 0.852075
vt 0.904203 0.828961
vt 0.900135 0.507962
vt 0.893557 0.510863
vt 0.914092 0.826708
vt 0.884764 0.722794
vt 0.885612 0.728893
vt 0.890865 0.732408
vt 0.927233 0.518501
vt 0.926342 0.509809
vt 0.880665 0.723153
vt 0.873081 0.654019
vt 0.880629 0.662852
vt 0.886849 0.719777
vt 0.951284 0.501976
vt 0.959028 0.502349
vt 0.971675 0.494413
vt 0.911520 0.443430
vt 0.925573 0.434030
vt 0.916906 0.443662
vt 0.923314 0.427202
vt 0.942308 0.413733
vt 0.881188 0.716915
vt 0.877343 0.713387
vt 0.965266 0.494933
vt 0.957534 0.495027
vt 0.946139 0.500035
vt 0.863243 0.472067
vt 0.943236 0.370949
vt 0.938046 0.373712
vt 0.936548 0.820177
vt 0.940377 0.820562
vt 0.936444 0.639578
vt 0.870289 0.463730
vt 0.859184 0.466200
vt 0.863712 0.463162
vt 0.890844 0.654659
vt 0.909001 0.806031
vt 0.966906 0.449643
vt 0.447787 0.333753
vt 0.940936 0.779860
vt 0.941157 0.785730
vt 0.879295 0.892009
vt 0.895099 0.890153
vt 0.893199 0.881569
vt 0.901304 0.882900
vt 0.896236 0.897444
vt 0.903199 0.900663
vt 0.916620 0.435875
vt 0.916633 0.581352
vt 0.452225 0.339163
vt 0.460804 0.340325
vt 0.456301 0.335623
vt 0.447566 0.341537
vt 0.445584 0.338113
vt 0.924557 0.878160
vt 0.859781 0.609424
vt 0.859521 0.620267
vt 0.447485 0.302819
vt 0.890460 0.595769
vt 0.904535 0.866113
vt 0.953335 0.786443
vt 0.923712 0.800597
vt 0.930342 0.573216
vt 0.969971 0.448316
vt 0.983054 0.450499
vt 0.982169 0.452726
vt 0.462786 0.344648
vt 0.985270 0.453539
vt 0.981387 0.456262
vt 0.463071 0.336310
vt 0.923644 0.444509
vt 0.941138 0.502886
vt 0.928229 0.501152
vt 0.944869 0.776728
vt 0.950249 0.778038
vt 0.892629 0.745540
vt 0.917414 0.572618
vt 0.921721 0.558894
vt 0.919791 0.554306
vt 0.927507 0.553177
vt 0.923670 0.548309
vt 0.365091 0.324945
vt 0.886192 0.896708
vt 0.866409 0.665630
vt 0.918480 0.365258
vt 0.865161 0.533575
vt 0.950932 0.786232
vt 0.403595 0.326593
vt 0.410347 0.318269
vt 0.868796 0.601066
vt 0.934514 0.366650
vt 0.404603 0.318457
vt 0.383432 0.325302
vt 0.880821 0.709244
vt 0.424641 0.322829
vt 0.927643 0.373221
vt 0.865649 0.482957
vt 0.889628 0.512475
vt 0.434333 0.313187
vt 0.953847 0.410442
vt 0.948949 0.404784
vt 0.951702 0.407181
vt 0.941836 0.508924
vt 0.935561 0.513647
vt 0.952854 0.370165
vt 0.858895 0.448705
vt 0.860610 0.459134
vt 0.955691 0.438810
vt 0.967650 0.444394
vt 0.975440 0.446669
vt 0.980943 0.447511
vt 0.864428 0.522074
vt 0.944674 0.504723
vt 0.951621 0.768772
vt 0.441033 0.303553
vt 0.955191 0.404253
vt 0.466625 0.340439
vt 0.894356 0.374403
vt 0.893288 0.365432
vt 0.908978 0.885454
vt 0.865628 0.459238
vt 0.863682 0.449310
vt 0.965014 0.366627
vt 0.950791 0.366296
vt 0.906011 0.747812
vt 0.924462 0.505763
vt 0.936242 0.438804
vt 0.884110 0.616735
vt 0.878314 0.886550
vt 0.868038 0.457596
vt 0.864588 0.445473
vt 0.966810 0.370174
vt 0.950258 0.373307
vt 0.963968 0.374453
vt 0.930844 0.810647
vt 0.929062 0.562396
vt 0.942900 0.407193
vt 0.908149 0.900397
vt 0.916838 0.894186
vt 0.858635 0.639588
vt 0.861187 0.447137
vt 0.859791 0.443897
vt 0.332034 0.337113
vt 0.933214 0.581874
vt 0.443803 0.298669
vt 0.962797 0.756949
vt 0.923735 0.538715
vt 0.919313 0.543910
vt 0.923375 0.542952
vt 0.926207 0.544715
vt 0.918674 0.430840
vt 0.938307 0.592109
vt 0.882976 0.715112
vt 0.909270 0.504535
vt 0.908125 0.749832
vt 0.959201 0.760916
vt 0.955060 0.766083
vt 0.947130 0.443253
vt 0.935169 0.443984
vt 0.353303 0.325214
vt 0.892580 0.613602
vt 0.885142 0.632342
vt 0.865716 0.490091
vt 0.920676 0.371754
vt 0.969982 0.491141
vt 0.864413 0.601068
vt 0.894417 0.465594
vt 0.890196 0.562993
vt 0.930866 0.640002
vt 0.954345 0.761271
vt 0.892670 0.643992
vt 0.868976 0.634198
vt 0.876103 0.640019
vt 0.875425 0.665623
vt 0.468061 0.336188
vt 0.893725 0.741679
vt 0.953920 0.507998
vt 0.885795 0.713032
vt 0.938644 0.832988
vt 0.329730 0.331176
vt 0.876816 0.709447
vt 0.969905 0.497793
vt 0.894288 0.361376
vt 0.861511 0.634576
s 1
usemtl tree2
f 1/1/1 2/2/2 3/3/3
f 4/4/4 5/5/5 6/6/6
f 7/7/7 8/8/8 9/9/9
f 10/10/10 11/11/11 12/12/12
f 13/13/13 14/14/14 15/15/15
f 16/16/16 17/17/17 18/18/18
f 13/13/13 19/19/19 20/20/20
f 21/21/21 22/22/22 23/23/23
f 24/24/24 25/25/25 26/26/26
f 4/4/4 27/27/27 28/28/28
f 29/29/29 30/30/30 31/31/31
f 22/22/22 21/21/21 32/32/32
f 33/33/33 34/34/34 35/35/35
f 36/36/36 37/37/37 38/38/38
f 39/39/39 40/40/40 41/41/41
f 42/42/42 43/43/43 44/44/44
f 45/45/45 46/46/46 47/47/47
f 48/48/48 49/49/49 50/50/50
f 51/51/51 52/52/52 53/53/53
f 54/54/54 55/55/55 56/56/56
f 57/57/57 58/58/58 59/59/59
f 60/60/60 61/61/61 62/62/62
f 63/63/63 64/64/64 65/65/65
f 66/66/66 67/67/67 68/68/68
f 69/69/69 70/70/70 71/71/71
f 72/72/72 73/73/73 74/74/74
f 75/75/75 76/76/76 77/77/77
f 78/78/78 79/79/79 80/80/80
f 81/81/81 33/33/33 82/82/82
f 83/83/83 84/84/84 85/85/85
f 86/86/86 87/87/87 88/88/88
f 89/89/89 90/90/90 91/91/91
f 92/92/92 93/93/93 94/94/94
f 95/95/95 96/96/96 97/97/97
f 98/98/98 99/99/99 100/100/100
f 101/101/101 102/102/102 103/103/103
f 104/104/104 105/105/105 106/106/106
f 107/107/107 108/108/108 109/109/109
f 110/110/110 111/111/111 112/112/112
f 113/113/113 114/114/114 115/115/115
f 116/116/116 117/117/117 118/118/118
f 119/119/119 120/120/120 121/121/121
f 122/122/122 123/123/123 124/124/124
f 125/125/125 126/126/126 127/127/127
f 128/128/128 129/129/129 130/130/130
f 131/131/131 132/132/132 133/133/133
f 134/134/134 135/135/135 136/136/136
f 137/137/137 138/138/138 139/139/139
f 140/140/140 141/141/141 142/142/142
f 130/130/130 143/143/143 128/128/128
f 144/144/144 145/145/145 146/146/146
f 147/147/147 148/148/148 149/149/149
f 50/50/50 150/150/150 151/151/151
f 146/146/146 152/152/152 153/153/153
f 154/154/154 119/119/119 155/155/155
f 156/156/156 157/157/157 158/158/158
f 159/159/159 160/160/160 161/161/161
f 162/162/162 163/163/163 164/164/164
f 165/165/165 166/166/166 167/167/167
f 168/168/168 139/139/139 169/169/169
f 170/170/170 171/171/171 172/172/172
f 7/7/7 173/173/173 174/174/174
f 175/175/175 55/55/55 54/54/54
f 77/77/77 176/176/176 177/177/177
f 141/141/141 178/178/178 142/142/142
f 179/179/179 142/142/142 180/180/180
f 25/25/25 24/24/24 181/181/181
f 182/182/182 183/183/183 184/184/184
f 185/185/185 186/186/186 187/187/187
f 188/188/188 189/189/189 190/190/190
f 191/191/191 164/164/164 192/192/192
f 193/193/193 194/194/194 195/195/195
f 196/196/196 197/197/197 198/198/198
f 199/199/199 200/200/200 201/201/201
f 202/202/202 203/203/203 204/204/204
f 30/30/30 205/205/205 206/206/206
f 207/207/207 208/208/208 209/209/209
f 210/210/210 211/211/211 212/212/212
f 213/213/213 214/214/197 215/215/196
f 216/216/214 217/217/215 218/218/216
f 109/109/109 219/219/217 220/220/218
f 221/221/219 222/222/220 223/223/221
f 224/224/222 225/225/223 226/226/224
f 227/227/225 225/225/223 224/224/222
f 228/228/226 229/229/227 230/230/228
f 231/231/229 232/232/230 233/233/231
f 234/234/232 235/235/233 236/236/234
f 237/237/235 238/238/236 239/239/237
f 166/166/166 240/240/238 241/241/239
f 242/242/240 243/243/241 244/244/242
f 245/245/243 246/246/244 247/247/245
f 248/248/224 249/249/246 250/250/247
f 193/193/193 163/163/163 162/162/162
f 251/251/248 252/252/249 253/253/250
f 233/233/231 254/254/251 255/255/252
f 256/256/253 257/257/254 258/258/255
f 81/81/81 259/259/256 204/204/204
f 237/237/235 260/260/257 238/238/236
f 261/261/258 262/262/259 263/263/260
f 98/98/98 100/100/100 264/264/261
f 265/265/262 266/266/263 267/267/264
f 268/268/265 269/269/266 270/270/267
f 271/271/268 272/272/269 273/273/270
f 64/64/64 274/274/271 275/275/272
f 276/276/273 277/277/274 278/278/275
f 279/279/276 280/280/277 281/281/278
f 282/282/279 283/283/280 284/284/281
f 285/285/282 286/286/283 287/287/284
f 288/288/285 289/289/286 290/290/287
f 291/291/288 268/268/265 270/270/267
f 292/292/289 293/293/290 294/294/291
f 295/295/292 251/251/248 253/253/250
f 296/296/293 297/297/294 298/298/295
f 272/272/269 299/299/296 273/273/270
f 300/300/297 189/189/189 188/188/188
f 228/228/226 230/230/228 301/301/298
f 159/159/159 302/302/299 160/160/160
f 303/303/300 304/304/301 305/305/302
f 36/36/36 306/306/303 307/307/304
f 308/308/305 309/309/306 310/310/307
f 311/311/308 93/93/93 312/312/309
f 93/93/93 311/311/308 313/313/310
f 314/314/311 315/315/312 316/316/313
f 317/317/314 318/318/315 44/44/44
f 319/319/316 320/320/317 321/321/318
f 132/132/132 322/322/319 323/323/320
f 324/324/321 325/325/322 326/326/323
f 327/327/324 328/328/325 149/149/149
f 329/329/326 330/330/327 331/331/328
f 330/330/327 332/332/329 333/333/330
f 334/334/331 335/335/332 336/336/333
f 337/337/334 338/338/335 339/339/336
f 340/340/337 341/341/338 19/19/19
f 248/248/224 250/250/247 342/342/339
f 138/138/138 137/137/137 343/343/340
f 344/344/341 345/345/342 346/346/343
f 347/347/344 348/348/345 349/349/346
f 350/350/347 351/351/348 352/352/349
f 353/353/350 354/354/351 355/355/352
f 356/356/353 357/357/354 358/358/355
f 359/359/125 360/360/356 361/361/357
f 122/122/122 362/362/358 123/123/123
f 363/363/359 364/364/360 365/365/361
f 303/303/300 366/366/362 367/367/363
f 368/368/364 369/369/365 370/370/366
f 371/371/367 372/372/368 373/373/369
f 374/374/370 35/35/35 34/34/34
f 375/375/371 376/376/372 377/377/373
f 378/378/374 329/329/326 379/379/375
f 380/380/376 381/381/377 382/382/378
f 19/19/19 383/383/379 384/384/380
f 385/385/381 386/386/382 159/159/159
f 387/387/383 388/388/384 389/389/385
f 390/390/386 42/42/42 391/391/387
f 392/392/388 375/375/371 393/393/389
f 394/394/390 395/395/391 396/396/392
f 397/397/393 398/398/394 399/399/395
f 400/400/396 401/401/397 402/402/398
f 31/31/31 403/403/399 404/404/400
f 234/234/232 404/404/400 403/403/399
f 405/405/401 406/406/402 407/407/403
f 180/180/180 408/408/404 179/179/179
f 156/156/156 158/158/158 409/409/405
f 410/410/406 1/1/1 3/3/3
f 411/411/407 148/148/148 147/147/147
f 412/412/408 413/413/409 414/414/410
f 306/306/303 415/415/411 416/416/412
f 417/417/413 418/418/414 81/81/81
f 127/127/127 419/419/415 125/125/125
f 420/420/416 421/421/417 360/360/356
f 422/422/418 423/423/419 424/424/420
f 156/156/156 409/409/405 425/425/421
f 426/426/422 427/427/423 428/428/424
f 429/429/425 430/430/426 431/431/427
f 432/432/428 433/433/429 434/434/430
f 435/435/431 436/436/432 437/437/433
f 251/251/248 438/438/434 439/439/435
f 440/440/436 40/40/40 441/441/437
f 442/442/438 443/443/378 444/444/439
f 445/445/440 446/446/441 435/435/431
f 346/346/343 447/447/442 448/448/443
f 449/449/444 450/450/445 451/451/446
f 452/452/447 453/453/448 316/316/313
f 454/454/449 349/349/346 348/348/345
f 455/455/450 456/456/451 457/457/452
f 120/120/120 119/119/119 458/458/453
f 459/459/454 460/460/455 461/461/456
f 462/462/457 463/463/458 351/351/348
f 464/464/459 465/465/460 466/466/461
f 467/467/462 468/468/463 469/469/464
f 470/470/465 471/471/450 472/472/466
f 473/473/467 474/474/468 475/475/469
f 476/476/470 477/477/471 478/478/472
f 479/479/473 480/480/474 481/481/475
f 449/449/444 482/482/476 450/450/445
f 483/483/477 484/484/478 198/198/198
f 485/485/479 486/486/480 487/487/481
f 488/488/482 489/489/483 490/490/484
f 491/491/485 492/492/486 69/69/69
f 493/493/487 492/492/486 491/491/485
f 494/494/488 495/495/489 496/496/490
f 419/419/415 127/127/127 497/497/491
f 446/446/441 498/498/492 435/435/431
f 499/499/493 500/500/494 477/477/471
f 501/501/495 502/502/496 503/503/497
f 504/504/498 501/501/495 503/503/497
f 505/505/499 506/506/500 507/507/385
f 508/508/501 509/509/502 510/510/503
f 511/511/504 456/456/451 102/102/102
f 512/512/505 513/513/506 514/514/507
f 53/53/53 67/67/67 515/515/508
f 282/282/279 516/516/509 517/517/510
f 518/518/511 519/519/512 520/520/134
f 122/122/122 421/421/417 362/362/358
f 521/521/513 522/522/514 523/523/515
f 524/524/516 525/525/517 526/526/518
f 527/527/519 528/528/520 529/529/521
f 530/530/522 531/531/523 532/532/524
f 190/190/190 533/533/525 188/188/188
f 190/190/190 534/534/526 535/535/527
f 490/490/484 536/536/528 537/537/529
f 399/399/395 538/538/530 539/539/531
f 540/540/532 541/541/533 542/542/534
f 541/541/533 540/540/532 517/517/510
f 543/543/535 544/544/536 545/545/537
f 546/546/538 547/547/539 548/548/540
f 110/110/110 112/112/112 549/549/541
f 244/244/242 243/243/241 550/550/542
f 440/440/436 41/41/41 40/40/40
f 551/551/543 552/552/544 553/553/545
f 554/554/16 555/555/18 556/556/546
f 557/557/547 558/558/548 559/559/549
f 560/560/550 315/315/312 314/314/311
f 219/219/217 561/561/551 562/562/552
f 517/517/510 563/563/553 541/541/533
f 564/564/554 285/285/282 565/565/555
f 566/566/556 567/567/557 568/568/558
f 489/489/483 569/569/559 570/570/560
f 571/571/561 572/572/562 573/573/563
f 574/574/564 575/575/565 576/576/566
f 577/577/567 578/578/568 579/579/569
f 580/580/570 581/581/571 582/582/572
f 583/583/573 584/584/574 585/585/575
f 586/586/576 470/470/465 472/472/466
f 583/583/573 587/587/577 588/588/578
f 589/589/579 590/590/580 591/591/581
f 592/592/582 593/593/583 594/594/584
f 595/595/585 478/478/472 596/596/586
f 597/597/587 598/598/588 599/599/589
f 394/394/390 600/600/590 601/601/589
f 602/602/591 603/603/592 604/604/593
f 376/376/372 605/605/594 377/377/373
f 606/606/595 607/607/596 608/608/597
f 606/606/595 609/609/598 610/610/599
f 356/356/353 611/611/600 612/612/601
f 613/613/602 614/614/603 615/615/604
f 616/616/605 617/617/606 618/618/607
f 60/60/60 62/62/62 619/619/608
f 620/620/609 621/621/610 622/622/611
f 623/623/612 624/624/613 622/622/611
f 625/625/614 626/626/615 627/627/616
f 628/628/617 629/629/618 586/586/576
f 630/630/619 161/161/161 631/631/620
f 632/632/621 407/407/403 633/633/622
f 634/634/623 337/337/334 339/339/336
f 635/635/624 636/636/625 357/357/354
f 289/289/286 637/637/626 638/638/627
f 639/639/628 640/640/629 641/641/630
f 173/173/173 252/252/249 642/642/631
f 252/252/249 643/643/632 642/642/631
f 577/577/567 644/644/633 578/578/568
f 645/645/634 646/646/635 647/647/636
f 392/392/388 393/393/389 648/648/637
f 649/649/638 650/650/639 651/651/640
f 652/652/641 653/653/642 654/654/643
f 655/655/644 656/656/645 657/657/646
f 336/336/333 658/658/647 293/293/290
f 23/23/23 659/659/648 660/660/649
f 661/661/650 662/662/651 663/663/652
f 663/663/652 664/664/653 661/661/650
f 647/647/636 665/665/654 666/666/655
f 563/563/553 275/275/272 274/274/271
f 615/615/604 614/614/603 667/667/656
f 660/660/649 659/659/648 668/668/657
f 222/222/220 221/221/219 669/669/658
f 670/670/659 236/236/234 235/235/233
f 369/369/365 671/671/660 672/672/661
f 673/673/662 674/674/663 373/373/369
f 675/675/664 676/676/665 677/677/666
f 91/91/91 678/678/667 675/675/664
f 679/679/668 680/680/669 681/681/585
f 682/682/670 683/683/671 684/684/672
f 685/685/673 237/237/235 239/239/237
f 686/686/674 687/687/675 688/688/676
f 376/376/372 689/689/677 605/605/594
f 690/690/678 691/691/679 692/692/680
f 693/693/681 517/517/510 516/516/509
f 693/693/681 694/694/682 275/275/272
f 695/695/683 441/441/437 696/696/684
f 697/697/685 170/170/170 172/172/172
f 193/193/193 162/162/162 194/194/194
f 698/698/686 191/191/191 699/699/687
f 700/700/688 701/701/517 702/702/689
f 703/703/690 525/525/517 704/704/691
f 153/153/153 152/152/152 705/705/692
f 706/706/693 707/707/323 708/708/694
f 709/709/695 251/251/248 295/295/292
f 710/710/696 711/711/697 712/712/698
f 713/713/699 714/714/700 715/715/701
f 716/716/702 717/717/703 718/718/704
f 629/629/618 719/719/616 720/720/705
f 626/626/615 625/625/614 721/721/706
f 722/722/707 723/723/708 716/716/702
f 525/525/517 724/724/688 704/704/691
f 725/725/709 726/726/710 727/727/711
f 728/728/712 404/404/400 234/234/232
f 151/151/151 210/210/210 50/50/50
f 729/729/713 662/662/651 661/661/650
f 730/730/714 731/731/715 732/732/716
f 733/733/717 734/734/718 735/735/719
f 736/736/720 737/737/721 738/738/722
f 737/737/721 550/550/542 738/738/722
f 739/739/723 740/740/724 741/741/725
f 742/742/726 743/743/727 744/744/728
f 745/745/729 717/717/703 746/746/730
f 747/747/731 748/748/732 749/749/733
f 750/750/734 751/751/735 741/741/725
f 752/752/736 732/732/716 731/731/715
f 753/753/737 754/754/738 755/755/739
f 756/756/740 757/757/741 758/758/742
f 730/730/714 759/759/743 760/760/744
f 730/730/714 760/760/744 731/731/715
f 761/761/745 626/626/615 721/721/706
f 627/627/616 762/762/746 763/763/747
f 764/764/748 765/765/749 766/766/750
f 767/767/751 768/768/752 769/769/753
f 770/770/754 771/771/755 772/772/756
f 773/773/757 774/774/758 775/775/759
f 776/776/760 777/777/761 778/778/762
f 779/779/763 780/780/764 781/781/765
f 461/461/456 782/782/766 487/487/481
f 775/775/759 774/774/758 783/783/767
f 513/513/506 784/784/768 785/785/769
f 786/786/770 787/787/771 788/788/772
f 789/789/773 790/790/774 372/372/368
f 673/673/662 791/791/775 674/674/663
f 792/792/776 97/97/97 96/96/96
f 137/137/137 139/139/139 793/793/777
f 757/757/741 756/756/740 794/794/778
f 795/795/779 796/796/780 756/756/740
f 797/797/781 157/157/157 798/798/782
f 465/465/460 743/743/727 466/466/461
f 799/799/783 800/800/784 801/801/785
f 802/802/786 803/803/787 804/804/788
f 805/805/789 794/794/778 756/756/740
f 806/806/790 807/807/791 808/808/792
f 809/809/793 810/810/794 811/811/795
f 803/803/787 802/802/786 812/812/796
f 261/261/258 813/813/797 814/814/798
f 815/815/117 816/816/799 102/102/102
f 767/767/751 769/769/753 817/817/800
f 818/818/801 765/765/749 819/819/802
f 407/407/403 820/820/803 802/802/786
f 319/319/316 810/810/794 821/821/804
f 822/822/805 823/823/806 824/824/712
f 825/825/807 824/824/712 823/823/806
f 198/198/198 197/197/197 483/483/477
f 718/718/704 717/717/703 826/826/808
f 827/827/809 828/828/810 829/829/811
f 830/830/812 831/831/813 832/832/814
f 306/306/303 418/418/414 833/833/815
f 38/38/38 238/238/236 260/260/257
f 521/521/513 834/834/816 522/522/514
f 835/835/817 834/834/816 836/836/818
f 837/837/819 838/838/85 839/839/820
f 838/838/85 840/840/821 841/841/822
f 842/842/823 843/843/824 844/844/825
f 845/845/826 846/846/827 211/211/211
f 847/847/828 848/848/829 849/849/830
f 850/850/831 851/851/832 852/852/833
f 853/853/834 854/854/835 855/855/836
f 856/856/837 857/857/838 858/858/839
f 575/575/565 859/859/840 860/860/841
f 861/861/566 862/862/842 863/863/843
f 57/57/57 864/864/844 58/58/58
f 449/449/444 865/865/845 482/482/476
f 405/405/401 129/129/129 128/128/128
f 405/405/401 128/128/128 406/406/402
f 866/866/846 867/867/847 868/868/848
f 867/867/847 864/864/844 201/201/201
f 833/833/815 869/869/849 306/306/303
f 22/22/22 32/32/32 870/870/850
f 853/853/834 855/855/836 871/871/851
f 872/872/767 871/871/851 873/873/852
f 874/874/853 875/875/854 571/571/561
f 876/876/855 877/877/856 878/878/842
f 561/561/551 879/879/857 880/880/858
f 30/30/30 206/206/206 670/670/659
f 881/881/859 882/882/860 883/883/861
f 884/884/862 126/126/126 881/881/859
f 885/885/863 800/800/784 799/799/783
f 886/886/864 887/887/865 888/888/866
f 889/889/867 890/890/868 891/891/869
f 892/892/870 874/874/853 893/893/871
f 894/894/872 155/155/155 895/895/873
f 896/896/874 897/897/875 898/898/876
f 899/899/877 900/900/878 901/901/879
f 807/807/791 806/806/790 902/902/880
f 903/903/881 904/904/882 905/905/883
f 906/906/884 907/907/885 908/908/886
f 909/909/887 910/910/888 911/911/889
f 912/912/890 913/913/891 328/328/325
f 646/646/635 914/914/892 647/647/636
f 915/915/893 916/916/894 917/917/895
f 777/777/761 918/918/896 919/919/897
f 920/920/898 921/921/899 922/922/900
f 462/462/457 923/923/901 463/463/458
f 924/924/902 925/925/903 926/926/904
f 927/927/905 928/928/906 929/929/907
f 930/930/908 931/931/625 932/932/909
f 261/261/258 263/263/260 813/813/797
f 87/87/87 933/933/79 934/934/910
f 465/465/460 935/935/911 743/743/727
f 759/759/743 936/936/911 937/937/912
f 571/571/561 573/573/563 938/938/913
f 939/939/914 940/940/915 941/941/916
f 942/942/917 943/943/918 944/944/919
f 917/917/895 945/945/920 915/915/893
f 946/946/921 313/313/310 311/311/308
f 520/520/134 947/947/922 948/948/923
f 949/949/924 950/950/925 951/951/926
f 952/952/927 953/953/928 954/954/929
f 416/416/412 415/415/411 955/955/930
f 667/667/656 955/955/930 615/615/604
f 956/956/931 957/957/932 958/958/933
f 959/959/934 960/960/935 682/682/670
f 474/474/468 961/961/936 894/894/872
f 894/894/872 154/154/154 155/155/155
f 399/399/395 398/398/394 538/538/530
f 318/318/315 317/317/314 962/962/396
f 963/963/937 964/964/938 965/965/939
f 922/922/900 966/966/940 967/967/941
f 968/968/942 969/969/943 970/970/944
f 971/971/945 972/972/946 951/951/926
f 765/765/749 764/764/748 973/973/947
f 974/974/948 765/765/749 686/686/674
f 957/957/932 975/975/949 958/958/933
f 976/976/950 977/977/951 978/978/952
f 910/910/888 953/953/928 979/979/953
f 980/980/954 969/969/943 981/981/955
f 982/982/956 657/657/646 656/656/645
f 983/983/957 984/984/958 985/985/959
f 127/127/127 986/986/960 497/497/491
f 884/884/862 881/881/859 883/883/861
f 207/207/207 209/209/209 987/987/961
f 988/988/962 989/989/963 990/990/964
f 991/991/965 992/992/966 183/183/183
f 273/273/270 299/299/296 993/993/967
f 994/994/968 518/518/511 520/520/134
f 994/994/968 520/520/134 948/948/923
f 995/995/969 996/996/970 997/997/971
f 633/633/622 998/998/972 161/161/161
f 881/881/859 999/999/973 882/882/860
f 999/999/973 256/256/253 258/258/255
f 1000/1000/974 987/987/961 209/209/209
f 919/919/897 778/778/762 777/777/761
f 1001/1001/975 1002/1002/976 1003/1003/977
f 957/957/932 1004/1004/978 1005/1005/979
f 1006/1006/980 736/736/720 114/114/114
f 738/738/722 114/114/114 736/736/720
f 1007/1007/981 1008/1008/982 1009/1009/983
f 801/801/785 1008/1008/982 1007/1007/981
f 742/742/726 1010/1010/984 743/743/727
f 1011/1011/985 741/741/725 1012/1012/986
f 1013/1013/987 1014/1014/988 1015/1015/989
f 1016/1016/990 107/107/107 106/106/106
f 1017/1017/991 1018/1018/992 1019/1019/993
f 944/944/919 943/943/918 1020/1020/994
f 1021/1021/995 750/750/734 741/741/725
f 1022/1022/996 1023/1023/997 1024/1024/986
f 1025/1025/998 1026/1026/999 1027/1027/1000
f 684/684/672 1028/1028/1001 1029/1029/1002
f 174/174/174 390/390/386 1030/1030/1003
f 147/147/147 174/174/174 1031/1031/1004
f 303/303/300 1032/1032/1005 366/366/362
f 1033/1033/1006 1034/1034/1007 1035/1035/1008
f 1036/1036/1009 1037/1037/1010 1038/1038/1011
f 1039/1039/1012 1040/1040/1013 762/762/746
f 810/810/794 1041/1041/1014 811/811/795
f 133/133/133 132/132/132 1042/1042/1015
f 939/939/914 1043/1043/1016 1044/1044/1017
f 889/889/867 1045/1045/1018 890/890/868
f 1046/1046/1019 589/589/579 1047/1047/1020
f 1048/1048/1021 1049/1049/1022 608/608/597
f 321/321/318 365/365/361 1050/1050/1015
f 143/143/143 321/321/318 320/320/317
f 642/642/631 643/643/632 1051/1051/1023
f 412/412/408 414/414/410 1052/1052/1024
f 1053/1053/1025 1054/1054/1026 1055/1055/1027
f 1056/1056/1028 1057/1057/1029 1022/1022/996
f 594/594/584 593/593/583 1058/1058/1030
f 1059/1059/1031 1028/1028/1001 684/684/672
f 1060/1060/1032 1061/1061/1033 1062/1062/1034
f 1063/1063/1035 1064/1064/1036 1065/1065/1037
f 1049/1049/1022 1066/1066/1038 1067/1067/1039
f 1047/1047/1020 1068/1068/1040 1069/1069/1041
f 258/258/255 166/166/166 165/165/165
f 1070/1070/1042 233/233/231 255/255/252
f 1054/1054/1026 742/742/726 744/744/728
f 1071/1071/1043 1072/1072/1044 1073/1073/1045
f 1074/1074/1046 1075/1075/1047 1076/1076/1048
f 1077/1077/1049 1078/1078/1050 1079/1079/1051
f 259/259/256 38/38/38 260/260/257
f 260/260/257 204/204/204 259/259/256
f 1080/1080/1052 1081/1081/1053 1074/1074/1046
f 835/835/817 836/836/818 524/524/516
f 583/583/573 590/590/580 587/587/577
f 1082/1082/1054 118/118/118 458/458/453
f 1083/1083/1055 1084/1084/1056 1085/1085/1057
f 1086/1086/1058 713/713/699 1084/1084/1056
f 1087/1087/1059 531/531/523 530/530/522
f 141/141/141 140/140/140 995/995/969
f 585/585/575 584/584/574 629/629/618
f 1088/1088/1060 1089/1089/1061 1090/1090/1062
f 649/649/638 1091/1091/1063 650/650/639
f 100/100/100 99/99/99 227/227/225
f 702/702/689 1092/1092/1064 1093/1093/1065
f 1094/1094/1066 1095/1095/1067 747/747/731
f 623/623/612 183/183/183 624/624/613
f 1096/1096/1068 991/991/965 183/183/183
f 1066/1066/1038 1097/1097/1069 1067/1067/1039
f 1046/1046/1019 1098/1098/1070 1099/1099/1071
f 735/735/719 734/734/718 1100/1100/1072
f 1101/1101/1073 1102/1102/1074 1103/1103/1075
f 1104/1104/1076 1105/1105/1077 1094/1094/1066
f 1106/1106/1078 1083/1083/1055 1085/1085/1057
f 351/351/348 401/401/397 1107/1107/1079
f 706/706/693 1108/1108/1080 707/707/323
f 1109/1109/1081 95/95/95 97/97/97
f 1110/1110/1082 575/575/565 860/860/841
f 308/308/305 310/310/307 1111/1111/1083
f 1112/1112/1084 354/354/351 928/928/906
f 504/504/498 503/503/497 1113/1113/1085
f 374/374/370 375/375/371 1114/1114/1086
f 929/929/907 1115/1115/1087 927/927/905
f 1116/1116/1088 1117/1117/1089 1118/1118/1090
f 1090/1090/1062 720/720/705 1088/1088/1060
f 1119/1119/1091 1036/1036/1009 1038/1038/1011
f 260/260/257 237/237/235 204/204/204
f 202/202/202 204/204/204 237/237/235
f 413/413/409 1120/1120/1092 1121/1121/1093
f 1122/1122/1094 1123/1123/1095 1120/1120/1092
f 1124/1124/1096 694/694/682 1125/1125/1097
f 1126/1126/1098 694/694/682 1124/1124/1096
f 155/155/155 1127/1127/1099 895/895/873
f 1128/1128/1100 1129/1129/1101 121/121/121
f 926/926/904 1130/1130/1102 924/924/902
f 1131/1131/1103 856/856/837 858/858/839
f 1132/1132/1104 512/512/505 1133/1133/1105
f 1134/1134/1106 609/609/598 1135/1135/1107
f 1136/1136/1108 1137/1137/1109 1138/1138/1110
f 1139/1139/1111 617/617/606 616/616/605
f 1133/1133/1105 1140/1140/1112 1141/1141/1113
f 1142/1142/1114 1143/1143/1115 1144/1144/1116
f 1145/1145/1117 527/527/519 529/529/521
f 604/604/593 603/603/592 1146/1146/1118
f 1147/1147/1119 505/505/499 507/507/385
f 1148/1148/1120 7/7/7 1149/1149/1121
f 1150/1150/1122 1151/1151/1123 544/544/536
f 1150/1150/1122 1152/1152/1124 1151/1151/1123
f 1153/1153/1125 959/959/934 682/682/670
f 1154/1154/1126 976/976/950 978/978/952
f 381/381/377 1155/1155/1127 330/330/327
f 436/436/432 1156/1156/1128 378/378/374
f 706/706/693 145/145/145 144/144/144
f 949/949/924 1157/1157/1129 1158/1158/1130
f 1159/1159/1131 1160/1160/1132 1161/1161/1133
f 1162/1162/1134 1163/1163/1135 1164/1164/380
f 764/764/748 1165/1165/1136 973/973/947
f 850/850/831 848/848/829 851/851/832
f 1166/1166/1137 1167/1167/1138 51/51/51
f 284/284/281 515/515/508 282/282/279
f 416/416/412 955/955/930 667/667/656
f 1168/1168/1139 36/36/36 307/307/304
f 1132/1132/1104 1133/1133/1105 1141/1141/1113
f 1169/1169/1140 1170/1170/1141 1171/1171/1142
f 1172/1172/1143 1173/1173/1144 230/230/228
f 1174/1174/1145 433/433/429 432/432/428
f 1170/1170/1141 1175/1175/1146 1176/1176/1147
f 1144/1144/1116 1170/1170/1141 1177/1177/1148
f 1178/1178/1149 512/512/505 1132/1132/1104
f 1179/1179/1150 1170/1170/1141 1144/1144/1116
f 1180/1180/1151 1181/1181/1152 773/773/757
f 1182/1182/1153 1183/1183/836 1184/1184/835
f 1185/1185/1154 1186/1186/1155 1187/1187/1156
f 1161/1161/1133 1160/1160/1132 1188/1188/1157
f 1189/1189/1158 104/104/104 454/454/449
f 452/452/447 1190/1190/1159 219/219/217
f 1180/1180/1151 1191/1191/1160 1181/1181/1152
f 1191/1191/1160 1192/1192/1161 1181/1181/1152
f 456/456/451 607/607/596 606/606/595
f 456/456/451 606/606/595 457/457/452
f 270/270/267 123/123/123 232/232/230
f 123/123/123 270/270/267 124/124/124
f 686/686/674 688/688/676 1193/1193/1162
f 686/686/674 1194/1194/1163 1195/1195/1164
f 544/544/536 1151/1151/1123 776/776/760
f 1185/1185/1154 1160/1160/1132 1196/1196/1165
f 395/395/391 1197/1197/1166 396/396/392
f 1198/1198/1167 1199/1199/1168 1200/1200/1169
f 755/755/739 754/754/738 1201/1201/1170
f 1202/1202/1171 758/758/742 757/757/741
f 46/46/46 45/45/45 1203/1203/1172
f 1203/1203/1172 1139/1139/1111 616/616/605
f 958/958/933 1204/1204/1173 956/956/931
f 1205/1205/1174 1026/1026/999 956/956/931
f 618/618/607 90/90/90 89/89/89
f 618/618/607 1206/1206/1175 90/90/90
f 1207/1207/1176 1019/1019/993 1208/1208/1177
f 1019/1019/993 1018/1018/992 1208/1208/1177
f 1209/1209/1178 1061/1061/1033 1060/1060/1032
f 1210/1210/1179 1211/1211/1180 1064/1064/1036
f 514/514/507 513/513/506 785/785/769
f 1212/1212/1181 1213/1213/1182 514/514/507
f 865/865/845 448/448/443 447/447/442
f 1214/1214/1183 865/865/845 864/864/844
f 621/621/610 1215/1215/1184 622/622/611
f 621/621/610 1216/1216/1185 1215/1215/1184
f 512/512/505 1217/1217/1186 1218/1218/1187
f 1142/1142/1114 1219/1219/1188 1143/1143/1115
f 352/352/349 349/349/346 350/350/347
f 350/350/347 387/387/383 923/923/901
f 921/921/899 966/966/940 922/922/900
f 1220/1220/1189 1221/1221/1190 1222/1222/1191
f 597/597/587 1223/1223/1192 598/598/588
f 1224/1224/1193 1225/1225/1194 85/85/85
f 175/175/175 1226/1226/1195 55/55/55
f 226/226/224 225/225/223 1227/1227/1196
f 344/344/341 59/59/59 345/345/342
f 286/286/283 1228/1228/1197 287/287/284
f 1229/1229/1198 685/685/673 239/239/237
f 221/221/219 223/223/221 1230/1230/1199
f 1231/1231/1200 713/713/699 1232/1232/1201
f 1233/1233/1202 718/718/704 826/826/808
f 908/908/886 696/696/684 906/906/884
f 908/908/886 695/695/683 696/696/684
f 1234/1234/1203 875/875/854 1235/1235/1204
f 1235/1235/1204 861/861/566 1234/1234/1203
f 380/380/376 1155/1155/1127 381/381/377
f 1236/1236/774 1237/1237/773 1238/1238/1205
f 492/492/486 1239/1239/1206 1240/1240/1207
f 1241/1241/1208 492/492/486 341/341/338
f 253/253/250 1242/1242/1209 8/8/8
f 252/252/249 1242/1242/1209 253/253/250
f 54/54/54 177/177/177 175/175/175
f 80/80/80 72/72/72 74/74/74
f 992/992/966 184/184/184 183/183/183
f 410/410/406 3/3/3 1199/1199/1168
f 54/54/54 1243/1243/1210 177/177/177
f 177/177/177 368/368/364 370/370/366
f 1244/1244/1211 1245/1245/1212 1246/1246/1213
f 890/890/868 1247/1247/1214 891/891/869
f 1248/1248/1215 13/13/13 1249/1249/1216
f 492/492/486 1241/1241/1208 1239/1239/1206
f 65/65/65 64/64/64 1126/1126/1098
f 285/285/282 1250/1250/1217 286/286/283
f 1251/1251/1218 1252/1252/1219 1210/1210/1179
f 1253/1253/1220 1254/1254/1221 1255/1255/1222
f 1256/1256/1223 556/556/546 620/620/609
f 184/184/184 1256/1256/1223 182/182/182
f 1043/1043/1016 892/892/870 893/893/871
f 1245/1245/1212 1257/1257/1224 1246/1246/1213
f 743/743/727 1258/1258/1225 744/744/728
f 935/935/911 1258/1258/1225 743/743/727
f 987/987/961 1259/1259/1226 207/207/207
f 920/920/898 1260/1260/1227 921/921/899
f 333/333/330 332/332/329 1261/1261/1228
f 301/301/298 187/187/187 228/228/226
f 1262/1262/1229 1263/1263/1230 1264/1264/1231
f 1060/1060/1032 1265/1265/1037 1266/1266/1036
f 623/623/612 622/622/611 1267/1267/1232
f 1268/1268/1233 250/250/247 1269/1269/1234
f 293/293/290 658/658/647 1270/1270/1235
f 709/709/695 1271/1271/1236 1272/1272/1237
f 1273/1273/1238 363/363/359 365/365/361
f 1273/1273/1238 1274/1274/1239 1275/1275/1240
f 1276/1276/1241 201/201/201 200/200/200
f 216/216/214 218/218/216 1277/1277/1242
f 590/590/580 1278/1278/1243 591/591/581
f 1218/1218/1187 1217/1217/1186 1047/1047/1020
f 1279/1279/1244 1280/1280/1245 1281/1281/1246
f 1282/1282/1247 247/247/245 249/249/246
f 1283/1283/1248 1284/1284/1249 1285/1285/1250
f 1285/1285/1250 1284/1284/1249 1286/1286/1251
f 1287/1287/1252 1288/1288/1253 1289/1289/1254
f 1094/1094/1066 747/747/731 1104/1104/1076
f 1290/1290/1255 914/914/892 646/646/635
f 1290/1290/1255 808/808/792 1291/1291/1256
f 1292/1292/1257 1070/1070/1042 1293/1293/1258
f 1294/1294/1259 291/291/288 231/231/229
f 1116/1116/1088 1118/1118/1090 1295/1295/1260
f 614/614/603 613/613/602 611/611/600
f 1296/1296/1261 980/980/954 981/981/955
f 1157/1157/1129 970/970/944 1158/1158/1130
f 1297/1297/1262 920/920/898 1298/1298/1263
f 920/920/898 1297/1297/1262 1260/1260/1227
f 1279/1279/1244 1281/1281/1246 1299/1299/1264
f 68/68/68 67/67/67 53/53/53
f 4/4/4 109/109/109 108/108/108
f 1300/1300/497 4/4/4 28/28/28
f 1301/1301/737 1302/1302/739 831/831/813
f 899/899/877 901/901/879 1303/1303/1265
f 613/613/602 1304/1304/1266 1305/1305/1267
f 1117/1117/1089 1116/1116/1088 1111/1111/1083
f 26/26/26 47/47/47 1306/1306/1268
f 91/91/91 675/675/664 677/677/666
f 362/362/358 1307/1307/1269 518/518/511
f 1251/1251/1218 1210/1210/1179 1308/1308/1270
f 399/399/395 539/539/531 1309/1309/1271
f 506/506/500 1309/1309/1271 1310/1310/1272
f 1027/1027/1000 500/500/494 1025/1025/998
f 1311/1311/1273 446/446/441 1029/1029/1002
f 613/613/602 1305/1305/1267 611/611/600
f 1312/1312/1274 1313/1313/1275 1314/1314/1276
f 1044/1044/1017 1043/1043/1016 893/893/871
f 940/940/915 1315/1315/1277 941/941/916
f 1316/1316/1278 404/404/400 728/728/712
f 37/37/37 1317/1317/336 1318/1318/1279
f 1072/1072/1044 750/750/734 1073/1073/1045
f 1319/1319/1280 750/750/734 1320/1320/1281
f 534/534/526 1321/1321/1282 535/535/527
f 790/790/774 1322/1322/1283 673/673/662
f 1323/1323/1274 1324/1324/1284 1325/1325/1285
f 1115/1115/1087 1323/1323/1274 927/927/905
f 1310/1310/1272 1309/1309/1271 1326/1326/1286
f 925/925/903 1327/1327/1287 1328/1328/1286
f 951/951/926 1329/1329/1288 152/152/152
f 951/951/926 972/972/946 1330/1330/927
f 1277/1277/1242 218/218/216 1331/1331/1289
f 834/834/816 521/521/513 1332/1332/1290
f 1333/1333/1291 1334/1334/1292 1335/1335/1293
f 1336/1336/1294 1337/1337/1295 1338/1338/1296
f 1339/1339/1297 1340/1340/1298 1341/1341/1299
f 1342/1342/1300 1343/1343/1301 1344/1344/1302
f 1323/1323/1274 1325/1325/1285 927/927/905
f 1345/1345/1090 1346/1346/1303 1112/1112/1084
f 1347/1347/1304 1348/1348/1305 1349/1349/1306
f 417/417/413 1349/1349/1306 1350/1350/1307
f 647/647/636 914/914/892 1351/1351/1308
f 647/647/636 1351/1351/1308 1352/1352/1309
f 139/139/139 96/96/96 793/793/777
f 1353/1353/777 216/216/214 1277/1277/1242
f 1354/1354/1310 684/684/672 1029/1029/1002
f 684/684/672 1354/1354/1310 682/682/670
f 1252/1252/1219 1251/1251/1218 1355/1355/1311
f 1356/1356/1312 1357/1357/1313 1358/1358/1314
f 912/912/890 324/324/321 913/913/891
f 43/43/43 913/913/891 44/44/44
f 486/486/480 461/461/456 487/487/481
f 1359/1359/1315 1360/1360/1316 1361/1361/528
f 302/302/299 904/904/882 903/903/881
f 547/547/539 1187/1187/1156 1362/1362/1317
f 1343/1343/1301 1363/1363/1318 1344/1344/1302
f 1364/1364/1319 1341/1341/1299 790/790/774
f 1365/1365/1320 119/119/119 588/588/578
f 1366/1366/1321 119/119/119 154/154/154
f 1174/1174/1145 444/444/439 433/433/429
f 499/499/493 444/444/439 443/443/378
f 290/290/287 289/289/286 638/638/627
f 1367/1367/287 291/291/288 1292/1292/1257
f 156/156/156 468/468/463 467/467/462
f 759/759/743 937/937/912 760/760/744
f 1272/1272/1237 1368/1368/1322 709/709/695
f 322/322/319 171/171/171 1369/1369/1323
f 122/122/122 360/360/356 421/421/417
f 122/122/122 361/361/357 360/360/356
f 564/564/554 1370/1370/63 1371/1371/1324
f 665/665/654 647/647/636 1352/1352/1309
f 1130/1130/1102 567/567/557 1283/1283/1248
f 1283/1283/1248 1372/1372/1325 1130/1130/1102
f 1373/1373/1326 1374/1374/1327 1062/1062/1034
f 494/494/488 496/496/490 1375/1375/1328
f 484/484/478 1376/1376/1329 198/198/198
f 1079/1079/1051 1078/1078/1050 657/657/646
f 1377/1377/1330 1378/1378/1331 1040/1040/1013
f 1379/1379/1332 788/788/772 1037/1037/1010
f 1111/1111/1083 615/615/604 308/308/305
f 615/615/604 660/660/649 668/668/657
f 1269/1269/1234 246/246/244 1268/1268/1233
f 247/247/245 246/246/244 249/249/246
f 1380/1380/1333 1200/1200/1169 1199/1199/1168
f 157/157/157 797/797/781 158/158/158
f 1381/1381/1334 983/983/957 985/985/959
f 484/484/478 983/983/957 1376/1376/1329
f 1382/1382/1335 880/880/858 879/879/857
f 669/669/658 221/221/219 1383/1383/1336
f 1384/1384/1337 825/825/807 823/823/806
f 1195/1195/1164 1194/1194/1163 1384/1384/1337
f 1385/1385/1338 1386/1386/1339 1387/1387/1340
f 1388/1388/1341 1344/1344/1302 1389/1389/1342
f 1174/1174/1145 1390/1390/1343 444/444/439
f 442/442/438 444/444/439 1390/1390/1343
f 655/655/644 1391/1391/1344 656/656/645
f 745/745/729 702/702/689 1392/1392/1345
f 928/928/906 354/354/351 353/353/350
f 931/931/625 1393/1393/1346 932/932/909
f 1135/1135/1107 625/625/614 1394/1394/1347
f 1169/1169/1140 1171/1171/1142 1395/1395/1112
f 549/549/541 572/572/562 110/110/110
f 244/244/242 110/110/110 572/572/562
f 1396/1396/1348 222/222/220 203/203/203
f 501/501/495 504/504/498 34/34/34
f 1132/1132/1104 1141/1141/1113 1397/1397/1349
f 1398/1398/1350 1399/1399/1351 1400/1400/1352
f 210/210/210 1401/1401/1353 211/211/211
f 1402/1402/713 1401/1401/1353 210/210/210
f 1403/1403/1354 1404/1404/1355 1334/1334/1292
f 1105/1105/1077 1334/1334/1292 1405/1405/1356
f 356/356/353 614/614/603 611/611/600
f 614/614/603 356/356/353 667/667/656
f 947/947/922 946/946/921 311/311/308
f 138/138/138 169/169/169 139/139/139
f 1406/1406/1357 133/133/133 1407/1407/360
f 1407/1407/360 553/553/545 552/552/544
f 1408/1408/1358 1409/1409/1359 1410/1410/1360
f 1340/1340/1298 1411/1411/1361 1341/1341/1299
f 1122/1122/1094 1412/1412/1362 1123/1123/1095
f 427/427/423 1413/1413/1363 428/428/424
f 1110/1110/1082 240/240/238 575/575/565
f 240/240/238 166/166/166 575/575/565
f 1334/1334/1292 1404/1404/1355 1414/1414/1364
f 1415/1415/1365 1336/1336/1294 1338/1338/1296
f 1416/1416/1366 1417/1417/1367 1418/1418/1368
f 710/710/696 712/712/698 1418/1418/1368
f 427/427/423 144/144/144 1413/1413/1363
f 1107/1107/1079 707/707/323 1108/1108/1080
f 212/212/212 50/50/50 210/210/210
f 212/212/212 1419/1419/1369 50/50/50
f 1420/1420/1370 886/886/864 1421/1421/1371
f 1008/1008/982 1422/1422/865 1009/1009/983
f 1164/1164/380 1163/1163/1135 1423/1423/1372
f 546/546/538 1423/1423/1372 547/547/539
f 1424/1424/1373 1425/1425/1374 1426/1426/1375
f 1421/1421/1371 1427/1427/1375 1420/1420/1370
f 1428/1428/1376 1429/1429/1377 483/483/477
f 1392/1392/1345 1391/1391/1344 655/655/644
f 575/575/565 1430/1430/1378 1431/1431/1379
f 1234/1234/1203 1432/1432/1380 1433/1433/1381
f 1434/1434/1382 873/873/852 1435/1435/1383
f 1286/1286/1251 1436/1436/1384 1437/1437/1385
f 1438/1438/933 682/682/670 1439/1439/1386
f 682/682/670 1438/1438/933 1153/1153/1125
f 1440/1440/1387 1399/1399/1351 1441/1441/1388
f 1442/1442/1389 1179/1179/1150 1443/1443/1390
f 1406/1406/1357 1407/1407/360 552/552/544
f 1033/1033/1006 1035/1035/1008 1444/1444/1391
f 1445/1445/1392 1176/1176/1147 1175/1175/1146
f 1175/1175/1146 1446/1446/1393 1445/1445/1392
f 1415/1415/1365 1338/1338/1296 1447/1447/1394
f 1337/1337/1295 1448/1448/1395 1338/1338/1296
f 489/489/483 1372/1372/1325 569/569/559
f 1372/1372/1325 924/924/902 1130/1130/1102
f 336/336/333 337/337/334 634/634/623
f 292/292/289 29/29/29 1449/1449/1396
f 1450/1450/1397 318/318/315 962/962/396
f 1359/1359/1315 538/538/530 1360/1360/1316
f 858/858/839 1436/1436/1384 1286/1286/1251
f 858/858/839 857/857/838 1436/1436/1384
f 1128/1128/1100 1451/1451/1398 1129/1129/1101
f 458/458/453 118/118/118 120/120/120
f 546/546/538 1164/1164/380 1423/1423/1372
f 1452/1452/1399 384/384/380 385/385/381
f 1453/1453/1400 1024/1024/986 1023/1023/997
f 1320/1320/1281 750/750/734 1454/1454/1401
f 802/802/786 809/809/793 1455/1455/1402
f 821/821/804 802/802/786 820/820/803
f 1411/1411/1361 1456/1456/1403 1457/1457/1404
f 369/369/365 1458/1458/1405 671/671/660
f 1459/1459/1247 1227/1227/1196 1460/1460/1406
f 1282/1282/1247 1299/1299/1264 247/247/245
f 1200/1200/1169 1197/1197/1166 1198/1198/1167
f 27/27/27 4/4/4 6/6/6
f 1101/1101/1073 1103/1103/1075 1461/1461/1407
f 1073/1073/1045 1462/1462/1408 1071/1071/1043
f 37/37/37 1318/1318/1279 1463/1463/1409
f 31/31/31 404/404/400 1464/1464/1410
f 1465/1465/1411 1462/1462/1408 1466/1466/1412
f 1054/1054/1026 1467/1467/1413 1468/1468/1414
f 1469/1469/1415 1430/1430/1378 166/166/166
f 1430/1430/1378 575/575/565 166/166/166
f 833/833/815 870/870/850 869/869/849
f 1350/1350/1307 1470/1470/521 417/417/413
f 1471/1471/1416 1472/1472/1074 1473/1473/1417
f 1474/1474/1408 1475/1475/1418 1476/1476/1419
f 161/161/161 160/160/160 129/129/129
f 303/303/300 305/305/302 903/903/881
f 736/736/720 1477/1477/1420 737/737/721
f 92/92/92 312/312/309 93/93/93
f 227/227/225 1478/1478/1421 225/225/223
f 99/99/99 98/98/98 73/73/73
f 12/12/12 1479/1479/1422 1416/1416/1366
f 1416/1416/1366 1479/1479/1422 1417/1417/1367
f 956/956/931 1026/1026/999 1004/1004/978
f 957/957/932 956/956/931 1004/1004/978
f 1325/1325/1285 1480/1480/1423 1345/1345/1090
f 1325/1325/1285 1345/1345/1090 1112/1112/1084
f 278/278/275 1481/1481/1424 276/276/273
f 1482/1482/1425 1483/1483/1426 1484/1484/1427
f 1485/1485/1428 779/779/763 1486/1486/1429
f 1487/1487/1124 1051/1051/1023 1488/1488/1430
f 1489/1489/1431 1081/1081/1053 524/524/516
f 982/982/956 1079/1079/1051 657/657/646
f 266/266/263 881/881/859 1490/1490/1432
f 266/266/263 999/999/973 881/881/859
f 1491/1491/1433 1037/1037/1010 1036/1036/1009
f 1040/1040/1013 1492/1492/1434 1493/1493/1435
f 1494/1494/1436 977/977/951 976/976/950
f 1495/1495/1437 1496/1496/1438 1497/1497/1439
f 1498/1498/648 1499/1499/1440 1500/1500/1441
f 1499/1499/1440 658/658/647 336/336/333
f 1501/1501/1442 891/891/869 860/860/841
f 860/860/841 1502/1502/916 1503/1503/1443
f 1504/1504/1444 1505/1505/1445 1280/1280/1245
f 991/991/965 1096/1096/1068 1506/1506/1446
f 351/351/348 488/488/482 1507/1507/1447
f 1507/1507/1447 537/537/529 402/402/398
f 430/430/426 429/429/425 17/17/17
f 430/430/426 1014/1014/988 1016/1016/990
f 829/829/811 794/794/778 805/805/789
f 805/805/789 1508/1508/1256 1509/1509/1448
f 1510/1510/1449 1511/1511/1450 1512/1512/1451
f 1513/1513/1452 1514/1514/1453 1515/1515/1454
f 1516/1516/1455 811/811/795 1041/1041/1014
f 886/886/864 1517/1517/1456 1421/1421/1371
f 1518/1518/1457 1395/1395/1112 1171/1171/1142
f 1519/1519/1458 1520/1520/1459 1521/1521/1460
f 528/528/520 10/10/10 12/12/12
f 1087/1087/1059 12/12/12 1416/1416/1366
f 2/2/2 1/1/1 1522/1522/1461
f 1015/1015/989 17/17/17 16/16/16
f 1523/1523/1462 1524/1524/1463 1397/1397/1349
f 1525/1525/1464 1526/1526/1465 1527/1527/1466
f 1528/1528/1467 1529/1529/1468 391/391/387
f 1030/1030/1003 505/505/499 1149/1149/1121
f 1530/1530/1469 1531/1531/1470 1514/1514/1453
f 1532/1532/1471 1533/1533/1472 1534/1534/1473
f 2/2/2 1522/1522/1461 1535/1535/1474
f 1536/1536/1475 556/556/546 1256/1256/1223
f 1154/1154/1126 1537/1537/1476 976/976/950
f 1495/1495/1437 1514/1514/1453 1496/1496/1438
f 1538/1538/1477 1539/1539/1478 909/909/887
f 324/324/321 912/912/890 325/325/322
f 871/871/851 1540/1540/1479 770/770/754
f 1434/1434/1382 1435/1435/1383 1541/1541/1480
f 1123/1123/1095 146/146/146 153/153/153
f 1413/1413/1363 144/144/144 146/146/146
f 1542/1542/1481 36/36/36 1168/1168/1139
f 36/36/36 1317/1317/336 37/37/37
f 1543/1543/1482 1517/1517/1456 1516/1516/1455
f 1424/1424/1373 885/885/863 799/799/783
f 193/193/193 1544/1544/1483 643/643/632
f 1544/1544/1483 1485/1485/1428 1488/1488/1430
f 419/419/415 497/497/491 1545/1545/1484
f 1060/1060/1032 1062/1062/1034 1265/1265/1037
f 442/442/438 533/533/525 1237/1237/773
f 188/188/188 533/533/525 442/442/438
f 1546/1546/1485 907/907/885 1547/1547/1486
f 1187/1187/1156 1548/1548/1487 1362/1362/1317
f 452/452/447 219/219/217 453/453/448
f 314/314/311 1549/1549/1488 560/560/550
f 1550/1550/1489 876/876/855 1551/1551/1490
f 877/877/856 876/876/855 1550/1550/1489
f 872/872/767 1552/1552/1491 1553/1553/1492
f 871/871/851 872/872/767 1554/1554/1493
f 1555/1555/1494 1525/1525/1464 1556/1556/1495
f 1557/1557/1496 1558/1558/1494 1559/1559/1497
f 785/785/769 784/784/768 1089/1089/1061
f 1089/1089/1061 585/585/575 1090/1090/1062
f 1560/1560/1498 1561/1561/1499 1562/1562/1500
f 1344/1344/1302 1363/1363/1318 1389/1389/1342
f 1152/1152/1124 842/842/823 1151/1151/1123
f 1487/1487/1124 1488/1488/1430 1485/1485/1428
f 796/796/780 1563/1563/1501 805/805/789
f 796/796/780 805/805/789 756/756/740
f 39/39/39 906/906/884 40/40/40
f 303/303/300 903/903/881 905/905/883
f 1564/1564/1502 1525/1525/1464 1527/1527/1466
f 1565/1565/1503 1566/1566/1504 1557/1557/1496
f 1567/1567/1505 1568/1568/1506 1569/1569/1507
f 201/201/201 864/864/844 199/199/199
f 1570/1570/1508 1571/1571/1509 1572/1572/1510
f 1558/1558/1494 1573/1573/1495 1559/1559/1497
f 1574/1574/1511 1575/1575/1512 425/425/421
f 1199/1199/1168 3/3/3 1576/1576/1513
f 18/18/18 17/17/17 429/429/425
f 1577/1577/1514 210/210/210 151/151/151
f 709/709/695 1578/1578/1515 251/251/248
f 438/438/434 251/251/248 1578/1578/1515
f 283/283/280 1579/1579/1516 1580/1580/1517
f 1228/1228/1197 286/286/283 1581/1581/1518
f 1582/1582/1519 1583/1583/675 236/236/234
f 768/768/752 847/847/828 849/849/830
f 369/369/365 1584/1584/1520 1458/1458/1405
f 368/368/364 1585/1585/1521 369/369/365
f 1586/1586/390 375/375/371 1587/1587/391
f 374/374/370 1113/1113/1085 375/375/371
f 632/632/621 633/633/622 161/161/161
f 632/632/621 161/161/161 129/129/129
f 963/963/937 1220/1220/1189 964/964/938
f 1000/1000/974 988/988/962 987/987/961
f 735/735/719 730/730/714 733/733/717
f 1588/1588/1522 730/730/714 1589/1589/1523
f 1590/1590/1339 1408/1408/1358 1410/1410/1360
f 1408/1408/1358 1590/1590/1339 1591/1591/1524
f 385/385/381 1592/1592/1525 1452/1452/1399
f 1452/1452/1399 630/630/619 20/20/20
f 782/782/766 461/461/456 460/460/455
f 1285/1285/1250 1286/1286/1251 1593/1593/1526
f 1594/1594/1214 1595/1595/1527 1596/1596/1528
f 1597/1597/1529 1045/1045/1018 1598/1598/1530
f 896/896/874 1599/1599/872 1600/1600/1531
f 760/760/744 1601/1601/1532 731/731/715
f 979/979/953 1602/1602/946 1603/1603/1533
f 1604/1604/1533 972/972/946 971/971/945
f 1605/1605/1534 652/652/641 1231/1231/1200
f 722/722/707 716/716/702 1606/1606/1535
f 1142/1142/1114 1169/1169/1140 1607/1607/1536
f 1144/1144/1116 1177/1177/1148 1142/1142/1114
f 475/475/469 1608/1608/90 473/473/467
f 1609/1609/1537 1610/1610/1538 1611/1611/1539
f 1244/1244/1211 1612/1612/1540 1596/1596/1528
f 1598/1598/1530 1613/1613/1541 1597/1597/1529
f 1614/1614/1542 1615/1615/1007 366/366/362
f 1616/1616/1543 1275/1275/1240 1274/1274/1239
f 1000/1000/974 989/989/963 988/988/962
f 918/918/896 1617/1617/1544 919/919/897
f 722/722/707 1618/1618/1545 723/723/708
f 722/722/707 1606/1606/1535 1618/1618/1545
f 914/914/892 1619/1619/1546 1351/1351/1308
f 1351/1351/1308 1619/1619/1546 1620/1620/1547
f 139/139/139 792/792/776 96/96/96
f 139/139/139 168/168/168 167/167/167
f 1244/1244/1211 1621/1621/1548 1245/1245/1212
f 1622/1622/1549 1621/1621/1548 1244/1244/1211
f 779/779/763 781/781/765 1486/1486/1429
f 1623/1623/1550 781/781/765 967/967/941
f 509/509/502 485/485/479 510/510/503
f 486/486/480 485/485/479 509/509/502
f 806/806/790 808/808/792 1290/1290/1255
f 806/806/790 1290/1290/1255 753/753/737
f 1624/1624/1551 916/916/894 915/915/893
f 944/944/919 1625/1625/1552 1620/1620/1547
f 1013/1013/987 5/5/5 1014/1014/988
f 6/6/6 5/5/5 1013/1013/987
f 1354/1354/1310 1029/1029/1002 1626/1626/1553
f 680/680/669 679/679/668 446/446/441
f 1627/1627/1554 1628/1628/1552 1629/1629/1555
f 1624/1624/1551 1628/1628/1552 916/916/894
f 1395/1395/1112 1607/1607/1536 1169/1169/1140
f 1140/1140/1112 1133/1133/1105 1213/1213/1182
f 53/53/53 515/515/508 51/51/51
f 1166/1166/1137 51/51/51 515/515/508
f 746/746/730 1095/1095/1067 745/745/729
f 1095/1095/1067 746/746/730 1630/1630/1556
f 148/148/148 327/327/324 149/149/149
f 1120/1120/1092 1123/1123/1095 153/153/153
f 117/117/117 1631/1631/1557 1632/1632/1558
f 1609/1609/1537 1611/1611/1539 1633/1633/1559
f 480/480/474 479/479/473 476/476/470
f 479/479/473 444/444/439 499/499/493
f 181/181/181 24/24/24 676/676/665
f 992/992/966 1634/1634/1513 184/184/184
f 471/471/450 1635/1635/452 472/472/466
f 1636/1636/1560 629/629/618 628/628/617
f 1637/1637/1561 580/580/570 582/582/572
f 795/795/779 756/756/740 1638/1638/1562
f 1016/1016/990 1014/1014/988 5/5/5
f 108/108/108 5/5/5 4/4/4
f 1609/1609/1537 102/102/102 101/101/101
f 1609/1609/1537 1633/1633/1559 102/102/102
f 1056/1056/1028 1639/1639/1563 1057/1057/1029
f 1640/1640/1564 1023/1023/997 1639/1639/1563
f 421/421/417 420/420/416 496/496/490
f 518/518/511 1307/1307/1269 1308/1308/1270
f 1340/1340/1298 1641/1641/1360 1642/1642/1565
f 1590/1590/1339 1410/1410/1360 1643/1643/1340
f 1246/1246/1213 1644/1644/1566 939/939/914
f 1596/1596/1528 1612/1612/1540 1594/1594/1214
f 565/565/555 1645/1645/1567 564/564/554
f 580/580/570 1645/1645/1567 581/581/571
f 1646/1646/1568 1078/1078/1050 1077/1077/1049
f 1080/1080/1052 1074/1074/1046 1076/1076/1048
f 1647/1647/1569 729/729/713 661/661/650
f 664/664/653 1647/1647/1569 661/661/650
f 995/995/969 14/14/14 996/996/970
f 20/20/20 630/630/619 631/631/620
f 213/213/213 1277/1277/1242 1332/1332/1290
f 213/213/213 215/215/196 1277/1277/1242
f 1092/1092/1064 1648/1648/1570 1093/1093/1065
f 1649/1649/1571 745/745/729 1095/1095/1067
f 1644/1644/1566 1043/1043/1016 939/939/914
f 1650/1650/1572 1651/1651/1573 1652/1652/1574
f 1515/1515/1454 1653/1653/1575 1513/1513/1452
f 1654/1654/1576 1531/1531/1470 1530/1530/1469
f 73/73/73 225/225/223 1478/1478/1421
f 56/56/56 1227/1227/1196 225/225/223
f 1355/1355/1311 1251/1251/1218 1655/1655/1577
f 1656/1656/1578 1655/1655/1577 495/495/489
f 648/648/637 691/691/679 690/690/678
f 393/393/389 1224/1224/1193 648/648/637
f 1085/1085/1057 1084/1084/1056 1657/1657/1579
f 1658/1658/1580 1659/1659/1581 1085/1085/1057
f 1660/1660/1582 876/876/855 1661/1661/1583
f 1662/1662/1584 1663/1663/1585 1664/1664/1586
f 1306/1306/1268 24/24/24 26/26/26
f 24/24/24 677/677/666 676/676/665
f 549/549/541 112/112/112 1136/1136/1108
f 1665/1665/1587 1666/1666/1588 1110/1110/1082
f 1083/1083/1055 1086/1086/1058 1084/1084/1056
f 748/748/732 1630/1630/1556 1667/1667/1589
f 1668/1668/1590 1669/1669/1591 1670/1670/1592
f 482/482/476 1668/1668/1590 1670/1670/1592
f 1263/1263/1230 1262/1262/1229 1060/1060/1032
f 1262/1262/1229 1209/1209/1178 1060/1060/1032
f 770/770/754 1671/1671/1593 771/771/755
f 1672/1672/755 1673/1673/1594 1674/1674/1595
f 648/648/637 84/84/84 691/691/679
f 279/279/276 651/651/640 280/280/277
f 391/391/387 42/42/42 1528/1528/1467
f 398/398/394 318/318/315 1450/1450/1397
f 571/571/561 875/875/854 572/572/562
f 875/875/854 244/244/242 572/572/562
f 1675/1675/1596 1676/1676/1597 1677/1677/1598
f 1678/1678/1599 1679/1679/1600 1676/1676/1597
f 1680/1680/1601 560/560/550 1549/1549/1488
f 7/7/7 1148/1148/1120 8/8/8
f 334/334/331 932/932/909 1393/1393/1346
f 336/336/333 634/634/623 334/334/331
f 731/731/715 1601/1601/1532 1681/1681/1602
f 474/474/468 894/894/872 475/475/469
f 526/526/518 835/835/817 524/524/516
f 523/523/515 522/522/514 1682/1682/1603
f 205/205/205 295/295/292 253/253/250
f 253/253/250 8/8/8 205/205/205
f 1151/1151/1123 844/844/825 776/776/760
f 842/842/823 844/844/825 1151/1151/1123
f 223/223/221 222/222/220 1396/1396/1348
f 685/685/673 1229/1229/1198 223/223/221
f 86/86/86 88/88/88 186/186/186
f 62/62/62 88/88/88 1139/1139/1111
f 329/329/326 378/378/374 330/330/327
f 378/378/374 1156/1156/1128 330/330/327
f 1266/1266/1036 1356/1356/1312 1263/1263/1230
f 1263/1263/1230 1060/1060/1032 1266/1266/1036
f 1683/1683/1604 1053/1053/1025 1684/1684/1605
f 1056/1056/1028 1053/1053/1025 1055/1055/1027
f 999/999/973 258/258/255 165/165/165
f 168/168/168 165/165/165 167/167/167
f 1215/1215/1184 1268/1268/1233 622/622/611
f 622/622/611 1268/1268/1233 1267/1267/1232
f 435/435/431 437/437/433 445/445/440
f 1685/1685/1606 480/480/474 476/476/470
f 1444/1444/1391 1035/1035/1008 1686/1686/1607
f 131/131/131 133/133/133 1406/1406/1357
f 138/138/138 136/136/136 169/169/169
f 136/136/136 135/135/135 169/169/169
f 1687/1687/1608 426/426/422 428/428/424
f 663/663/652 1412/1412/1362 1122/1122/1094
f 122/122/122 124/124/124 361/361/357
f 126/126/126 1490/1490/1432 881/881/859
f 436/436/432 378/378/374 379/379/375
f 1688/1688/1609 1689/1689/1610 1690/1690/1611
f 1295/1295/1260 1118/1118/1090 1691/1691/1612
f 1313/1313/1275 1305/1305/1267 1314/1314/1276
f 131/131/131 697/697/685 132/132/132
f 697/697/685 172/172/172 132/132/132
f 1069/1069/1041 1046/1046/1019 1047/1047/1020
f 1692/1692/1613 1046/1046/1019 1069/1069/1041
f 1693/1693/1614 1694/1694/1615 1689/1689/1610
f 1693/1693/1614 1695/1695/1616 434/434/430
f 1050/1050/1015 1696/1696/1617 321/321/318
f 321/321/318 810/810/794 319/319/316
f 1208/1208/1177 1018/1018/992 1697/1697/1618
f 915/915/893 795/795/779 1624/1624/1551
f 1320/1320/1281 1454/1454/1401 1698/1698/1619
f 1011/1011/985 1021/1021/995 741/741/725
f 1693/1693/1614 434/434/430 1694/1694/1615
f 433/433/429 481/481/475 434/434/430
f 323/323/320 1699/1699/1620 1700/1700/1621
f 803/803/787 1701/1701/1622 804/804/788
f 1248/1248/1215 1249/1249/1216 527/527/519
f 10/10/10 528/528/520 527/527/519
f 1525/1525/1464 1702/1702/1623 1526/1526/1465
f 1397/1397/1349 1141/1141/1113 1523/1523/1462
f 1703/1703/1624 876/876/855 1704/1704/1625
f 1705/1705/1626 862/862/842 892/892/870
f 36/36/36 1706/1706/1627 306/306/303
f 1706/1706/1627 418/418/414 306/306/303
f 899/899/877 1303/1303/1265 753/753/737
f 753/753/737 902/902/880 806/806/790
f 1358/1358/1314 1707/1707/1628 1708/1708/1629
f 1709/1709/1630 1710/1710/1631 1711/1711/1632
f 1085/1085/1057 1712/1712/1633 1106/1106/1078
f 1085/1085/1057 1659/1659/1581 1712/1712/1633
f 98/98/98 264/264/261 1713/1713/797
f 74/74/74 73/73/73 98/98/98
f 1179/1179/1150 1144/1144/1116 1714/1714/1634
f 1714/1714/1634 1144/1144/1116 1143/1143/1115
f 1054/1054/1026 1471/1471/1416 1467/1467/1413
f 1471/1471/1416 1054/1054/1026 1472/1472/1074
f 1343/1343/1301 1409/1409/1359 1408/1408/1358
f 1715/1715/1635 1321/1321/1282 534/534/526
f 1357/1357/1313 1707/1707/1628 1358/1358/1314
f 1711/1711/1632 1716/1716/1636 1717/1717/1637
f 178/178/178 180/180/180 142/142/142
f 804/804/788 1701/1701/1622 180/180/180
f 1718/1718/1638 1719/1719/1639 1357/1357/1313
f 1720/1720/1640 1710/1710/1631 1709/1709/1630
f 123/123/123 114/114/114 738/738/722
f 115/115/115 114/114/114 123/123/123
f 523/523/515 1682/1682/1603 653/653/642
f 1428/1428/1376 1721/1721/1641 1429/1429/1377
f 1222/1222/1191 966/966/940 921/921/899
f 921/921/899 965/965/939 964/964/938
f 1094/1094/1066 1649/1649/1571 1095/1095/1067
f 1105/1105/1077 1722/1722/1642 1094/1094/1066
f 852/852/833 769/769/753 850/850/831
f 849/849/830 769/769/753 768/768/752
f 545/545/537 544/544/536 1160/1160/1132
f 1160/1160/1132 544/544/536 1196/1196/1165
f 819/819/802 765/765/749 974/974/948
f 823/823/806 822/822/805 819/819/802
f 1509/1509/1448 1723/1723/1643 829/829/811
f 1509/1509/1448 829/829/811 805/805/789
f 734/734/718 1724/1724/1644 739/739/723
f 1072/1072/1044 1461/1461/1407 1103/1103/1075
f 889/889/867 877/877/856 1550/1550/1489
f 859/859/840 878/878/842 877/877/856
f 1725/1725/1645 907/907/885 1546/1546/1485
f 439/439/435 438/438/434 1546/1546/1485
f 612/612/601 611/611/600 1726/1726/1646
f 1726/1726/1646 1313/1313/1275 1312/1312/1274
f 823/823/806 819/819/802 974/974/948
f 1195/1195/1164 1384/1384/1337 823/823/806
f 1727/1727/1647 879/879/857 561/561/551
f 4/4/4 1727/1727/1647 109/109/109
f 558/558/548 1215/1215/1184 559/559/549
f 150/150/150 1215/1215/1184 1216/1216/1185
f 1636/1636/1560 628/628/617 1728/1728/1106
f 1134/1134/1106 1135/1135/1107 1394/1394/1347
f 1344/1344/1302 1388/1388/1341 1236/1236/774
f 1236/1236/774 1238/1238/1205 1344/1344/1302
f 300/300/297 1729/1729/1648 1174/1174/1145
f 1730/1730/227 300/300/297 1731/1731/228
f 1657/1657/1579 715/715/701 724/724/688
f 700/700/688 702/702/689 1093/1093/1065
f 1732/1732/1649 1080/1080/1052 1076/1076/1048
f 1733/1733/1650 1677/1677/1598 1077/1077/1049
f 1734/1734/1651 952/952/927 954/954/929
f 1734/1734/1651 954/954/929 1735/1735/1652
f 1372/1372/1325 1283/1283/1248 1285/1285/1250
f 1372/1372/1325 1285/1285/1250 569/569/559
f 1736/1736/1477 968/968/942 1737/1737/1653
f 1157/1157/1129 968/968/942 970/970/944
f 1438/1438/933 1439/1439/1386 681/681/585
f 1204/1204/1173 958/958/933 595/595/585
f 1682/1682/1603 1738/1738/1654 653/653/642
f 526/526/518 1682/1682/1603 835/835/817
f 1739/1739/1655 911/911/889 979/979/953
f 979/979/953 911/911/889 910/910/888
f 601/601/589 797/797/781 798/798/782
f 597/597/587 599/599/589 465/465/460
f 1733/1733/1650 1675/1675/1596 1677/1677/1598
f 1740/1740/1656 1676/1676/1597 1675/1675/1596
f 507/507/385 506/506/500 1310/1310/1272
f 1327/1327/1287 463/463/458 923/923/901
f 1732/1732/1649 1076/1076/1048 1741/1741/1657
f 1742/1742/1658 1741/1741/1657 1743/1743/1659
f 1518/1518/1457 1171/1171/1142 1520/1520/1459
f 1520/1520/1459 1176/1176/1147 1521/1521/1460
f 1744/1744/1660 1745/1745/1661 1746/1746/1662
f 1202/1202/1171 1744/1744/1660 578/578/568
f 1337/1337/1295 1747/1747/1663 1289/1289/1254
f 1747/1747/1663 1287/1287/1252 1289/1289/1254
f 862/862/842 861/861/566 1235/1235/1204
f 862/862/842 1235/1235/1204 892/892/870
f 1477/1477/1420 312/312/309 92/92/92
f 1730/1730/227 1748/1748/1664 300/300/297
f 748/748/732 1667/1667/1589 749/749/733
f 1083/1083/1055 1106/1106/1078 1288/1288/1253
f 350/350/347 923/923/901 462/462/457
f 350/350/347 462/462/457 351/351/348
f 1749/1749/1665 1750/1750/1666 801/801/785
f 800/800/784 1700/1700/1621 801/801/785
f 1744/1744/1660 1202/1202/1171 1745/1745/1661
f 1302/1302/739 1745/1745/1661 1202/1202/1171
f 352/352/349 144/144/144 427/427/423
f 349/349/346 352/352/349 347/347/344
f 894/894/872 961/961/936 154/154/154
f 586/586/576 154/154/154 470/470/465
f 1008/1008/982 801/801/785 1750/1750/1666
f 888/888/866 887/887/865 1751/1751/982
f 104/104/104 1189/1189/1158 105/105/105
f 426/426/422 348/348/345 427/427/423
f 289/289/286 257/257/254 637/637/626
f 257/257/254 1752/1752/1667 1753/1753/1668
f 1598/1598/1530 1045/1045/1018 1754/1754/1212
f 1550/1550/1489 1551/1551/1490 1754/1754/1212
f 1494/1494/1436 594/594/584 960/960/935
f 682/682/670 960/960/935 683/683/671
f 1755/1755/1611 437/437/433 436/436/432
f 1756/1756/1669 1757/1757/1670 1758/1758/1671
f 668/668/657 309/309/306 308/308/305
f 615/615/604 668/668/657 308/308/305
f 1759/1759/1672 1020/1020/994 943/943/918
f 916/916/894 1760/1760/1673 917/917/895
f 1733/1733/1650 1077/1077/1049 1761/1761/1674
f 1742/1742/1658 1732/1732/1649 1741/1741/1657
f 893/893/871 874/874/853 1762/1762/1675
f 1315/1315/1277 1762/1762/1675 938/938/913
f 1763/1763/1676 436/436/432 379/379/375
f 1757/1757/1670 1755/1755/1611 436/436/432
f 787/787/771 786/786/770 785/785/769
f 625/625/614 1764/1764/1181 721/721/706
f 1500/1500/1441 1499/1499/1440 335/335/332
f 335/335/332 1499/1499/1440 336/336/333
f 1693/1693/1614 1765/1765/1677 1766/1766/1678
f 1767/1767/1679 1688/1688/1609 1690/1690/1611
f 101/101/101 103/103/103 1768/1768/1680
f 1769/1769/1681 1770/1770/1682 1771/1771/1683
f 917/917/895 1772/1772/1684 1773/1773/918
f 1773/1773/918 1774/1774/1685 917/917/895
f 431/431/427 430/430/426 105/105/105
f 105/105/105 1189/1189/1158 426/426/422
f 487/487/481 770/770/754 485/485/479
f 487/487/481 1434/1434/1382 1541/1541/1480
f 735/735/719 759/759/743 730/730/714
f 936/936/911 759/759/743 735/735/719
f 1775/1775/1613 1097/1097/1069 1066/1066/1038
f 1066/1066/1038 1049/1049/1022 1048/1048/1021
f 1670/1670/1592 1776/1776/1686 482/482/476
f 985/985/959 984/984/958 1777/1777/1687
f 1035/1035/1008 440/440/436 1686/1686/1607
f 1686/1686/1607 440/440/436 441/441/437
f 766/766/750 765/765/749 818/818/801
f 1778/1778/832 1779/1779/1688 1780/1780/1689
f 1740/1740/1656 1781/1781/1690 1676/1676/1597
f 1782/1782/1047 1676/1676/1597 1781/1781/1690
f 1032/1032/1005 1614/1614/1542 366/366/362
f 41/41/41 440/440/436 1035/1035/1008
f 294/294/291 1783/1783/1691 295/295/292
f 1271/1271/1236 1783/1783/1691 1272/1272/1237
f 1784/1784/1692 1102/1102/1074 1100/1100/1072
f 1054/1054/1026 744/744/728 1472/1472/1074
f 701/701/517 982/982/956 656/656/645
f 701/701/517 656/656/645 1391/1391/1344
f 897/897/875 896/896/874 1600/1600/1531
f 464/464/459 1785/1785/1693 465/465/460
f 355/355/352 335/335/332 353/353/350
f 1500/1500/1441 335/335/332 1786/1786/1694
f 1031/1031/1004 411/411/407 147/147/147
f 1787/1787/1695 1031/1031/1004 1788/1788/1696
f 1600/1600/1531 1785/1785/1693 464/464/459
f 895/895/873 837/837/819 1789/1789/1693
f 1197/1197/1166 6/6/6 1198/1198/1167
f 410/410/406 6/6/6 1/1/1
f 22/22/22 1790/1790/1697 23/23/23
f 1783/1783/1691 1270/1270/1235 1272/1272/1237
f 1791/1791/1698 564/564/554 1792/1792/1699
f 1792/1792/1699 564/564/554 1645/1645/1567
f 864/864/844 865/865/845 449/449/444
f 199/199/199 449/449/444 451/451/446
f 413/413/409 1121/1121/1093 414/414/410
f 1787/1787/1695 411/411/407 1031/1031/1004
f 539/539/531 1793/1793/1700 1309/1309/1271
f 1359/1359/1315 461/461/456 486/486/480
f 1649/1649/1571 1092/1092/1064 745/745/729
f 745/745/729 1092/1092/1064 702/702/689
f 769/769/753 1794/1794/1701 1795/1795/1702
f 1796/1796/1702 1780/1780/1689 1797/1797/1703
f 372/372/368 371/371/367 789/789/773
f 1155/1155/1127 332/332/329 330/330/327
f 53/53/53 1798/1798/1406 68/68/68
f 1460/1460/1406 1799/1799/1704 1226/1226/1195
f 719/719/616 629/629/618 1636/1636/1560
f 1394/1394/1347 625/625/614 627/627/616
f 1800/1800/1705 1186/1186/1155 1801/1801/1706
f 776/776/760 778/778/762 208/208/208
f 1663/1663/1585 1043/1043/1016 1664/1664/1586
f 1043/1043/1016 1651/1651/1573 1650/1650/1572
f 1802/1802/1707 1001/1001/975 1803/1803/1708
f 1804/1804/1709 1154/1154/1126 959/959/934
f 1296/1296/1261 1604/1604/1533 971/971/945
f 949/949/924 1158/1158/1130 950/950/925
f 1805/1805/1710 1806/1806/1711 1807/1807/1712
f 876/876/855 1703/1703/1624 1661/1661/1583
f 461/461/456 1361/1361/528 459/459/454
f 1361/1361/528 461/461/456 1359/1359/1315
f 831/831/813 1302/1302/739 832/832/814
f 1302/1302/739 1202/1202/1171 832/832/814
f 1808/1808/1713 1809/1809/1714 1810/1810/1715
f 1808/1808/1713 1811/1811/1716 1001/1001/975
f 1161/1161/1133 1188/1188/1157 547/547/539
f 547/547/539 1185/1185/1154 1187/1187/1156
f 1812/1812/1717 1537/1537/1476 1154/1154/1126
f 1813/1813/1718 1154/1154/1126 1804/1804/1709
f 1814/1814/1719 1813/1813/1718 1804/1804/1709
f 1813/1813/1718 1815/1815/1720 1154/1154/1126
f 1816/1816/1721 1817/1817/1722 1818/1818/1712
f 1819/1819/1723 1820/1820/1724 1805/1805/1710
f 104/104/104 106/106/106 107/107/107
f 107/107/107 109/109/109 220/220/218
f 1821/1821/1725 1822/1822/1726 1813/1813/1718
f 1809/1809/1714 1802/1802/1707 1810/1810/1715
f 12/12/12 11/11/11 995/995/969
f 12/12/12 995/995/969 1479/1479/1422
f 1423/1423/1372 1161/1161/1133 547/547/539
f 1419/1419/1369 1159/1159/1131 1161/1161/1133
f 1823/1823/1727 1449/1449/1396 1464/1464/1410
f 292/292/289 1449/1449/1396 1823/1823/1727
f 1824/1824/1728 1825/1825/1729 1826/1826/1730
f 1822/1822/1726 1827/1827/1731 1813/1813/1718
f 1828/1828/1732 1820/1820/1724 1819/1819/1723
f 1651/1651/1573 1829/1829/1733 1652/1652/1574
f 1091/1091/1063 1830/1830/1207 650/650/639
f 1831/1831/1734 1240/1240/1207 602/602/591
f 364/364/360 1832/1832/133 365/365/361
f 1832/1832/133 1050/1050/1015 365/365/361
f 185/185/185 86/86/86 186/186/186
f 368/368/364 79/79/79 1585/1585/1521
f 1172/1172/1143 230/230/228 1833/1833/1735
f 1731/1731/228 300/300/297 1174/1174/1145
f 1822/1822/1726 1834/1834/1736 1827/1827/1731
f 1835/1835/1737 1836/1836/1738 1837/1837/1739
f 1054/1054/1026 1468/1468/1414 1055/1055/1027
f 750/750/734 1319/1319/1280 1073/1073/1045
f 1479/1479/1422 140/140/140 1417/1417/1367
f 995/995/969 140/140/140 1479/1479/1422
f 627/627/616 763/763/747 1838/1838/1740
f 1493/1493/1435 1839/1839/1091 1040/1040/1013
f 1549/1549/1488 219/219/217 562/562/552
f 219/219/217 1549/1549/1488 453/453/448
f 983/983/957 1381/1381/1334 1376/1376/1329
f 1376/1376/1329 1840/1840/442 1841/1841/1741
f 1824/1824/1728 1826/1826/1730 1842/1842/1742
f 1843/1843/1743 1844/1844/1744 1845/1845/1745
f 111/111/111 1846/1846/1746 1847/1847/608
f 737/737/721 111/111/111 550/550/542
f 1841/1841/1741 1848/1848/1747 1849/1849/777
f 1841/1841/1741 1840/1840/442 1848/1848/1747
f 1194/1194/1163 686/686/674 1193/1193/1162
f 223/223/221 1229/1229/1198 1230/1230/1199
f 1534/1534/1473 1850/1850/1438 1512/1512/1451
f 1534/1534/1473 1512/1512/1451 1511/1511/1450
f 362/362/358 115/115/115 123/123/123
f 994/994/968 362/362/358 518/518/511
f 1239/1239/1206 1851/1851/1748 1248/1248/1215
f 1240/1240/1207 1239/1239/1206 602/602/591
f 1437/1437/1385 1852/1852/1749 1286/1286/1251
f 1286/1286/1251 1853/1853/1750 1593/1593/1526
f 49/49/49 150/150/150 50/50/50
f 559/559/549 1215/1215/1184 150/150/150
f 1440/1440/1387 1400/1400/1352 1399/1399/1351
f 1175/1175/1146 1442/1442/1389 1854/1854/1751
f 390/390/386 174/174/174 147/147/147
f 913/913/891 43/43/43 147/147/147
f 886/886/864 1420/1420/1370 887/887/865
f 887/887/865 1420/1420/1370 1427/1427/1375
f 1674/1674/1595 1673/1673/1594 1182/1182/1153
f 857/857/838 1182/1182/1153 1855/1855/1752
f 340/340/337 19/19/19 13/13/13
f 1851/1851/1748 13/13/13 1248/1248/1215
f 228/228/226 61/61/61 60/60/60
f 111/111/111 737/737/721 1846/1846/1746
f 1856/1856/1753 623/623/612 1857/1857/1754
f 1505/1505/1445 1096/1096/1068 1280/1280/1245
f 1858/1858/1755 1758/1758/1671 1859/1859/1678
f 1765/1765/1677 1688/1688/1609 1767/1767/1679
f 766/766/750 1796/1796/1702 1797/1797/1703
f 766/766/750 1779/1779/1688 764/764/748
f 1096/1096/1068 183/183/183 623/623/612
f 1856/1856/1753 1096/1096/1068 623/623/612
f 1860/1860/1756 1822/1822/1726 1821/1821/1725
f 1843/1843/1743 1845/1845/1745 1822/1822/1726
f 1861/1861/1757 1765/1765/1677 1767/1767/1679
f 1862/1862/1758 1756/1756/1669 1863/1863/1759
f 567/567/557 856/856/837 1131/1131/1103
f 1672/1672/755 567/567/557 566/566/556
f 1821/1821/1725 1813/1813/1718 1814/1814/1719
f 1824/1824/1728 1810/1810/1715 1825/1825/1729
f 692/692/680 689/689/677 690/690/678
f 1349/1349/1306 689/689/677 1347/1347/1304
f 1864/1864/963 966/966/940 1865/1865/1760
f 1222/1222/1191 1865/1865/1760 966/966/940
f 1866/1866/1761 1445/1445/1392 1446/1446/1393
f 1854/1854/1751 1442/1442/1389 1866/1866/1761
f 1858/1858/1755 1867/1867/1757 1758/1758/1671
f 1868/1868/1762 1767/1767/1679 1869/1869/1763
f 1110/1110/1082 1870/1870/1764 1871/1871/1765
f 240/240/238 1110/1110/1082 1871/1871/1765
f 420/420/416 360/360/356 359/359/125
f 1872/1872/1766 1873/1873/1767 1374/1374/1327
f 1874/1874/1768 577/577/567 1875/1875/1769
f 1746/1746/1662 1876/1876/1770 579/579/569
f 1084/1084/1056 713/713/699 715/715/701
f 1084/1084/1056 715/715/701 1657/1657/1579
f 1872/1872/1766 1374/1374/1327 1373/1373/1326
f 1877/1877/1771 494/494/488 1878/1878/1772
f 602/602/591 604/604/593 1831/1831/1734
f 689/689/677 692/692/680 1347/1347/1304
f 1879/1879/1773 1862/1862/1758 1863/1863/1759
f 1880/1880/1774 1868/1868/1762 1869/1869/1763
f 620/620/609 182/182/182 1256/1256/1223
f 182/182/182 624/624/613 183/183/183
f 1881/1881/1521 933/933/79 86/86/86
f 86/86/86 933/933/79 87/87/87
f 987/987/961 1882/1882/1189 1883/1883/1775
f 987/987/961 1883/1883/1775 1884/1884/1776
f 494/494/488 1877/1877/1771 1885/1885/1326
f 1656/1656/1578 495/495/489 494/494/488
f 54/54/54 56/56/56 72/72/72
f 72/72/72 1243/1243/1210 54/54/54
f 1886/1886/1777 125/125/125 1873/1873/1767
f 1887/1887/1778 1877/1877/1771 1878/1878/1772
f 1888/1888/1779 1879/1879/1773 1863/1863/1759
f 1889/1889/1780 1890/1890/1781 1867/1867/1757
f 93/93/93 1891/1891/1782 94/94/94
f 313/313/310 1892/1892/1217 93/93/93
f 222/222/220 501/501/495 203/203/203
f 222/222/220 502/502/496 501/501/495
f 1884/1884/1776 1259/1259/1226 987/987/961
f 965/965/939 921/921/899 1260/1260/1227
f 1893/1893/1783 577/577/567 579/579/569
f 1894/1894/1784 1895/1895/1785 1896/1896/567
f 288/288/285 1753/1753/1668 1752/1752/1667
f 1293/1293/1258 1070/1070/1042 1897/1897/1786
f 494/494/488 1375/1375/1328 1878/1878/1772
f 1887/1887/1778 1878/1878/1772 1375/1375/1328
f 1898/1898/1787 1899/1899/1788 1817/1817/1722
f 1817/1817/1722 1829/1829/1733 1651/1651/1573
f 1070/1070/1042 1900/1900/1668 1897/1897/1786
f 258/258/255 1469/1469/1415 166/166/166
f 1805/1805/1710 1820/1820/1724 1806/1806/1711
f 1901/1901/1789 1898/1898/1787 1817/1817/1722
f 914/914/892 1902/1902/1790 1619/1619/1546
f 1563/1563/1501 1508/1508/1256 805/805/789
f 1893/1893/1783 579/579/569 1876/1876/1770
f 1903/1903/1791 577/577/567 1904/1904/1792
f 1413/1413/1363 146/146/146 1123/1123/1095
f 1412/1412/1362 1413/1413/1363 1123/1123/1095
f 242/242/240 244/244/242 1234/1234/1203
f 1234/1234/1203 244/244/242 875/875/854
f 1218/1218/1187 591/591/581 1278/1278/1243
f 512/512/505 1218/1218/1187 513/513/506
f 768/768/752 234/234/232 847/847/828
f 234/234/232 768/768/752 767/767/751
f 1894/1894/1784 1905/1905/1793 1895/1895/1785
f 1906/1906/1794 1907/1907/1795 1904/1904/1792
f 1522/1522/1461 1/1/1 1013/1013/987
f 6/6/6 1013/1013/987 1/1/1
f 284/284/281 1166/1166/1137 515/515/508
f 1580/1580/1517 271/271/268 1166/1166/1137
f 1338/1338/1296 1448/1448/1395 1447/1447/1394
f 1414/1414/1364 1405/1405/1356 1334/1334/1292
f 1380/1380/1333 1199/1199/1168 1574/1574/1511
f 1199/1199/1168 1576/1576/1513 1574/1574/1511
f 1378/1378/1331 1377/1377/1330 761/761/745
f 1039/1039/1012 626/626/615 761/761/745
f 173/173/173 642/642/631 174/174/174
f 642/642/631 1031/1031/1004 174/174/174
f 784/784/768 513/513/506 585/585/575
f 585/585/575 1089/1089/1061 784/784/768
f 1385/1385/1338 1560/1560/1498 1562/1562/1500
f 1339/1339/1297 1341/1341/1299 1364/1364/1319
f 1001/1001/975 1811/1811/1716 1002/1002/976
f 1908/1908/1796 1510/1510/1449 1002/1002/976
f 384/384/380 1452/1452/1399 19/19/19
f 19/19/19 1452/1452/1399 20/20/20
f 1077/1077/1049 1677/1677/1598 1646/1646/1568
f 1679/1679/1600 1677/1677/1598 1676/1676/1597
f 1751/1751/982 1455/1455/1402 888/888/866
f 809/809/793 888/888/866 1455/1455/1402
f 1811/1811/1716 975/975/949 1909/1909/1797
f 1909/1909/1797 1005/1005/979 1908/1908/1796
f 485/485/479 772/772/756 510/510/503
f 772/772/756 485/485/479 770/770/754
f 342/342/339 250/250/247 1910/1910/1798
f 383/383/379 19/19/19 341/341/338
f 594/594/584 1911/1911/1799 1059/1059/1031
f 594/594/584 683/683/671 960/960/935
f 693/693/681 515/515/508 1125/1125/1097
f 693/693/681 1125/1125/1097 694/694/682
f 1873/1873/1767 125/125/125 1374/1374/1327
f 419/419/415 1374/1374/1327 125/125/125
f 1912/1912/1800 1143/1143/1115 1219/1219/1188
f 1714/1714/1634 1143/1143/1115 1912/1912/1800
f 633/633/622 407/407/403 178/178/178
f 178/178/178 804/804/788 180/180/180
f 1043/1043/1016 1663/1663/1585 1651/1651/1573
f 1817/1817/1722 1651/1651/1573 1818/1818/1712
f 1480/1480/1423 1325/1325/1285 1324/1324/1284
f 1295/1295/1260 1691/1691/1612 1314/1314/1276
f 1611/1611/1539 1913/1913/274 1633/1633/1559
f 277/277/274 264/264/261 100/100/100
f 1062/1062/1034 1374/1374/1327 419/419/415
f 1265/1265/1037 1062/1062/1034 419/419/415
f 517/517/510 1914/1914/1801 563/563/553
f 1914/1914/1801 517/517/510 693/693/681
f 1588/1588/1522 1724/1724/1644 730/730/714
f 739/739/723 1724/1724/1644 740/740/724
f 1632/1632/1558 1451/1451/1398 1128/1128/1100
f 1631/1631/1557 1915/1915/278 1632/1632/1558
f 1769/1769/1681 470/470/465 1770/1770/1682
f 1770/1770/1682 470/470/465 154/154/154
f 242/242/240 254/254/251 243/243/241
f 123/123/123 738/738/722 232/232/230
f 454/454/449 316/316/313 349/349/346
f 350/350/347 349/349/346 316/316/313
f 618/618/607 262/262/259 261/261/258
f 261/261/258 1206/1206/1175 618/618/607
f 1024/1024/986 1916/1916/1802 1683/1683/1604
f 1684/1684/1605 1024/1024/986 1683/1683/1604
f 1112/1112/1084 1346/1346/1303 354/354/351
f 354/354/351 1917/1917/1803 355/355/352
f 1918/1918/1804 323/323/320 1700/1700/1621
f 1919/1919/1804 1696/1696/1617 1050/1050/1015
f 741/741/725 740/740/724 1920/1920/1802
f 1012/1012/986 741/741/725 1920/1920/1802
f 1673/1673/1594 1183/1183/836 1182/1182/1153
f 1540/1540/1479 871/871/851 855/855/836
f 293/293/290 1783/1783/1691 294/294/291
f 293/293/290 1270/1270/1235 1783/1783/1691
f 1921/1921/1805 1568/1568/1506 1567/1567/1505
f 1193/1193/1162 1921/1921/1805 1567/1567/1505
f 1187/1187/1156 1922/1922/1486 1548/1548/1487
f 1187/1187/1156 1186/1186/1155 1800/1800/1705
f 1923/1923/184 3/3/3 1924/1924/1806
f 3/3/3 1923/1923/184 1576/1576/1513
f 591/591/581 1218/1218/1187 1047/1047/1020
f 591/591/581 1047/1047/1020 589/589/579
f 1921/1921/1805 1193/1193/1162 688/688/676
f 688/688/676 687/687/675 1921/1921/1805
f 214/214/197 521/521/513 523/523/515
f 1428/1428/1376 483/483/477 197/197/197
f 687/687/675 686/686/674 725/725/709
f 765/765/749 973/973/947 686/686/674
f 214/214/197 213/213/213 521/521/513
f 213/213/213 1332/1332/1290 521/521/513
f 1857/1857/1754 245/245/243 1856/1856/1753
f 1280/1280/1245 245/245/243 1281/1281/1246
f 156/156/156 425/425/421 468/468/463
f 1925/1925/1807 676/676/665 675/675/664
f 145/145/145 1926/1926/1808 1927/1927/1809
f 1926/1926/1808 1736/1736/1477 1927/1927/1809
f 1382/1382/1335 1928/1928/1810 880/880/858
f 8/8/8 206/206/206 205/205/205
f 1856/1856/1753 1280/1280/1245 1096/1096/1068
f 1280/1280/1245 1856/1856/1753 245/245/243
f 1916/1916/1802 1929/1929/1811 1683/1683/1604
f 464/464/459 466/466/461 1930/1930/1812
f 490/490/484 489/489/483 570/570/560
f 490/490/484 1931/1931/1813 536/536/528
f 500/500/494 499/499/493 443/443/378
f 446/446/441 1311/1311/1273 498/498/492
f 780/780/764 1298/1298/1263 920/920/898
f 780/780/764 920/920/898 922/922/900
f 1030/1030/1003 1149/1149/1121 7/7/7
f 1030/1030/1003 7/7/7 174/174/174
f 773/773/757 1181/1181/1152 774/774/758
f 1181/1181/1152 1192/1192/1161 774/774/758
f 1103/1103/1075 751/751/735 1072/1072/1044
f 750/750/734 1072/1072/1044 751/751/735
f 1674/1674/1595 856/856/837 1672/1672/755
f 856/856/837 567/567/557 1672/1672/755
f 1311/1311/1273 1029/1029/1002 1932/1932/998
f 1932/1932/998 1029/1029/1002 1028/1028/1001
f 129/129/129 304/304/301 130/130/130
f 367/367/363 1274/1274/1239 1273/1273/1238
f 598/598/588 1933/1933/390 599/599/589
f 1586/1586/390 393/393/389 375/375/371
f 448/448/443 344/344/341 346/346/343
f 865/865/845 1214/1214/1183 448/448/443
f 1641/1641/1360 1340/1340/1298 1934/1934/1814
f 1385/1385/1338 1934/1934/1814 1340/1340/1298
f 818/818/801 819/819/802 822/822/805
f 1795/1795/1702 817/817/800 769/769/753
f 1419/1419/1369 212/212/212 1159/1159/1131
f 212/212/212 543/543/535 1159/1159/1131
f 1935/1935/1815 1560/1560/1498 1936/1936/1816
f 1408/1408/1358 1937/1937/1817 1389/1389/1342
f 431/431/427 105/105/105 426/426/422
f 662/662/651 426/426/422 1687/1687/1608
f 1938/1938/261 1913/1913/274 1611/1611/1539
f 814/814/798 1206/1206/1175 261/261/258
f 251/251/248 439/439/435 252/252/249
f 252/252/249 439/439/435 643/643/632
f 20/20/20 996/996/970 14/14/14
f 13/13/13 20/20/20 14/14/14
f 1689/1689/1610 480/480/474 1690/1690/1611
f 480/480/474 1689/1689/1610 1694/1694/1615
f 6/6/6 1197/1197/1166 27/27/27
f 395/395/391 27/27/27 1197/1197/1166
f 1627/1627/1554 1629/1629/1555 1760/1760/1673
f 1759/1759/1672 1939/1939/1818 1020/1020/994
f 1940/1940/1819 1941/1941/1820 1942/1942/1821
f 1943/1943/1820 866/866/846 868/868/848
f 1944/1944/1822 1760/1760/1673 1629/1629/1555
f 917/917/895 1760/1760/1673 1772/1772/1684
f 1261/1261/1228 185/185/185 187/187/187
f 187/187/187 301/301/298 1261/1261/1228
f 403/403/399 235/235/233 234/234/232
f 31/31/31 30/30/30 403/403/399
f 1820/1820/1724 1945/1945/1788 1946/1946/1823
f 1946/1946/1823 1947/1947/1824 1820/1820/1724
f 1948/1948/1516 1949/1949/1825 345/345/342
f 1950/1950/1826 1951/1951/1217 343/343/340
f 1033/1033/1006 552/552/544 551/551/543
f 1033/1033/1006 1444/1444/1391 552/552/544
f 1952/1952/1827 1385/1385/1338 1339/1339/1297
f 1385/1385/1338 1340/1340/1298 1339/1339/1297
f 488/488/482 925/925/903 924/924/902
f 1327/1327/1287 925/925/903 488/488/482
f 667/667/656 356/356/353 358/358/355
f 416/416/412 667/667/656 1168/1168/1139
f 257/257/254 265/265/262 637/637/626
f 257/257/254 266/266/263 265/265/262
f 1816/1816/1721 1901/1901/1789 1817/1817/1722
f 1806/1806/1711 1820/1820/1724 1947/1947/1824
f 482/482/476 836/836/818 450/450/445
f 482/482/476 1776/1776/1686 1489/1489/1431
f 9/9/9 8/8/8 1242/1242/1209
f 1242/1242/1209 252/252/249 173/173/173
f 1071/1071/1043 1461/1461/1407 1072/1072/1044
f 1465/1465/1411 1071/1071/1043 1462/1462/1408
f 836/836/818 1489/1489/1431 524/524/516
f 482/482/476 1489/1489/1431 836/836/818
f 1953/1953/1828 1792/1792/1699 1645/1645/1567
f 1953/1953/1828 1645/1645/1567 580/580/570
f 1954/1954/1829 1901/1901/1789 1816/1816/1721
f 1898/1898/1787 1901/1901/1789 1954/1954/1829
f 463/463/458 488/488/482 351/351/348
f 1327/1327/1287 488/488/482 463/463/458
f 224/224/222 1955/1955/1063 1483/1483/1426
f 1955/1955/1063 1484/1484/1427 1483/1483/1426
f 1928/1928/1810 1382/1382/1335 1956/1956/1830
f 1383/1383/1336 1567/1567/1505 1569/1569/1507
f 1957/1957/295 1958/1958/846 991/991/965
f 1506/1506/1446 1957/1957/295 991/991/965
f 820/820/803 407/407/403 406/406/402
f 1959/1959/1831 821/821/804 820/820/803
f 64/64/64 275/275/272 694/694/682
f 64/64/64 694/694/682 1126/1126/1098
f 518/518/511 1063/1063/1035 519/519/512
f 518/518/511 1308/1308/1270 1063/1063/1035
f 80/80/80 79/79/79 1243/1243/1210
f 72/72/72 80/80/80 1243/1243/1210
f 1571/1571/1509 1564/1564/1502 1572/1572/1510
f 1556/1556/1495 1525/1525/1464 1564/1564/1502
f 910/910/888 909/909/887 1539/1539/1478
f 954/954/929 953/953/928 910/910/888
f 1063/1063/1035 1065/1065/1037 519/519/512
f 1265/1265/1037 419/419/415 1545/1545/1484
f 1699/1699/1620 323/323/320 322/322/319
f 180/180/180 1701/1701/1622 408/408/404
f 828/828/810 794/794/778 829/829/811
f 830/830/812 832/832/814 1960/1960/1832
f 1936/1936/1816 1961/1961/1833 1935/1935/1815
f 1962/1962/1500 1963/1963/1499 1964/1964/1834
f 629/629/618 584/584/574 586/586/576
f 119/119/119 1366/1366/1321 588/588/578
f 612/612/601 1726/1726/1646 1965/1965/1835
f 612/612/601 636/636/625 635/635/624
f 232/232/230 738/738/722 243/243/241
f 738/738/722 550/550/542 243/243/241
f 991/991/965 1958/1958/846 1940/1940/1819
f 1940/1940/1819 1958/1958/846 1941/1941/1820
f 322/322/319 172/172/172 171/171/171
f 132/132/132 172/172/172 322/322/319
f 1556/1556/1495 1564/1564/1502 1571/1571/1509
f 1559/1559/1497 1573/1573/1495 1966/1966/1836
f 1712/1712/1633 1448/1448/1395 1337/1337/1295
f 1712/1712/1633 1337/1337/1295 1289/1289/1254
f 1967/1967/1837 1968/1968/1838 634/634/623
f 1969/1969/1839 36/36/36 1542/1542/1481
f 318/318/315 398/398/394 42/42/42
f 44/44/44 318/318/315 42/42/42
f 1172/1172/1143 331/331/328 1173/1173/1144
f 301/301/298 333/333/330 1261/1261/1228
f 452/452/447 454/454/449 104/104/104
f 452/452/447 316/316/313 454/454/449
f 811/811/795 1970/1970/1840 809/809/793
f 1970/1970/1840 888/888/866 809/809/793
f 135/135/135 883/883/861 882/882/860
f 1971/1971/1841 884/884/862 883/883/861
f 1054/1054/1026 1053/1053/1025 742/742/726
f 1053/1053/1025 1683/1683/1604 742/742/726
f 1172/1172/1143 379/379/375 329/329/326
f 331/331/328 1172/1172/1143 329/329/326
f 1835/1835/1737 1824/1824/1728 1842/1842/1742
f 1836/1836/1738 1835/1835/1737 1972/1972/1842
f 997/997/971 998/998/972 633/633/622
f 141/141/141 633/633/622 178/178/178
f 1579/1579/1516 271/271/268 1580/1580/1517
f 272/272/269 271/271/268 1579/1579/1516
f 361/361/357 124/124/124 1973/1973/1843
f 269/269/266 124/124/124 270/270/267
f 277/277/274 100/100/100 278/278/275
f 100/100/100 1483/1483/1426 1482/1482/1425
f 1775/1775/1613 1066/1066/1038 1048/1048/1021
f 1692/1692/1613 1098/1098/1070 1046/1046/1019
f 1141/1141/1113 1702/1702/1623 1523/1523/1462
f 1141/1141/1113 1140/1140/1112 1702/1702/1623
f 1974/1974/1844 1268/1268/1233 1215/1215/1184
f 1974/1974/1844 250/250/247 1268/1268/1233
f 1010/1010/984 1683/1683/1604 1929/1929/1811
f 1683/1683/1604 1010/1010/984 742/742/726
f 580/580/570 1638/1638/1562 756/756/740
f 580/580/570 756/756/740 758/758/742
f 1826/1826/1730 1972/1972/1842 1842/1842/1742
f 1972/1972/1842 1835/1835/1737 1842/1842/1742
f 893/893/871 1762/1762/1675 1315/1315/1277
f 893/893/871 1315/1315/1277 940/940/915
f 1016/1016/990 108/108/108 107/107/107
f 5/5/5 108/108/108 1016/1016/990
f 1110/1110/1082 860/860/841 1665/1665/1587
f 860/860/841 1503/1503/1443 1665/1665/1587
f 532/532/524 531/531/523 1418/1418/1368
f 712/712/698 532/532/524 1418/1418/1368
f 557/557/547 559/559/549 49/49/49
f 49/49/49 559/559/549 150/150/150
f 129/129/129 305/305/302 304/304/301
f 160/160/160 305/305/302 129/129/129
f 664/664/653 663/663/652 1122/1122/1094
f 664/664/653 413/413/409 412/412/408
f 592/592/582 1975/1975/1845 1976/1976/1846
f 1975/1975/1845 1494/1494/1436 976/976/950
f 1779/1779/1688 1977/1977/1847 764/764/748
f 1977/1977/1847 726/726/710 764/764/748
f 1578/1578/1515 695/695/683 438/438/434
f 441/441/437 695/695/683 170/170/170
f 458/458/453 119/119/119 1365/1365/1320
f 1978/1978/1848 1082/1082/1054 1365/1365/1320
f 1748/1748/1664 77/77/77 300/300/297
f 300/300/297 77/77/77 189/189/189
f 382/382/378 381/381/377 498/498/492
f 498/498/492 1979/1979/1849 382/382/378
f 1980/1980/1850 1879/1879/1773 1888/1888/1779
f 1889/1889/1780 1981/1981/1851 1980/1980/1850
f 109/109/109 1727/1727/1647 561/561/551
f 219/219/217 109/109/109 561/561/551
f 1889/1889/1780 1888/1888/1779 1890/1890/1781
f 1980/1980/1850 1888/1888/1779 1889/1889/1780
f 1352/1352/1309 1351/1351/1308 1018/1018/992
f 1351/1351/1308 1620/1620/1547 1018/1018/992
f 189/189/189 177/177/177 370/370/366
f 189/189/189 77/77/77 177/177/177
f 1982/1982/1852 1983/1983/1853 1086/1086/1058
f 1984/1984/1545 1232/1232/1201 1985/1985/1854
f 926/926/904 925/925/903 1328/1328/1286
f 508/508/501 1326/1326/1286 509/509/502
f 1978/1978/1848 116/116/116 1082/1082/1054
f 816/816/799 511/511/504 102/102/102
f 1793/1793/1700 509/509/502 1309/1309/1271
f 509/509/502 1326/1326/1286 1309/1309/1271
f 613/613/602 1111/1111/1083 1304/1304/1266
f 615/615/604 1111/1111/1083 613/613/602
f 1390/1390/1343 1174/1174/1145 1729/1729/1648
f 442/442/438 1390/1390/1343 1729/1729/1648
f 1179/1179/1150 1714/1714/1634 1443/1443/1390
f 1398/1398/1350 1178/1178/1149 1399/1399/1351
f 1007/1007/981 1009/1009/983 1426/1426/1375
f 1422/1422/865 1426/1426/1375 1009/1009/983
f 498/498/492 1156/1156/1128 435/435/431
f 436/436/432 435/435/431 1156/1156/1128
f 695/695/683 908/908/886 438/438/434
f 908/908/886 907/907/885 1725/1725/1645
f 215/215/196 1353/1353/777 1277/1277/1242
f 1841/1841/1741 1849/1849/777 196/196/196
f 1986/1986/1855 641/641/630 268/268/265
f 641/641/630 269/269/266 268/268/265
f 1196/1196/1165 544/544/536 776/776/760
f 1801/1801/1706 1186/1186/1155 776/776/760
f 1334/1334/1292 1333/1333/1291 1403/1403/1354
f 1337/1337/1295 1987/1987/1354 1747/1747/1663
f 326/326/323 317/317/314 324/324/321
f 707/707/323 1107/1107/1079 401/401/397
f 1560/1560/1498 1385/1385/1338 1952/1952/1827
f 1560/1560/1498 1952/1952/1827 1936/1936/1816
f 1988/1988/1856 1505/1505/1445 1504/1504/1444
f 1988/1988/1856 1957/1957/295 1506/1506/1446
f 389/389/385 1327/1327/1287 923/923/901
f 389/389/385 923/923/901 387/387/383
f 47/47/47 91/91/91 1306/1306/1268
f 47/47/47 46/46/46 91/91/91
f 1504/1504/1444 1989/1989/1857 1988/1988/1856
f 273/273/270 993/993/967 1167/1167/1138
f 1537/1537/1476 1514/1514/1453 976/976/950
f 1513/1513/1452 976/976/950 1514/1514/1453
f 1990/1990/1858 1905/1905/1793 1991/1991/1795
f 1895/1895/1785 1905/1905/1793 1992/1992/1859
f 1993/1993/1860 994/994/968 948/948/923
f 362/362/358 994/994/968 1993/1993/1860
f 1720/1720/1640 1709/1709/1630 1994/1994/1629
f 1253/1253/1220 1255/1255/1222 1995/1995/1861
f 1553/1553/1492 1554/1554/1493 872/872/767
f 1996/1996/1862 1553/1553/1492 1997/1997/1863
f 352/352/349 1108/1108/1080 144/144/144
f 1108/1108/1080 706/706/693 144/144/144
f 1214/1214/1183 864/864/844 57/57/57
f 344/344/341 448/448/443 1214/1214/1183
f 1429/1429/1377 655/655/644 483/483/477
f 484/484/478 483/483/477 655/655/644
f 952/952/927 1734/1734/1651 1998/1998/1864
f 951/951/926 1330/1330/927 1329/1329/1288
f 1220/1220/1189 1222/1222/1191 964/964/938
f 921/921/899 964/964/938 1222/1222/1191
f 1960/1960/1832 828/828/810 830/830/812
f 830/830/812 828/828/810 831/831/813
f 1905/1905/1793 1999/1999/1865 1992/1992/1859
f 1893/1893/1783 1876/1876/1770 2000/2000/1866
f 1546/1546/1485 193/193/193 439/439/435
f 643/643/632 439/439/435 193/193/193
f 1331/1331/1289 218/218/216 200/200/200
f 834/834/816 1332/1332/1290 451/451/446
f 82/82/82 33/33/33 35/35/35
f 375/375/371 377/377/373 1114/1114/1086
f 791/791/775 1322/1322/1283 1456/1456/1403
f 673/673/662 1322/1322/1283 791/791/775
f 1007/1007/981 1426/1426/1375 1425/1425/1374
f 1007/1007/981 799/799/783 801/801/785
f 353/353/350 1393/1393/1346 928/928/906
f 928/928/906 1393/1393/1346 929/929/907
f 193/193/193 195/195/195 1544/1544/1483
f 1544/1544/1483 195/195/195 1485/1485/1428
f 645/645/634 647/647/636 666/666/655
f 1992/1992/1859 2001/2001/1867 1895/1895/1785
f 407/407/403 802/802/786 804/804/788
f 178/178/178 407/407/403 804/804/788
f 1916/1916/1802 2002/2002/1523 1929/1929/1811
f 1588/1588/1522 1589/1589/1523 1920/1920/1802
f 56/56/56 225/225/223 73/73/73
f 72/72/72 56/56/56 73/73/73
f 1557/1557/1496 1519/1519/1458 1558/1558/1494
f 1555/1555/1494 1524/1524/1463 1523/1523/1462
f 730/730/714 732/732/716 1589/1589/1523
f 1929/1929/1811 2002/2002/1523 2003/2003/1868
f 258/258/255 257/257/254 1753/1753/1668
f 1753/1753/1668 1469/1469/1415 258/258/255
f 600/600/590 394/394/390 396/396/392
f 600/600/590 396/396/392 2004/2004/1869
f 1880/1880/1774 1869/1869/1763 2005/2005/1773
f 1869/1869/1763 1767/1767/1679 2005/2005/1773
f 106/106/106 430/430/426 1016/1016/990
f 430/430/426 106/106/106 105/105/105
f 84/84/84 280/280/277 651/651/640
f 83/83/83 280/280/277 84/84/84
f 1512/1512/1451 1850/1850/1438 1003/1003/977
f 1496/1496/1438 1514/1514/1453 1537/1537/1476
f 1216/1216/1185 555/555/18 1577/1577/1514
f 556/556/546 555/555/18 1216/1216/1185
f 348/348/345 426/426/422 1189/1189/1158
f 348/348/345 1189/1189/1158 454/454/449
f 353/353/350 335/335/332 334/334/331
f 353/353/350 334/334/331 1393/1393/1346
f 1380/1380/1333 409/409/405 2006/2006/1870
f 600/600/590 2004/2004/1869 2006/2006/1870
f 2007/2007/1871 1037/1037/1010 787/787/771
f 787/787/771 1037/1037/1010 788/788/772
f 170/170/170 695/695/683 1578/1578/1515
f 1578/1578/1515 171/171/171 170/170/170
f 10/10/10 15/15/15 14/14/14
f 13/13/13 15/15/15 1249/1249/1216
f 1371/1371/1324 1250/1250/1217 285/285/282
f 564/564/554 1371/1371/1324 285/285/282
f 1476/1476/1419 1475/1475/1418 2008/2008/1872
f 1465/1465/1411 1466/1466/1412 2009/2009/1872
f 1249/1249/1216 15/15/15 10/10/10
f 1249/1249/1216 10/10/10 527/527/519
f 1492/1492/1434 2010/2010/1873 2011/2011/1874
f 1379/1379/1332 1037/1037/1010 1491/1491/1433
f 1930/1930/1812 897/897/875 464/464/459
f 897/897/875 1600/1600/1531 464/464/459
f 1702/1702/1623 1525/1525/1464 1523/1523/1462
f 1523/1523/1462 1525/1525/1464 1555/1555/1494
f 1492/1492/1434 1378/1378/1331 2010/2010/1873
f 1378/1378/1331 1492/1492/1434 1040/1040/1013
f 525/525/517 524/524/516 2012/2012/1875
f 1081/1081/1053 2012/2012/1875 524/524/516
f 626/626/615 762/762/746 627/627/616
f 1039/1039/1012 762/762/746 626/626/615
f 751/751/735 1103/1103/1075 1784/1784/1692
f 1103/1103/1075 1102/1102/1074 1784/1784/1692
f 1335/1335/1293 1104/1104/1076 747/747/731
f 749/749/733 2013/2013/1876 747/747/731
f 912/912/890 1734/1734/1651 1735/1735/1652
f 912/912/890 328/328/325 1734/1734/1651
f 240/240/238 97/97/97 792/792/776
f 97/97/97 240/240/238 1871/1871/1765
f 2014/2014/1877 560/560/550 880/880/858
f 2014/2014/1877 880/880/858 1928/1928/1810
f 18/18/18 429/429/425 2015/2015/1878
f 431/431/427 729/729/713 429/429/425
f 1482/1482/1425 1481/1481/1424 278/278/275
f 1482/1482/1425 278/278/275 100/100/100
f 835/835/817 522/522/514 834/834/816
f 1682/1682/1603 522/522/514 835/835/817
f 2016/2016/1879 1203/1203/1172 45/45/45
f 1137/1137/1109 2017/2017/1172 1138/1138/1110
f 505/505/499 1030/1030/1003 391/391/387
f 391/391/387 1030/1030/1003 390/390/386
f 1305/1305/1267 1304/1304/1266 1295/1295/1260
f 1305/1305/1267 1295/1295/1260 1314/1314/1276
f 2018/2018/1879 96/96/96 95/95/95
f 95/95/95 2019/2019/1880 2018/2018/1879
f 474/474/468 1771/1771/1683 1770/1770/1682
f 1771/1771/1683 474/474/468 473/473/467
f 660/660/649 415/415/411 21/21/21
f 21/21/21 23/23/23 660/660/649
f 585/585/575 629/629/618 1090/1090/1062
f 1090/1090/1062 629/629/618 720/720/705
f 94/94/94 1891/1891/1782 2020/2020/1881
f 77/77/77 76/76/76 176/176/176
f 1122/1122/1094 1120/1120/1092 413/413/409
f 664/664/653 1122/1122/1094 413/413/409
f 838/838/85 837/837/819 840/840/821
f 121/121/121 1129/1129/1101 1127/1127/1099
f 621/621/610 556/556/546 1216/1216/1185
f 620/620/609 556/556/546 621/621/610
f 672/672/661 534/534/526 190/190/190
f 370/370/366 190/190/190 189/189/189
f 616/616/605 618/618/607 89/89/89
f 1203/1203/1172 616/616/605 46/46/46
f 1726/1726/1646 611/611/600 1313/1313/1275
f 611/611/600 1305/1305/1267 1313/1313/1275
f 1417/1417/1367 179/179/179 711/711/697
f 1369/1369/1323 171/171/171 1368/1368/1322
f 617/617/606 262/262/259 618/618/607
f 1139/1139/1111 88/88/88 617/617/606
f 602/602/591 1239/1239/1206 1248/1248/1215
f 602/602/591 1248/1248/1215 603/603/592
f 481/481/475 433/433/429 479/479/473
f 444/444/439 479/479/473 433/433/429
f 513/513/506 583/583/573 585/585/575
f 1218/1218/1187 1278/1278/1243 513/513/506
f 255/255/252 1433/1433/1381 2021/2021/1882
f 1433/1433/1381 242/242/240 1234/1234/1203
f 445/445/440 680/680/669 446/446/441
f 1685/1685/1606 476/476/470 478/478/472
f 1427/1427/1375 1421/1421/1371 1543/1543/1482
f 1543/1543/1482 1421/1421/1371 1517/1517/1456
f 870/870/850 32/32/32 869/869/849
f 869/869/849 32/32/32 21/21/21
f 587/587/577 1978/1978/1848 1365/1365/1320
f 1365/1365/1320 588/588/578 587/587/577
f 1085/1085/1057 1657/1657/1579 1658/1658/1580
f 724/724/688 1658/1658/1580 1657/1657/1579
f 2022/2022/1883 2023/2023/1884 468/468/463
f 468/468/463 425/425/421 2022/2022/1883
f 88/88/88 2024/2024/1885 617/617/606
f 88/88/88 87/87/87 2024/2024/1885
f 580/580/570 1637/1637/1561 1638/1638/1562
f 1207/1207/1176 541/541/533 1019/1019/993
f 1170/1170/1141 1176/1176/1147 1171/1171/1142
f 1176/1176/1147 1520/1520/1459 1171/1171/1142
f 1231/1231/1200 652/652/641 713/713/699
f 713/713/699 652/652/641 654/654/643
f 608/608/597 2025/2025/1071 2026/2026/1886
f 608/608/597 2027/2027/1887 2028/2028/579
f 850/850/831 849/849/830 848/848/829
f 849/849/830 850/850/831 769/769/753
f 2029/2029/1888 2030/2030/1889 2031/2031/1890
f 2029/2029/1888 2031/2031/1890 971/971/945
f 1296/1296/1261 981/981/955 1604/1604/1533
f 458/458/453 1365/1365/1320 1082/1082/1054
f 1097/1097/1069 2032/2032/1891 1067/1067/1039
f 609/609/598 1049/1049/1022 1067/1067/1039
f 1349/1349/1306 417/417/413 81/81/81
f 82/82/82 605/605/594 81/81/81
f 198/198/198 1376/1376/1329 1841/1841/1741
f 1841/1841/1741 196/196/196 198/198/198
f 506/506/500 399/399/395 1309/1309/1271
f 399/399/395 506/506/500 397/397/393
f 609/609/598 1219/1219/1188 1135/1135/1107
f 609/609/598 1067/1067/1039 1219/1219/1188
f 1804/1804/1709 959/959/934 1153/1153/1125
f 1811/1811/1716 1808/1808/1713 975/975/949
f 1939/1939/1818 1625/1625/1552 1020/1020/994
f 1020/1020/994 1625/1625/1552 944/944/919
f 951/951/926 950/950/925 971/971/945
f 950/950/925 2029/2029/1888 971/971/945
f 418/418/414 259/259/256 81/81/81
f 418/418/414 1706/1706/1627 259/259/256
f 587/587/577 590/590/580 1978/1978/1848
f 608/608/597 607/607/596 2027/2027/1887
f 273/273/270 1167/1167/1138 1166/1166/1137
f 1166/1166/1137 271/271/268 273/273/270
f 1587/1587/391 375/375/371 1113/1113/1085
f 28/28/28 27/27/27 395/395/391
f 1874/1874/1768 644/644/633 577/577/567
f 1792/1792/1699 1874/1874/1768 1791/1791/1698
f 1936/1936/1816 1952/1952/1827 2033/2033/1892
f 1937/1937/1817 2034/2034/1893 1389/1389/1342
f 1292/1292/1257 1293/1293/1258 1367/1367/287
f 1293/1293/1258 1897/1897/1786 1367/1367/287
f 1454/1454/1401 1021/1021/995 1011/1011/985
f 750/750/734 1021/1021/995 1454/1454/1401
f 1538/1538/1477 2035/2035/1894 912/912/890
f 1926/1926/1808 2036/2036/1895 1736/1736/1477
f 871/871/851 770/770/754 1541/1541/1480
f 770/770/754 487/487/481 1541/1541/1480
f 912/912/890 2035/2035/1894 325/325/322
f 708/708/694 2036/2036/1895 706/706/693
f 1893/1893/1783 2000/2000/1866 1904/1904/1792
f 1904/1904/1792 577/577/567 1893/1893/1783
f 1142/1142/1114 1607/1607/1536 625/625/614
f 625/625/614 1607/1607/1536 1764/1764/1181
f 1695/1695/1616 1693/1693/1614 1766/1766/1678
f 1763/1763/1676 1757/1757/1670 436/436/432
f 1622/1622/1549 1244/1244/1211 1596/1596/1528
f 1613/1613/1541 2037/2037/1896 1597/1597/1529
f 1176/1176/1147 1445/1445/1392 1521/1521/1460
f 1132/1132/1104 1397/1397/1349 1441/1441/1388
f 327/327/324 2038/2038/1897 328/328/325
f 1998/1998/1864 1734/1734/1651 328/328/325
f 167/167/167 792/792/776 139/139/139
f 241/241/239 167/167/167 166/166/166
f 1278/1278/1243 583/583/573 513/513/506
f 583/583/573 1278/1278/1243 590/590/580
f 1211/1211/1180 1210/1210/1179 1252/1252/1219
f 1709/1709/1630 1711/1711/1632 1252/1252/1219
f 1597/1597/1529 2037/2037/1896 2039/2039/1527
f 1597/1597/1529 890/890/868 1045/1045/1018
f 1194/1194/1163 1193/1193/1162 1230/1230/1199
f 1230/1230/1199 1193/1193/1162 1567/1567/1505
f 852/852/833 851/851/832 1794/1794/1701
f 769/769/753 852/852/833 1794/1794/1701
f 58/58/58 296/296/293 1948/1948/1516
f 867/867/847 58/58/58 864/864/844
f 692/692/680 691/691/679 651/651/640
f 84/84/84 651/651/640 691/691/679
f 2030/2030/1889 2040/2040/1898 980/980/954
f 2030/2030/1889 980/980/954 2031/2031/1890
f 338/338/335 337/337/334 1823/1823/1727
f 336/336/333 1823/1823/1727 337/337/334
f 1411/1411/1361 1340/1340/1298 1642/1642/1565
f 1715/1715/1635 1409/1409/1359 1343/1343/1301
f 970/970/944 2030/2030/1889 2029/2029/1888
f 2030/2030/1889 970/970/944 2040/2040/1898
f 1383/1383/1336 221/221/219 1567/1567/1505
f 1230/1230/1199 1567/1567/1505 221/221/219
f 2041/2041/1899 2042/2042/1900 2043/2043/1649
f 2042/2042/1900 2041/2041/1899 2044/2044/1659
f 167/167/167 241/241/239 792/792/776
f 792/792/776 241/241/239 240/240/238
f 2042/2042/1900 2044/2044/1659 1733/1733/1650
f 1761/1761/1674 2042/2042/1900 1733/1733/1650
f 142/142/142 179/179/179 1417/1417/1367
f 1417/1417/1367 140/140/140 142/142/142
f 1112/1112/1084 928/928/906 927/927/905
f 1325/1325/1285 1112/1112/1084 927/927/905
f 2045/2045/1901 250/250/247 1974/1974/1844
f 1910/1910/1798 250/250/247 2045/2045/1901
f 367/367/363 366/366/362 1274/1274/1239
f 1615/1615/1007 1274/1274/1239 366/366/362
f 1678/1678/1599 1676/1676/1597 1782/1782/1047
f 1075/1075/1047 1074/1074/1046 2046/2046/1902
f 1602/1602/946 953/953/928 952/952/927
f 979/979/953 953/953/928 1602/1602/946
f 1725/1725/1645 1546/1546/1485 438/438/434
f 438/438/434 908/908/886 1725/1725/1645
f 608/608/597 2028/2028/579 2025/2025/1071
f 1046/1046/1019 1099/1099/1071 589/589/579
f 876/876/855 2047/2047/870 1704/1704/1625
f 1650/1650/1572 892/892/870 1043/1043/1016
f 1892/1892/1217 1891/1891/1782 93/93/93
f 2048/2048/1903 65/65/65 1126/1126/1098
f 364/364/360 363/363/359 1275/1275/1240
f 363/363/359 1273/1273/1238 1275/1275/1240
f 2049/2049/1904 2050/2050/53 1504/1504/1444
f 1989/1989/1857 1504/1504/1444 2050/2050/53
f 1755/1755/1611 1757/1757/1670 1756/1756/1669
f 1755/1755/1611 1756/1756/1669 1862/1862/1758
f 624/624/613 182/182/182 620/620/609
f 624/624/613 620/620/609 622/622/611
f 996/996/970 998/998/972 997/997/971
f 631/631/620 161/161/161 998/998/972
f 1034/1034/1007 1033/1033/1006 551/551/543
f 1616/1616/1543 1274/1274/1239 1615/1615/1007
f 1710/1710/1631 1716/1716/1636 1711/1711/1632
f 2051/2051/1905 1716/1716/1636 1710/1710/1631
f 1706/1706/1627 36/36/36 38/38/38
f 259/259/256 1706/1706/1627 38/38/38
f 121/121/121 1127/1127/1099 155/155/155
f 155/155/155 119/119/119 121/121/121
f 924/924/902 1372/1372/1325 489/489/483
f 488/488/482 924/924/902 489/489/483
f 505/505/499 391/391/387 1529/1529/1468
f 1529/1529/1468 506/506/500 505/505/499
f 1679/1679/1600 1678/1678/1599 1646/1646/1568
f 1677/1677/1598 1679/1679/1600 1646/1646/1568
f 716/716/702 1630/1630/1556 746/746/730
f 716/716/702 746/746/730 717/717/703
f 1051/1051/1023 1031/1031/1004 642/642/631
f 1031/1031/1004 1051/1051/1023 1487/1487/1124
f 296/296/293 867/867/847 297/297/294
f 867/867/847 296/296/293 58/58/58
f 2052/2052/1534 718/718/704 1233/1233/1202
f 1984/1984/1545 2053/2053/1906 1605/1605/1534
f 1131/1131/1103 858/858/839 1284/1284/1249
f 858/858/839 1286/1286/1251 1284/1284/1249
f 356/356/353 635/635/624 357/357/354
f 612/612/601 635/635/624 356/356/353
f 1606/1606/1535 716/716/702 718/718/704
f 1606/1606/1535 718/718/704 2052/2052/1534
f 203/203/203 501/501/495 34/34/34
f 203/203/203 34/34/34 204/204/204
f 1632/1632/1558 1915/1915/278 1451/1451/1398
f 83/83/83 281/281/278 280/280/277
f 1475/1475/1418 1474/1474/1408 1467/1467/1413
f 1468/1468/1414 1467/1467/1413 1474/1474/1408
f 874/874/853 571/571/561 1762/1762/1675
f 1762/1762/1675 571/571/561 938/938/913
f 1678/1678/1599 984/984/958 1646/1646/1568
f 984/984/958 1078/1078/1050 1646/1646/1568
f 1113/1113/1085 374/374/370 504/504/498
f 34/34/34 504/504/498 374/374/370
f 190/190/190 535/535/527 533/533/525
f 1237/1237/773 533/533/525 1238/1238/1205
f 1451/1451/1398 841/841/822 840/840/821
f 841/841/822 1451/1451/1398 1915/1915/278
f 666/666/655 1896/1896/567 1895/1895/1785
f 666/666/655 1895/1895/1785 645/645/634
f 323/323/320 1042/1042/1015 132/132/132
f 323/323/320 1918/1918/1804 1042/1042/1015
f 2006/2006/1870 797/797/781 600/600/590
f 600/600/590 797/797/781 601/601/589
f 607/607/596 456/456/451 511/511/504
f 607/607/596 511/511/504 2027/2027/1887
f 409/409/405 1380/1380/1333 1574/1574/1511
f 409/409/405 1574/1574/1511 425/425/421
f 1436/1436/1384 857/857/838 1855/1855/1752
f 1436/1436/1384 1855/1855/1752 2054/2054/1907
f 1355/1355/1311 1709/1709/1630 1252/1252/1219
f 2055/2055/1908 1709/1709/1630 1355/1355/1311
f 683/683/671 594/594/584 1059/1059/1031
f 683/683/671 1059/1059/1031 684/684/672
f 472/472/466 628/628/617 586/586/576
f 1635/1635/452 628/628/617 472/472/466
f 1516/1516/1455 1517/1517/1456 811/811/795
f 886/886/864 811/811/795 1517/1517/1456
f 2056/2056/1909 1810/1810/1715 1824/1824/1728
f 1810/1810/1715 2056/2056/1909 1808/1808/1713
f 1204/1204/1173 1205/1205/1174 956/956/931
f 500/500/494 1027/1027/1000 477/477/471
f 605/605/594 689/689/677 1349/1349/1306
f 605/605/594 1349/1349/1306 81/81/81
f 1793/1793/1700 539/539/531 1359/1359/1315
f 539/539/531 538/538/530 1359/1359/1315
f 709/709/695 1368/1368/1322 171/171/171
f 709/709/695 171/171/171 1578/1578/1515
f 1282/1282/1247 2049/2049/1904 1299/1299/1264
f 2049/2049/1904 1279/1279/1244 1299/1299/1264
f 1855/1855/1752 773/773/757 2054/2054/1907
f 1855/1855/1752 1180/1180/1151 773/773/757
f 1253/1253/1220 1995/1995/1861 1355/1355/1311
f 1253/1253/1220 1355/1355/1311 1655/1655/1577
f 859/859/840 1501/1501/1442 860/860/841
f 859/859/840 877/877/856 1501/1501/1442
f 1635/1635/452 1728/1728/1106 628/628/617
f 1134/1134/1106 610/610/599 609/609/598
f 1419/1419/1369 1161/1161/1133 1423/1423/1372
f 1423/1423/1372 1163/1163/1135 1419/1419/1369
f 96/96/96 2018/2018/1879 2057/2057/1910
f 793/793/777 96/96/96 2057/2057/1910
f 1180/1180/1151 1182/1182/1153 1184/1184/835
f 1182/1182/1153 1180/1180/1151 1855/1855/1752
f 1289/1289/1254 1106/1106/1078 1712/1712/1633
f 1288/1288/1253 1106/1106/1078 1289/1289/1254
f 401/401/397 351/351/348 402/402/398
f 351/351/348 1507/1507/1447 402/402/398
f 857/857/838 1674/1674/1595 1182/1182/1153
f 1674/1674/1595 857/857/838 856/856/837
f 1286/1286/1251 1852/1852/1749 1853/1853/1750
f 487/487/481 782/782/766 1434/1434/1382
f 245/245/243 247/247/245 1281/1281/1246
f 1281/1281/1246 247/247/245 1299/1299/1264
f 1385/1385/1338 1387/1387/1340 1934/1934/1814
f 1387/1387/1340 1641/1641/1360 1934/1934/1814
f 821/821/804 810/810/794 809/809/793
f 802/802/786 821/821/804 809/809/793
f 947/947/922 311/311/308 1006/1006/980
f 1006/1006/980 311/311/308 736/736/720
f 834/834/816 450/450/445 836/836/818
f 451/451/446 450/450/445 834/834/816
f 502/502/496 669/669/658 2058/2058/1647
f 669/669/658 502/502/496 222/222/220
f 641/641/630 640/640/629 269/269/266
f 1973/1973/1843 124/124/124 269/269/266
f 1932/1932/998 1028/1028/1001 2059/2059/1911
f 1911/1911/1799 594/594/584 1058/1058/1030
f 502/502/496 2058/2058/1647 503/503/497
f 1727/1727/1647 4/4/4 1300/1300/497
f 640/640/629 1973/1973/1843 269/269/266
f 266/266/263 1490/1490/1432 267/267/264
f 424/424/420 423/423/419 1608/1608/90
f 91/91/91 90/90/90 678/678/667
f 883/883/861 135/135/135 1971/1971/1841
f 134/134/134 1971/1971/1841 135/135/135
f 1385/1385/1338 1562/1562/1500 1386/1386/1339
f 1962/1962/1500 1591/1591/1524 1590/1590/1339
f 1483/1483/1426 227/227/225 224/224/222
f 100/100/100 227/227/225 1483/1483/1426
f 37/37/37 825/825/807 239/239/237
f 825/825/807 37/37/37 1463/1463/1409
f 160/160/160 903/903/881 305/305/302
f 160/160/160 302/302/299 903/903/881
f 1442/1442/1389 1175/1175/1146 1179/1179/1150
f 1175/1175/1146 1170/1170/1141 1179/1179/1150
f 1270/1270/1235 658/658/647 1498/1498/648
f 658/658/647 1499/1499/1440 1498/1498/648
f 1911/1911/1799 2060/2060/1912 2061/2061/1913
f 1004/1004/978 2062/2062/1913 2063/2063/1914
f 1014/1014/988 430/430/426 17/17/17
f 1014/1014/988 17/17/17 1015/1015/989
f 986/986/960 127/127/127 884/884/862
f 126/126/126 884/884/862 127/127/127
f 2064/2064/1915 2065/2065/1916 2066/2066/1917
f 2064/2064/1915 2060/2060/1912 1911/1911/1799
f 1686/1686/1607 441/441/437 697/697/685
f 441/441/437 170/170/170 697/697/685
f 1177/1177/1148 1170/1170/1141 1169/1169/1140
f 1142/1142/1114 1177/1177/1148 1169/1169/1140
f 239/239/237 1384/1384/1337 1229/1229/1198
f 1384/1384/1337 239/239/237 825/825/807
f 1040/1040/1013 1839/1839/1091 1838/1838/1740
f 1088/1088/1060 720/720/705 1119/1119/1091
f 1251/1251/1218 495/495/489 1655/1655/1577
f 495/495/489 1251/1251/1218 1308/1308/1270
f 1058/1058/1030 2064/2064/1915 1911/1911/1799
f 1058/1058/1030 2065/2065/1916 2064/2064/1915
f 1111/1111/1083 1116/1116/1088 1304/1304/1266
f 1304/1304/1266 1116/1116/1088 1295/1295/1260
f 1885/1885/1326 1656/1656/1578 494/494/488
f 1061/1061/1033 1373/1373/1326 1062/1062/1034
f 29/29/29 205/205/205 30/30/30
f 295/295/292 205/205/205 294/294/291
f 2067/2067/1918 157/157/157 156/156/156
f 2067/2067/1918 156/156/156 467/467/462
f 1083/1083/1055 1982/1982/1852 1086/1086/1058
f 1288/1288/1253 1982/1982/1852 1083/1083/1055
f 1190/1190/1159 452/452/447 104/104/104
f 220/220/218 104/104/104 107/107/107
f 2068/2068/1919 2061/2061/1913 2060/2060/1912
f 2069/2069/1920 2060/2060/1912 2064/2064/1915
f 2070/2070/1921 1885/1885/1326 1877/1877/1771
f 2070/2070/1921 1877/1877/1771 1887/1887/1778
f 2071/2071/1922 343/343/340 2072/2072/1923
f 343/343/340 1951/1951/1217 2072/2072/1923
f 244/244/242 550/550/542 110/110/110
f 550/550/542 111/111/111 110/110/110
f 704/704/691 715/715/701 714/714/700
f 715/715/701 704/704/691 724/724/688
f 1801/1801/1706 776/776/760 208/208/208
f 191/191/191 192/192/192 699/699/687
f 869/869/849 21/21/21 415/415/411
f 415/415/411 306/306/303 869/869/849
f 685/685/673 223/223/221 1396/1396/1348
f 1396/1396/1348 237/237/235 685/685/673
f 778/778/762 209/209/209 208/208/208
f 778/778/762 919/919/897 209/209/209
f 612/612/601 1965/1965/1835 636/636/625
f 929/929/907 1393/1393/1346 931/931/625
f 1593/1593/1526 1931/1931/1813 570/570/560
f 1931/1931/1813 490/490/484 570/570/560
f 967/967/941 966/966/940 1864/1864/963
f 1000/1000/974 1617/1617/1544 989/989/963
f 1228/1228/1197 582/582/572 581/581/571
f 2073/2073/1924 1579/1579/1516 283/283/280
f 736/736/720 311/311/308 312/312/309
f 312/312/309 1477/1477/1420 736/736/720
f 1799/1799/1704 55/55/55 1226/1226/1195
f 1799/1799/1704 56/56/56 55/55/55
f 1557/1557/1496 1559/1559/1497 1565/1565/1503
f 1559/1559/1497 1966/1966/1836 1565/1565/1503
f 2074/2074/1925 1404/1404/1355 1403/1403/1354
f 2074/2074/1925 1414/1414/1364 1404/1404/1355
f 226/226/224 1227/1227/1196 1459/1459/1247
f 248/248/224 1282/1282/1247 249/249/246
f 1991/1991/1795 1905/1905/1793 1894/1894/1784
f 1904/1904/1792 1907/1907/1795 1903/1903/1791
f 405/405/401 407/407/403 632/632/621
f 632/632/621 129/129/129 405/405/401
f 1396/1396/1348 202/202/202 237/237/235
f 203/203/203 202/202/202 1396/1396/1348
f 1574/1574/1511 1576/1576/1513 1575/1575/1512
f 1634/1634/1513 1940/1940/1819 2075/2075/1926
f 1570/1570/1508 1572/1572/1510 2076/2076/1504
f 2076/2076/1504 1527/1527/1466 1526/1526/1465
f 2059/2059/1911 1911/1911/1799 2061/2061/1913
f 1004/1004/978 1026/1026/999 2062/2062/1913
f 1528/1528/1467 398/398/394 397/397/393
f 1528/1528/1467 42/42/42 398/398/394
f 1513/1513/1452 1976/1976/1846 1975/1975/1845
f 1513/1513/1452 1975/1975/1845 976/976/950
f 1822/1822/1726 1860/1860/1756 1843/1843/1743
f 1843/1843/1743 1860/1860/1756 1844/1844/1744
f 542/542/534 283/283/280 282/282/279
f 283/283/280 542/542/534 2073/2073/1924
f 528/528/520 530/530/522 529/529/521
f 2077/2077/850 530/530/522 532/532/524
f 1484/1484/1427 1481/1481/1424 1482/1482/1425
f 649/649/638 651/651/640 279/279/276
f 61/61/61 228/228/226 187/187/187
f 62/62/62 61/61/61 187/187/187
f 396/396/392 1200/1200/1169 1380/1380/1333
f 1197/1197/1166 1200/1200/1169 396/396/392
f 1572/1572/1510 1527/1527/1466 2076/2076/1504
f 1527/1527/1466 1572/1572/1510 1564/1564/1502
f 1135/1135/1107 1142/1142/1114 625/625/614
f 1135/1135/1107 1219/1219/1188 1142/1142/1114
f 469/469/464 468/468/463 2023/2023/1884
f 1681/1681/1602 1601/1601/1532 2078/2078/469
f 531/531/523 1416/1416/1366 1418/1418/1368
f 1087/1087/1059 1416/1416/1366 531/531/523
f 681/681/585 1439/1439/1386 679/679/668
f 679/679/668 1439/1439/1386 1626/1626/1553
f 993/993/967 52/52/52 1167/1167/1138
f 51/51/51 1167/1167/1138 52/52/52
f 527/527/519 1146/1146/1118 603/603/592
f 1248/1248/1215 527/527/519 603/603/592
f 1048/1048/1021 608/608/597 2026/2026/1886
f 1775/1775/1613 1048/1048/1021 2026/2026/1886
f 644/644/633 1953/1953/1828 2079/2079/1927
f 758/758/742 1202/1202/1171 2079/2079/1927
f 306/306/303 416/416/412 307/307/304
f 1168/1168/1139 307/307/304 416/416/412
f 1601/1601/1532 2080/2080/1928 2078/2078/469
f 475/475/469 424/424/420 1608/1608/90
f 1977/1977/1847 1778/1778/832 726/726/710
f 1977/1977/1847 1779/1779/1688 1778/1778/832
f 1446/1446/1393 1854/1854/1751 1866/1866/1761
f 1854/1854/1751 1446/1446/1393 1175/1175/1146
f 338/338/335 1823/1823/1727 1464/1464/1410
f 1464/1464/1410 2081/2081/1929 338/338/335
f 1592/1592/1525 385/385/381 159/159/159
f 630/630/619 159/159/159 161/161/161
f 1131/1131/1103 1283/1283/1248 567/567/557
f 1283/1283/1248 1131/1131/1103 1284/1284/1249
f 1238/1238/1205 1342/1342/1300 1344/1344/1302
f 535/535/527 1321/1321/1282 1342/1342/1300
f 495/495/489 1308/1308/1270 496/496/490
f 1308/1308/1270 1307/1307/1269 496/496/490
f 686/686/674 973/973/947 725/725/709
f 1165/1165/1136 725/725/709 973/973/947
f 1063/1063/1035 1308/1308/1270 1210/1210/1179
f 1210/1210/1179 1064/1064/1036 1063/1063/1035
f 533/533/525 535/535/527 1238/1238/1205
f 1238/1238/1205 535/535/527 1342/1342/1300
f 1150/1150/1122 846/846/827 1152/1152/1124
f 1487/1487/1124 1788/1788/1696 1031/1031/1004
f 1592/1592/1525 159/159/159 630/630/619
f 1452/1452/1399 1592/1592/1525 630/630/619
f 451/451/446 200/200/200 199/199/199
f 1332/1332/1290 200/200/200 451/451/446
f 84/84/84 648/648/637 1224/1224/1193
f 1224/1224/1193 85/85/85 84/84/84
f 543/543/535 1150/1150/1122 544/544/536
f 846/846/827 1150/1150/1122 211/211/211
f 1638/1638/1562 2082/2082/1930 795/795/779
f 795/795/779 2082/2082/1930 1624/1624/1551
f 1399/1399/1351 1132/1132/1104 1441/1441/1388
f 1399/1399/1351 1178/1178/1149 1132/1132/1104
f 2003/2003/1868 2083/2083/1931 1929/1929/1811
f 1929/1929/1811 2083/2083/1931 1010/1010/984
f 2081/2081/1929 1464/1464/1410 404/404/400
f 1316/1316/1278 2081/2081/1929 404/404/400
f 1796/1796/1702 2084/2084/1932 822/822/805
f 766/766/750 2084/2084/1932 1796/1796/1702
f 525/525/517 703/703/690 526/526/518
f 526/526/518 1738/1738/1654 1682/1682/1603
f 466/466/461 743/743/727 1010/1010/984
f 466/466/461 1010/1010/984 2083/2083/1931
f 1845/1845/1745 1834/1834/1736 1822/1822/1726
f 1845/1845/1745 1844/1844/1744 1834/1834/1736
f 1489/1489/1431 1776/1776/1686 1074/1074/1046
f 1081/1081/1053 1489/1489/1431 1074/1074/1046
f 149/149/149 913/913/891 147/147/147
f 913/913/891 149/149/149 328/328/325
f 763/763/747 762/762/746 1040/1040/1013
f 1838/1838/1740 763/763/747 1040/1040/1013
f 922/922/900 967/967/941 781/781/765
f 780/780/764 922/922/900 781/781/765
f 98/98/98 1713/1713/797 74/74/74
f 813/813/797 87/87/87 2085/2085/74
f 725/725/709 727/727/711 687/687/675
f 847/847/828 234/234/232 1583/1583/675
f 2045/2045/1901 2086/2086/1933 1910/1910/1798
f 1974/1974/1844 557/557/547 2045/2045/1901
f 1267/1267/1232 1268/1268/1233 246/246/244
f 245/245/243 1857/1857/1754 246/246/244
f 959/959/934 977/977/951 960/960/935
f 1494/1494/1436 960/960/935 977/977/951
f 775/775/759 783/783/767 2087/2087/1934
f 1437/1437/1385 2087/2087/1934 1852/1852/1749
f 396/396/392 1380/1380/1333 2004/2004/1869
f 1380/1380/1333 2006/2006/1870 2004/2004/1869
f 1230/1230/1199 1229/1229/1198 1194/1194/1163
f 1229/1229/1198 1384/1384/1337 1194/1194/1163
f 561/561/551 880/880/858 562/562/552
f 562/562/552 1680/1680/1601 1549/1549/1488
f 1450/1450/1397 538/538/530 398/398/394
f 962/962/396 538/538/530 1450/1450/1397
f 822/822/805 2084/2084/1932 818/818/801
f 766/766/750 818/818/801 2084/2084/1932
f 717/717/703 745/745/729 1392/1392/1345
f 1392/1392/1345 655/655/644 717/717/703
f 1586/1586/390 1225/1225/1194 393/393/389
f 393/393/389 1225/1225/1194 1224/1224/1193
f 2038/2038/1897 1998/1998/1864 328/328/325
f 152/152/152 1329/1329/1288 705/705/692
f 1786/1786/1694 355/355/352 1917/1917/1803
f 355/355/352 1786/1786/1694 335/335/332
f 2086/2086/1933 557/557/547 49/49/49
f 557/557/547 2086/2086/1933 2045/2045/1901
f 1693/1693/1614 1688/1688/1609 1765/1765/1677
f 1688/1688/1609 1693/1693/1614 1689/1689/1610
f 515/515/508 516/516/509 282/282/279
f 515/515/508 693/693/681 516/516/509
f 191/191/191 162/162/162 164/164/164
f 194/194/194 162/162/162 191/191/191
f 1532/1532/1471 1534/1534/1473 1511/1511/1450
f 1654/1654/1576 1653/1653/1575 1515/1515/1454
f 201/201/201 868/868/848 867/867/847
f 201/201/201 1276/1276/1241 868/868/848
f 1723/1723/1643 827/827/809 829/829/811
f 2088/2088/1935 901/901/879 900/900/878
f 1686/1686/1607 697/697/685 131/131/131
f 1686/1686/1607 131/131/131 1406/1406/1357
f 2088/2088/1935 807/807/791 901/901/879
f 901/901/879 807/807/791 902/902/880
f 657/657/646 1078/1078/1050 983/983/957
f 1078/1078/1050 984/984/958 983/983/957
f 2089/2089/1936 1272/1272/1237 2090/2090/23
f 2089/2089/1936 1368/1368/1322 1272/1272/1237
f 1246/1246/1213 1612/1612/1540 1244/1244/1211
f 1246/1246/1213 1594/1594/1214 1612/1612/1540
f 915/915/893 1563/1563/1501 796/796/780
f 915/915/893 796/796/780 795/795/779
f 965/965/939 1260/1260/1227 2091/2091/1226
f 1260/1260/1227 1297/1297/1262 2091/2091/1226
f 1277/1277/1242 1331/1331/1289 1332/1332/1290
f 1331/1331/1289 200/200/200 1332/1332/1290
f 1363/1363/1318 1408/1408/1358 1389/1389/1342
f 1343/1343/1301 1408/1408/1358 1363/1363/1318
f 865/865/845 1668/1668/1590 482/482/476
f 865/865/845 1669/1669/1591 1668/1668/1590
f 146/146/146 145/145/145 152/152/152
f 145/145/145 1157/1157/1129 949/949/924
f 1648/1648/1570 1722/1722/1642 1105/1105/1077
f 1648/1648/1570 1092/1092/1064 1649/1649/1571
f 914/914/892 1291/1291/1256 1902/1902/1790
f 1290/1290/1255 1291/1291/1256 914/914/892
f 1988/1988/1856 1506/1506/1446 1505/1505/1445
f 1506/1506/1446 1096/1096/1068 1505/1505/1445
f 336/336/333 292/292/289 1823/1823/1727
f 292/292/289 336/336/333 293/293/290
f 46/46/46 616/616/605 89/89/89
f 46/46/46 89/89/89 91/91/91
f 1566/1566/1504 2092/2092/1937 1557/1557/1496
f 1557/1557/1496 1520/1520/1459 1519/1519/1458
f 528/528/520 1087/1087/1059 530/530/522
f 12/12/12 1087/1087/1059 528/528/520
f 1502/1502/916 860/860/841 891/891/869
f 2093/2093/914 1502/1502/916 891/891/869
f 1201/1201/1170 1290/1290/1255 646/646/635
f 645/645/634 1201/1201/1170 646/646/635
f 420/420/416 2094/2094/1767 1375/1375/1328
f 1375/1375/1328 496/496/490 420/420/416
f 81/81/81 204/204/204 33/33/33
f 33/33/33 204/204/204 34/34/34
f 1544/1544/1483 1488/1488/1430 643/643/632
f 643/643/632 1488/1488/1430 1051/1051/1023
f 572/572/562 549/549/541 573/573/563
f 1666/1666/1588 1870/1870/1764 1110/1110/1082
f 69/69/69 1240/1240/1207 70/70/70
f 69/69/69 492/492/486 1240/1240/1207
f 185/185/185 1261/1261/1228 2095/2095/663
f 369/369/365 1585/1585/1521 1584/1584/1520
f 2096/2096/1938 47/47/47 26/26/26
f 25/25/25 2096/2096/1938 26/26/26
f 71/71/71 491/491/485 69/69/69
f 71/71/71 493/493/487 491/491/485
f 1375/1375/1328 2094/2094/1767 1887/1887/1778
f 1873/1873/1767 1872/1872/1766 2097/2097/1939
f 1392/1392/1345 702/702/689 1391/1391/1344
f 702/702/689 701/701/517 1391/1391/1344
f 2001/2001/1867 645/645/634 1895/1895/1785
f 1201/1201/1170 645/645/634 2001/2001/1867
f 1518/1518/1457 1520/1520/1459 2092/2092/1937
f 1520/1520/1459 1557/1557/1496 2092/2092/1937
f 716/716/702 723/723/708 1630/1630/1556
f 1983/1983/1853 1985/1985/1854 1086/1086/1058
f 1827/1827/1731 1815/1815/1720 1813/1813/1718
f 1825/1825/1729 1810/1810/1715 1802/1802/1707
f 1981/1981/1851 1889/1889/1780 1867/1867/1757
f 1868/1868/1762 1861/1861/1757 1767/1767/1679
f 1749/1749/1665 1700/1700/1621 1699/1699/1620
f 801/801/785 1700/1700/1621 1749/1749/1665
f 579/579/569 1744/1744/1660 1746/1746/1662
f 579/579/569 578/578/568 1744/1744/1660
f 1128/1128/1100 121/121/121 120/120/120
f 1128/1128/1100 120/120/120 1632/1632/1558
f 1729/1729/1648 300/300/297 188/188/188
f 442/442/438 1729/1729/1648 188/188/188
f 220/220/218 219/219/217 1190/1190/1159
f 220/220/218 1190/1190/1159 104/104/104
f 99/99/99 1478/1478/1421 227/227/225
f 99/99/99 73/73/73 1478/1478/1421
f 569/569/559 1593/1593/1526 570/570/560
f 569/569/559 1285/1285/1250 1593/1593/1526
f 1837/1837/1739 1824/1824/1728 1835/1835/1737
f 1824/1824/1728 1837/1837/1739 2056/2056/1909
f 118/118/118 1632/1632/1558 120/120/120
f 117/117/117 1632/1632/1558 118/118/118
f 1162/1162/1134 1164/1164/380 2086/2086/1933
f 48/48/48 1163/1163/1135 1162/1162/1134
f 1863/1863/1759 1756/1756/1669 1758/1758/1671
f 1890/1890/1781 1758/1758/1671 1867/1867/1757
f 1735/1735/1652 1539/1539/1478 1538/1538/1477
f 1538/1538/1477 912/912/890 1735/1735/1652
f 2098/2098/1940 229/229/227 228/228/226
f 2098/2098/1940 228/228/226 60/60/60
f 1015/1015/989 16/16/16 1522/1522/1461
f 1015/1015/989 1522/1522/1461 1013/1013/987
f 1805/1805/1710 1661/1661/1583 1703/1703/1624
f 1805/1805/1710 1807/1807/1712 1661/1661/1583
f 2099/2099/1941 1533/1533/1472 1532/1532/1471
f 1514/1514/1453 1495/1495/1437 1530/1530/1469
f 330/330/327 1156/1156/1128 381/381/377
f 498/498/492 381/381/377 1156/1156/1128
f 367/367/363 304/304/301 303/303/300
f 130/130/130 304/304/301 367/367/363
f 48/48/48 2086/2086/1933 49/49/49
f 1162/1162/1134 2086/2086/1933 48/48/48
f 1130/1130/1102 2100/2100/1942 568/568/558
f 568/568/558 567/567/557 1130/1130/1102
f 1591/1591/1524 1962/1962/1500 1964/1964/1834
f 1591/1591/1524 1964/1964/1834 2034/2034/1893
f 1163/1163/1135 50/50/50 1419/1419/1369
f 1163/1163/1135 48/48/48 50/50/50
f 578/578/568 644/644/633 2079/2079/1927
f 1202/1202/1171 578/578/568 2079/2079/1927
f 948/948/923 113/113/113 1993/1993/1860
f 1006/1006/980 114/114/114 113/113/113
f 1664/1664/1586 1043/1043/1016 1644/1644/1566
f 876/876/855 1660/1660/1582 1551/1551/1490
f 988/988/962 1882/1882/1189 987/987/961
f 988/988/962 2101/2101/1190 1882/1882/1189
f 143/143/143 1273/1273/1238 365/365/361
f 321/321/318 143/143/143 365/365/361
f 1697/1697/1618 1620/1620/1547 1625/1625/1552
f 1620/1620/1547 1697/1697/1618 1018/1018/992
f 2102/2102/1943 2103/2103/1944 1191/1191/1160
f 1191/1191/1160 1180/1180/1151 2102/2102/1943
f 1722/1722/1642 1648/1648/1570 1649/1649/1571
f 1649/1649/1571 1094/1094/1066 1722/1722/1642
f 1627/1627/1554 916/916/894 1628/1628/1552
f 1760/1760/1673 916/916/894 1627/1627/1554
f 1669/1669/1591 865/865/845 447/447/442
f 1381/1381/1334 1840/1840/442 1376/1376/1329
f 710/710/696 1417/1417/1367 711/711/697
f 710/710/696 1418/1418/1368 1417/1417/1367
f 421/421/417 1307/1307/1269 362/362/358
f 496/496/490 1307/1307/1269 421/421/417
f 1953/1953/1828 758/758/742 2079/2079/1927
f 580/580/570 758/758/742 1953/1953/1828
f 948/948/923 1006/1006/980 113/113/113
f 947/947/922 1006/1006/980 948/948/923
f 541/541/533 563/563/553 1019/1019/993
f 1019/1019/993 563/563/553 1017/1017/991
f 1553/1553/1492 1996/1996/1862 1554/1554/1493
f 2103/2103/1944 2102/2102/1943 2104/2104/1945
f 1847/1847/608 2017/2017/1172 1137/1137/1109
f 1847/1847/608 112/112/112 111/111/111
f 1827/1827/1731 1812/1812/1717 1815/1815/1720
f 1815/1815/1720 1812/1812/1717 1154/1154/1126
f 957/957/932 1909/1909/1797 975/975/949
f 1909/1909/1797 957/957/932 1005/1005/979
f 1247/1247/1214 2093/2093/914 891/891/869
f 1246/1246/1213 939/939/914 1594/1594/1214
f 2060/2060/1912 2069/2069/1920 2068/2068/1919
f 2105/2105/1917 2106/2106/1916 2107/2107/1946
f 1216/1216/1185 151/151/151 150/150/150
f 1216/1216/1185 1577/1577/1514 151/151/151
f 823/823/806 974/974/948 1195/1195/1164
f 974/974/948 686/686/674 1195/1195/1164
f 2108/2108/1947 1035/1035/1008 1034/1034/1007
f 41/41/41 1035/1035/1008 2108/2108/1947
f 1109/1109/1081 97/97/97 1871/1871/1765
f 549/549/541 1136/1136/1108 2109/2109/1948
f 1536/1536/1475 554/554/16 556/556/546
f 1535/1535/1474 1522/1522/1461 16/16/16
f 1881/1881/1521 185/185/185 2095/2095/663
f 185/185/185 1881/1881/1521 86/86/86
f 1937/1937/1817 1591/1591/1524 2034/2034/1893
f 1937/1937/1817 1408/1408/1358 1591/1591/1524
f 367/367/363 1273/1273/1238 130/130/130
f 1273/1273/1238 143/143/143 130/130/130
f 390/390/386 147/147/147 43/43/43
f 42/42/42 390/390/386 43/43/43
f 631/631/620 996/996/970 20/20/20
f 996/996/970 631/631/620 998/998/972
f 978/978/952 959/959/934 1154/1154/1126
f 978/978/952 977/977/951 959/959/934
f 764/764/748 726/726/710 1165/1165/1136
f 725/725/709 1165/1165/1136 726/726/710
f 1049/1049/1022 606/606/595 608/608/597
f 606/606/595 1049/1049/1022 609/609/598
f 1328/1328/1286 1327/1327/1287 2110/2110/1272
f 2110/2110/1272 1327/1327/1287 389/389/385
f 1456/1456/1403 1322/1322/1283 1457/1457/1404
f 790/790/774 1341/1341/1299 1322/1322/1283
f 1257/1257/1224 1664/1664/1586 1644/1644/1566
f 1246/1246/1213 1257/1257/1224 1644/1644/1566
f 660/660/649 615/615/604 955/955/930
f 955/955/930 415/415/411 660/660/649
f 1486/1486/1429 781/781/765 1623/1623/1550
f 843/843/824 918/918/896 844/844/825
f 2031/2031/1890 980/980/954 1296/1296/1261
f 2031/2031/1890 1296/1296/1261 971/971/945
f 1664/1664/1586 1257/1257/1224 2111/2111/1582
f 1662/1662/1584 1664/1664/1586 2111/2111/1582
f 2064/2064/1915 2066/2066/1917 2069/2069/1920
f 2107/2107/1946 2112/2112/1949 2105/2105/1917
f 1201/1201/1170 754/754/738 1290/1290/1255
f 754/754/738 753/753/737 1290/1290/1255
f 653/653/642 1738/1738/1654 654/654/643
f 704/704/691 654/654/643 703/703/690
f 209/209/209 919/919/897 1000/1000/974
f 919/919/897 1617/1617/1544 1000/1000/974
f 1501/1501/1442 877/877/856 889/889/867
f 1501/1501/1442 889/889/867 891/891/869
f 1793/1793/1700 1359/1359/1315 486/486/480
f 486/486/480 509/509/502 1793/1793/1700
f 565/565/555 285/285/282 287/287/284
f 1645/1645/1567 565/565/555 581/581/571
f 918/918/896 777/777/761 844/844/825
f 776/776/760 844/844/825 777/777/761
f 1242/1242/1209 173/173/173 9/9/9
f 7/7/7 9/9/9 173/173/173
f 1512/1512/1451 1003/1003/977 1002/1002/976
f 1512/1512/1451 1002/1002/976 1510/1510/1449
f 1133/1133/1105 514/514/507 1213/1213/1182
f 512/512/505 514/514/507 1133/1133/1105
f 316/316/313 315/315/312 388/388/384
f 1149/1149/1121 505/505/499 1147/1147/1119
f 606/606/595 610/610/599 457/457/452
f 1134/1134/1106 457/457/452 610/610/599
f 369/369/365 672/672/661 370/370/366
f 370/370/366 672/672/661 190/190/190
f 668/668/657 659/659/648 2113/2113/1441
f 2113/2113/1441 309/309/306 668/668/657
f 1964/1964/1834 1963/1963/1499 2114/2114/1815
f 1560/1560/1498 1935/1935/1815 1561/1561/1499
f 1583/1583/675 234/234/232 236/236/234
f 864/864/844 449/449/444 199/199/199
f 926/926/904 1328/1328/1286 2100/2100/1942
f 1130/1130/1102 926/926/904 2100/2100/1942
f 1068/1068/1040 1047/1047/1020 1217/1217/1186
f 2032/2032/1891 1219/1219/1188 1067/1067/1039
f 239/239/237 238/238/236 37/37/37
f 37/37/37 238/238/236 38/38/38
f 1740/1740/1656 1675/1675/1596 2044/2044/1659
f 2044/2044/1659 1675/1675/1596 1733/1733/1650
f 623/623/612 1267/1267/1232 1857/1857/1754
f 1271/1271/1236 709/709/695 295/295/292
f 617/617/606 2024/2024/1885 262/262/259
f 263/263/260 262/262/259 2024/2024/1885
f 2083/2083/1931 2003/2003/1868 898/898/876
f 466/466/461 2083/2083/1931 1930/1930/1812
f 477/477/471 596/596/586 478/478/472
f 595/595/585 596/596/586 1204/1204/1173
f 1358/1358/1314 1708/1708/1629 2115/2115/1950
f 2055/2055/1908 1994/1994/1629 1709/1709/1630
f 1492/1492/1434 2011/2011/1874 1493/1493/1435
f 1839/1839/1091 1493/1493/1435 2011/2011/1874
f 2055/2055/1908 1355/1355/1311 1995/1995/1861
f 2115/2115/1950 1264/1264/1231 1263/1263/1230
f 832/832/814 757/757/741 1960/1960/1832
f 832/832/814 1202/1202/1171 757/757/741
f 63/63/63 563/563/553 274/274/271
f 64/64/64 63/63/63 274/274/271
f 1546/1546/1485 163/163/163 193/193/193
f 1547/1547/1486 163/163/163 1546/1546/1485
f 477/477/471 1027/1027/1000 1204/1204/1173
f 596/596/586 477/477/471 1204/1204/1173
f 515/515/508 67/67/67 1125/1125/1097
f 1125/1125/1097 67/67/67 1124/1124/1096
f 1738/1738/1654 526/526/518 703/703/690
f 654/654/643 1738/1738/1654 703/703/690
f 1800/1800/1705 1922/1922/1486 1187/1187/1156
f 164/164/164 163/163/163 1547/1547/1486
f 650/650/639 1830/1830/1207 692/692/680
f 650/650/639 692/692/680 651/651/640
f 517/517/510 540/540/532 282/282/279
f 282/282/279 540/540/532 542/542/534
f 698/698/686 1298/1298/1263 191/191/191
f 191/191/191 1298/1298/1263 194/194/194
f 263/263/260 87/87/87 813/813/797
f 263/263/260 2024/2024/1885 87/87/87
f 177/177/177 176/176/176 175/175/175
f 67/67/67 66/66/66 1124/1124/1096
f 350/350/347 316/316/313 387/387/383
f 388/388/384 387/387/383 316/316/313
f 1336/1336/1294 1987/1987/1354 1337/1337/1295
f 1415/1415/1365 1987/1987/1354 1336/1336/1294
f 406/406/402 128/128/128 1959/1959/1831
f 406/406/402 1959/1959/1831 820/820/803
f 2096/2096/1938 45/45/45 47/47/47
f 218/218/216 1276/1276/1241 200/200/200
f 730/730/714 1724/1724/1644 733/733/717
f 1724/1724/1644 734/734/718 733/733/717
f 2039/2039/1527 1247/1247/1214 890/890/868
f 1597/1597/1529 2039/2039/1527 890/890/868
f 1360/1360/1316 538/538/530 962/962/396
f 537/537/529 400/400/396 402/402/398
f 1784/1784/1692 1100/1100/1072 734/734/718
f 1784/1784/1692 734/734/718 751/751/735
f 1760/1760/1673 1944/1944/1822 1772/1772/1684
f 1773/1773/918 1772/1772/1684 1944/1944/1822
f 748/748/732 1095/1095/1067 1630/1630/1556
f 747/747/731 1095/1095/1067 748/748/732
f 563/563/553 63/63/63 1017/1017/991
f 1791/1791/1698 1370/1370/63 564/564/554
f 298/298/295 297/297/294 866/866/846
f 297/297/294 867/867/847 866/866/846
f 374/374/370 1114/1114/1086 35/35/35
f 35/35/35 1114/1114/1086 377/377/373
f 1911/1911/1799 1028/1028/1001 1059/1059/1031
f 1028/1028/1001 1911/1911/1799 2059/2059/1911
f 1086/1086/1058 1985/1985/1854 1232/1232/1201
f 1232/1232/1201 713/713/699 1086/1086/1058
f 1429/1429/1377 826/826/808 717/717/703
f 655/655/644 1429/1429/1377 717/717/703
f 1358/1358/1314 2115/2115/1950 1263/1263/1230
f 1263/1263/1230 1356/1356/1312 1358/1358/1314
f 194/194/194 1298/1298/1263 780/780/764
f 194/194/194 780/780/764 779/779/763
f 35/35/35 377/377/373 82/82/82
f 377/377/373 605/605/594 82/82/82
f 375/375/371 392/392/388 376/376/372
f 648/648/637 690/690/678 392/392/388
f 673/673/662 372/372/368 790/790/774
f 372/372/368 673/673/662 373/373/369
f 2116/2116/1951 45/45/45 2096/2096/1938
f 2016/2016/1879 45/45/45 2116/2116/1951
f 1168/1168/1139 667/667/656 358/358/355
f 1542/1542/1481 1168/1168/1139 358/358/355
f 289/289/286 1752/1752/1667 257/257/254
f 288/288/285 1752/1752/1667 289/289/286
f 1231/1231/1200 1984/1984/1545 1605/1605/1534
f 1984/1984/1545 1231/1231/1200 1232/1232/1201
f 1776/1776/1686 2046/2046/1902 1074/1074/1046
f 1678/1678/1599 1777/1777/1687 984/984/958
f 30/30/30 235/235/233 403/403/399
f 235/235/233 30/30/30 670/670/659
f 1529/1529/1468 397/397/393 506/506/500
f 1528/1528/1467 397/397/393 1529/1529/1468
f 310/310/307 1117/1117/1089 1111/1111/1083
f 354/354/351 1346/1346/1303 1917/1917/1803
f 997/997/971 141/141/141 995/995/969
f 997/997/971 633/633/622 141/141/141
f 1334/1334/1292 1104/1104/1076 1335/1335/1293
f 1334/1334/1292 1105/1105/1077 1104/1104/1076
f 1993/1993/1860 113/113/113 115/115/115
f 1993/1993/1860 115/115/115 362/362/358
f 990/990/964 2101/2101/1190 988/988/962
f 1865/1865/1760 1222/1222/1191 1221/1221/1190
f 2106/2106/1916 2063/2063/1914 2062/2062/1913
f 2106/2106/1916 2062/2062/1913 2117/2117/1952
f 1654/1654/1576 1515/1515/1454 1531/1531/1470
f 1531/1531/1470 1515/1515/1454 1514/1514/1453
f 474/474/468 1770/1770/1682 961/961/936
f 961/961/936 1770/1770/1682 154/154/154
f 1444/1444/1391 1686/1686/1607 1406/1406/1357
f 1444/1444/1391 1406/1406/1357 552/552/544
f 1204/1204/1173 1027/1027/1000 1205/1205/1174
f 1027/1027/1000 1026/1026/999 1205/1205/1174
f 786/786/770 1212/1212/1181 785/785/769
f 785/785/769 1212/1212/1181 514/514/507
f 740/740/724 1588/1588/1522 1920/1920/1802
f 740/740/724 1724/1724/1644 1588/1588/1522
f 1819/1819/1723 1805/1805/1710 2118/2118/1574
f 2118/2118/1574 2119/2119/1733 1819/1819/1723
f 1088/1088/1060 1119/1119/1091 1038/1038/1011
f 1088/1088/1060 2007/2007/1871 1089/1089/1061
f 1880/1880/1774 2120/2120/1953 1868/1868/1762
f 2120/2120/1953 1861/1861/1757 1868/1868/1762
f 1038/1038/1011 1037/1037/1010 2007/2007/1871
f 1038/1038/1011 2007/2007/1871 1088/1088/1060
f 543/543/535 211/211/211 1150/1150/1122
f 212/212/212 211/211/211 543/543/535
f 1077/1077/1049 2043/2043/1649 1761/1761/1674
f 1761/1761/1674 2043/2043/1649 2042/2042/1900
f 1321/1321/1282 1343/1343/1301 1342/1342/1300
f 1715/1715/1635 1343/1343/1301 1321/1321/1282
f 409/409/405 158/158/158 2006/2006/1870
f 2006/2006/1870 158/158/158 797/797/781
f 58/58/58 1948/1948/1516 59/59/59
f 59/59/59 1948/1948/1516 345/345/342
f 1974/1974/1844 1215/1215/1184 558/558/548
f 1974/1974/1844 558/558/548 557/557/547
f 187/187/187 186/186/186 62/62/62
f 88/88/88 62/62/62 186/186/186
f 2007/2007/1871 787/787/771 1089/1089/1061
f 787/787/771 785/785/769 1089/1089/1061
f 826/826/808 1721/1721/1641 1233/1233/1202
f 1721/1721/1641 826/826/808 1429/1429/1377
f 1768/1768/1680 103/103/103 455/455/450
f 1769/1769/1681 471/471/450 470/470/465
f 249/249/246 246/246/244 1269/1269/1234
f 249/249/246 1269/1269/1234 250/250/247
f 211/211/211 1401/1401/1353 845/845/826
f 412/412/408 1647/1647/1569 664/664/653
f 999/999/973 266/266/263 256/256/253
f 257/257/254 256/256/253 266/266/263
f 1663/1663/1585 1818/1818/1712 1651/1651/1573
f 1818/1818/1712 1663/1663/1585 1662/1662/1584
f 888/888/866 1970/1970/1840 886/886/864
f 1970/1970/1840 811/811/795 886/886/864
f 1785/1785/1693 597/597/587 465/465/460
f 837/837/819 839/839/820 1789/1789/1693
f 63/63/63 1352/1352/1309 1017/1017/991
f 1018/1018/992 1017/1017/991 1352/1352/1309
f 1918/1918/1804 1700/1700/1621 800/800/784
f 1516/1516/1455 1041/1041/1014 2121/2121/784
f 2029/2029/1888 1158/1158/1130 970/970/944
f 950/950/925 1158/1158/1130 2029/2029/1888
f 979/979/953 1603/1603/1533 1739/1739/1655
f 1082/1082/1054 116/116/116 118/118/118
f 1127/1127/1099 840/840/821 837/837/819
f 895/895/873 1127/1127/1099 837/837/819
f 530/530/522 2077/2077/850 529/529/521
f 1470/1470/521 870/870/850 417/417/413
f 794/794/778 828/828/810 1960/1960/1832
f 757/757/741 794/794/778 1960/1960/1832
f 713/713/699 654/654/643 714/714/700
f 704/704/691 714/714/700 654/654/643
f 1449/1449/1396 31/31/31 1464/1464/1410
f 1449/1449/1396 29/29/29 31/31/31
f 145/145/145 949/949/924 152/152/152
f 951/951/926 152/152/152 949/949/924
f 1532/1532/1471 1511/1511/1450 2122/2122/1954
f 2099/2099/1941 1532/1532/1471 2122/2122/1954
f 1211/1211/1180 1711/1711/1632 1717/1717/1637
f 1252/1252/1219 1711/1711/1632 1211/1211/1180
f 138/138/138 343/343/340 2071/2071/1922
f 136/136/136 138/138/138 2071/2071/1922
f 456/456/451 103/103/103 102/102/102
f 103/103/103 456/456/451 455/455/450
f 284/284/281 1580/1580/1517 1166/1166/1137
f 284/284/281 283/283/280 1580/1580/1517
f 1160/1160/1132 1185/1185/1154 1188/1188/1157
f 1185/1185/1154 547/547/539 1188/1188/1157
f 1811/1811/1716 1908/1908/1796 1002/1002/976
f 1811/1811/1716 1909/1909/1797 1908/1908/1796
f 352/352/349 351/351/348 1107/1107/1079
f 1107/1107/1079 1108/1108/1080 352/352/349
f 1454/1454/1401 1011/1011/985 1698/1698/1619
f 1023/1023/997 1640/1640/1564 1453/1453/1400
f 1280/1280/1245 1279/1279/1244 1504/1504/1444
f 1504/1504/1444 1279/1279/1244 2049/2049/1904
f 1039/1039/1012 761/761/745 1377/1377/1330
f 1039/1039/1012 1377/1377/1330 1040/1040/1013
f 1779/1779/1688 1797/1797/1703 1780/1780/1689
f 1797/1797/1703 1779/1779/1688 766/766/750
f 1996/1996/1862 853/853/834 1554/1554/1493
f 1554/1554/1493 853/853/834 871/871/851
f 1312/1312/1274 1314/1314/1276 2123/2123/1955
f 1314/1314/1276 1691/1691/1612 2123/2123/1955
f 344/344/341 57/57/57 59/59/59
f 1214/1214/1183 57/57/57 344/344/341
f 1687/1687/1608 428/428/424 1412/1412/1362
f 1412/1412/1362 428/428/424 1413/1413/1363
f 1507/1507/1447 490/490/484 537/537/529
f 1507/1507/1447 488/488/482 490/490/484
f 527/527/519 1145/1145/1117 1146/1146/1118
f 1348/1348/1305 1350/1350/1307 1349/1349/1306
f 498/498/492 1311/1311/1273 1979/1979/1849
f 1311/1311/1273 1932/1932/998 1979/1979/1849
f 1866/1866/1761 2124/2124/1956 1445/1445/1392
f 2124/2124/1956 1521/1521/1460 1445/1445/1392
f 1241/1241/1208 1851/1851/1748 1239/1239/1206
f 13/13/13 1851/1851/1748 340/340/337
f 410/410/406 1198/1198/1167 6/6/6
f 1199/1199/1168 1198/1198/1167 410/410/406
f 1186/1186/1155 1196/1196/1165 776/776/760
f 1185/1185/1154 1196/1196/1165 1186/1186/1155
f 341/341/338 340/340/337 1241/1241/1208
f 1241/1241/1208 340/340/337 1851/1851/1748
f 246/246/244 1857/1857/1754 1267/1267/1232
f 295/295/292 1783/1783/1691 1271/1271/1236
f 143/143/143 320/320/317 128/128/128
f 128/128/128 320/320/317 1959/1959/1831
f 1203/1203/1172 619/619/608 1139/1139/1111
f 619/619/608 62/62/62 1139/1139/1111
f 319/319/316 821/821/804 1959/1959/1831
f 1959/1959/1831 320/320/317 319/319/316
f 1598/1598/1530 1754/1754/1212 2125/2125/1957
f 1598/1598/1530 2125/2125/1957 1613/1613/1541
f 677/677/666 1306/1306/1268 91/91/91
f 1306/1306/1268 677/677/666 24/24/24
f 1435/1435/1383 873/873/852 871/871/851
f 871/871/851 1541/1541/1480 1435/1435/1383
f 2051/2051/1905 1710/1710/1631 1720/1720/1640
f 1719/1719/1639 1707/1707/1628 1357/1357/1313
f 910/910/888 1539/1539/1478 954/954/929
f 1539/1539/1478 1735/1735/1652 954/954/929
f 892/892/870 1235/1235/1204 874/874/853
f 874/874/853 1235/1235/1204 875/875/854
f 1041/1041/1014 1919/1919/1804 2121/2121/784
f 1696/1696/1617 1919/1919/1804 1041/1041/1014
f 672/672/661 671/671/660 534/534/526
f 1456/1456/1403 1411/1411/1361 2126/2126/1958
f 1261/1261/1228 2127/2127/369 2095/2095/663
f 2127/2127/369 1261/1261/1228 332/332/329
f 1757/1757/1670 1763/1763/1676 1859/1859/1678
f 1758/1758/1671 1757/1757/1670 1859/1859/1678
f 870/870/850 833/833/815 417/417/413
f 417/417/413 833/833/815 418/418/414
f 2128/2128/1959 1468/1468/1414 1474/1474/1408
f 1055/1055/1027 1468/1468/1414 2128/2128/1959
f 644/644/633 1792/1792/1699 1953/1953/1828
f 644/644/633 1874/1874/1768 1792/1792/1699
f 347/347/344 352/352/349 427/427/423
f 347/347/344 427/427/423 348/348/345
f 321/321/318 1696/1696/1617 810/810/794
f 1696/1696/1617 1041/1041/1014 810/810/794
f 1024/1024/986 1684/1684/1605 1022/1022/996
f 1056/1056/1028 1684/1684/1605 1053/1053/1025
f 135/135/135 882/882/860 169/169/169
f 882/882/860 168/168/168 169/169/169
f 545/545/537 1160/1160/1132 1159/1159/1131
f 543/543/535 545/545/537 1159/1159/1131
f 594/594/584 1494/1494/1436 592/592/582
f 592/592/582 1494/1494/1436 1975/1975/1845
f 2083/2083/1931 898/898/876 1930/1930/1812
f 898/898/876 897/897/875 1930/1930/1812
f 992/992/966 1940/1940/1819 1634/1634/1513
f 991/991/965 1940/1940/1819 992/992/966
f 446/446/441 679/679/668 1626/1626/1553
f 1029/1029/1002 446/446/441 1626/1626/1553
f 751/751/735 739/739/723 741/741/725
f 734/734/718 739/739/723 751/751/735
f 1940/1940/1819 1942/1942/1821 2075/2075/1926
f 676/676/665 1925/1925/1807 2129/2129/1960
f 292/292/289 294/294/291 29/29/29
f 294/294/291 205/205/205 29/29/29
f 233/233/231 232/232/230 254/254/251
f 254/254/251 232/232/230 243/243/241
f 932/932/909 334/334/331 634/634/623
f 932/932/909 634/634/623 1968/1968/1838
f 1180/1180/1151 1184/1184/835 2102/2102/1943
f 2102/2102/1943 1184/1184/835 2104/2104/1945
f 242/242/240 1433/1433/1381 255/255/252
f 242/242/240 255/255/252 254/254/251
f 1805/1805/1710 1703/1703/1624 2118/2118/1574
f 1703/1703/1624 1704/1704/1625 2118/2118/1574
f 1364/1364/1319 1952/1952/1827 1339/1339/1297
f 1364/1364/1319 2033/2033/1892 1952/1952/1827
f 479/479/473 499/499/493 476/476/470
f 476/476/470 499/499/493 477/477/471
f 1967/1967/1837 634/634/623 339/339/336
f 1969/1969/1839 1317/1317/336 36/36/36
f 1890/1890/1781 1888/1888/1779 1863/1863/1759
f 1890/1890/1781 1863/1863/1759 1758/1758/1671
f 1809/1809/1714 1001/1001/975 1802/1802/1707
f 1809/1809/1714 1808/1808/1713 1001/1001/975
f 1633/1633/1559 1913/1913/274 815/815/117
f 102/102/102 1633/1633/1559 815/815/117
f 2054/2054/1907 773/773/757 775/775/759
f 2087/2087/1934 2054/2054/1907 775/775/759
f 1335/1335/1293 2013/2013/1876 1333/1333/1291
f 1335/1335/1293 747/747/731 2013/2013/1876
f 547/547/539 1362/1362/1317 548/548/540
f 386/386/382 302/302/299 159/159/159
f 901/901/879 902/902/880 1303/1303/1265
f 902/902/880 753/753/737 1303/1303/1265
f 1003/1003/977 1803/1803/1708 1001/1001/975
f 1496/1496/1438 1537/1537/1476 2130/2130/1961
f 937/937/912 2131/2131/462 760/760/744
f 760/760/744 2131/2131/462 1601/1601/1532
f 2054/2054/1907 2087/2087/1934 1437/1437/1385
f 1436/1436/1384 2054/2054/1907 1437/1437/1385
f 1070/1070/1042 2021/2021/1882 1900/1900/1668
f 2021/2021/1882 1070/1070/1042 255/255/252
f 2106/2106/1916 2117/2117/1952 2107/2107/1946
f 2107/2107/1946 2117/2117/1952 2112/2112/1949
f 2085/2085/74 87/87/87 934/934/910
f 80/80/80 74/74/74 78/78/78
f 1577/1577/1514 1402/1402/713 210/210/210
f 2015/2015/1878 429/429/425 729/729/713
f 1341/1341/1299 1457/1457/1404 1322/1322/1283
f 1411/1411/1361 1457/1457/1404 1341/1341/1299
f 1354/1354/1310 1439/1439/1386 682/682/670
f 1354/1354/1310 1626/1626/1553 1439/1439/1386
f 917/917/895 1774/1774/1685 945/945/920
f 945/945/920 1563/1563/1501 915/915/893
f 2/2/2 1535/1535/1474 1924/1924/1806
f 1924/1924/1806 3/3/3 2/2/2
f 657/657/646 983/983/957 484/484/478
f 657/657/646 484/484/478 655/655/644
f 1545/1545/1484 497/497/491 134/134/134
f 497/497/491 986/986/960 134/134/134
f 729/729/713 431/431/427 662/662/651
f 662/662/651 431/431/427 426/426/422
f 581/581/571 287/287/284 1228/1228/1197
f 565/565/555 287/287/284 581/581/571
f 586/586/576 588/588/578 1366/1366/1321
f 1366/1366/1321 154/154/154 586/586/576
f 270/270/267 232/232/230 231/231/229
f 231/231/229 291/291/288 270/270/267
f 696/696/684 40/40/40 906/906/884
f 441/441/437 40/40/40 696/696/684
f 583/583/573 588/588/578 584/584/574
f 584/584/574 588/588/578 586/586/576
f 1902/1902/1790 942/942/917 944/944/919
f 1774/1774/1685 1563/1563/1501 945/945/920
f 1044/1044/1017 893/893/871 940/940/915
f 939/939/914 1044/1044/1017 940/940/915
f 1540/1540/1479 855/855/836 1671/1671/1593
f 1540/1540/1479 1671/1671/1593 770/770/754
f 1127/1127/1099 1129/1129/1101 840/840/821
f 1129/1129/1101 1451/1451/1398 840/840/821
f 275/275/272 563/563/553 1914/1914/1801
f 275/275/272 1914/1914/1801 693/693/681
f 1227/1227/1196 1799/1799/1704 1460/1460/1406
f 56/56/56 1799/1799/1704 1227/1227/1196
f 324/324/321 317/317/314 44/44/44
f 44/44/44 913/913/891 324/324/321
f 1819/1819/1723 2119/2119/1733 1828/1828/1732
f 1899/1899/1788 1829/1829/1733 1817/1817/1722
f 1986/1986/1855 268/268/265 291/291/288
f 1986/1986/1855 291/291/288 1367/1367/287
f 1243/1243/1210 368/368/364 177/177/177
f 79/79/79 368/368/364 1243/1243/1210
f 944/944/919 1620/1620/1547 1619/1619/1546
f 1902/1902/1790 944/944/919 1619/1619/1546
f 828/828/810 2132/2132/1962 831/831/813
f 2132/2132/1962 1301/1301/737 831/831/813
f 231/231/229 233/233/231 1294/1294/1259
f 1294/1294/1259 233/233/231 1070/1070/1042
f 11/11/11 14/14/14 995/995/969
f 14/14/14 11/11/11 10/10/10
f 2133/2133/1963 2091/2091/1226 1297/1297/1262
f 698/698/686 1297/1297/1262 1298/1298/1263
f 75/75/75 77/77/77 1748/1748/1664
f 1730/1730/227 75/75/75 1748/1748/1664
f 1990/1990/1858 1999/1999/1865 1905/1905/1793
f 1876/1876/1770 2134/2134/1865 2000/2000/1866
f 2040/2040/1898 970/970/944 969/969/943
f 980/980/954 2040/2040/1898 969/969/943
f 2000/2000/1866 1906/1906/1794 1904/1904/1792
f 2134/2134/1865 1906/1906/1794 2000/2000/1866
f 333/333/330 301/301/298 1173/1173/1144
f 1173/1173/1144 301/301/298 230/230/228
f 1945/1945/1788 1828/1828/1732 2119/2119/1733
f 1820/1820/1724 1828/1828/1732 1945/1945/1788
f 2133/2133/1963 698/698/686 699/699/687
f 2133/2133/1963 1297/1297/1262 698/698/686
f 1253/1253/1220 1655/1655/1577 1254/1254/1221
f 1656/1656/1578 1254/1254/1221 1655/1655/1577
f 1173/1173/1144 331/331/328 333/333/330
f 331/331/328 330/330/327 333/333/330
f 1056/1056/1028 1055/1055/1027 1639/1639/1563
f 1056/1056/1028 1022/1022/996 1684/1684/1605
f 859/859/840 574/574/564 878/878/842
f 574/574/564 859/859/840 575/575/565
f 999/999/973 168/168/168 882/882/860
f 168/168/168 999/999/973 165/165/165
f 1023/1023/997 1057/1057/1029 1639/1639/1563
f 1022/1022/996 1057/1057/1029 1023/1023/997
f 1294/1294/1259 1292/1292/1257 291/291/288
f 1294/1294/1259 1070/1070/1042 1292/1292/1257
f 1157/1157/1129 1737/1737/1653 968/968/942
f 1927/1927/1809 1736/1736/1477 1737/1737/1653
f 1467/1467/1413 1471/1471/1416 1475/1475/1418
f 1471/1471/1416 2008/2008/1872 1475/1475/1418
f 1431/1431/1379 576/576/566 575/575/565
f 861/861/566 1432/1432/1380 1234/1234/1203
f 1968/1968/1838 930/930/908 932/932/909
f 357/357/354 1542/1542/1481 358/358/355
f 767/767/751 728/728/712 234/234/232
f 2135/2135/751 822/822/805 824/824/712
f 986/986/960 1971/1971/1841 134/134/134
f 1971/1971/1841 986/986/960 884/884/862
f 145/145/145 1927/1927/1809 1157/1157/1129
f 1157/1157/1129 1927/1927/1809 1737/1737/1653
f 1680/1680/1601 562/562/552 880/880/858
f 560/560/550 1680/1680/1601 880/880/858
f 799/799/783 1007/1007/981 1425/1425/1374
f 1424/1424/1373 799/799/783 1425/1425/1374
f 1926/1926/1808 145/145/145 706/706/693
f 1926/1926/1808 706/706/693 2036/2036/1895
f 1751/1751/982 812/812/796 1455/1455/1402
f 1455/1455/1402 812/812/796 802/802/786
f 195/195/195 194/194/194 779/779/763
f 1485/1485/1428 195/195/195 779/779/763
f 2090/2090/23 1270/1270/1235 1498/1498/648
f 1270/1270/1235 2090/2090/23 1272/1272/1237
f 1465/1465/1411 1461/1461/1407 1071/1071/1043
f 2009/2009/1872 1461/1461/1407 1465/1465/1411
f 1045/1045/1018 889/889/867 1550/1550/1489
f 1045/1045/1018 1550/1550/1489 1754/1754/1212
f 663/663/652 1687/1687/1608 1412/1412/1362
f 663/663/652 662/662/651 1687/1687/1608
f 1473/1473/1417 2008/2008/1872 1471/1471/1416
f 1102/1102/1074 1101/1101/1073 2136/2136/1417
f 453/453/448 314/314/311 316/316/313
f 314/314/311 453/453/448 1549/1549/1488
f 1136/1136/1108 112/112/112 1137/1137/1109
f 1847/1847/608 1137/1137/1109 112/112/112
f 689/689/677 376/376/372 690/690/678
f 690/690/678 376/376/372 392/392/388
f 1101/1101/1073 1461/1461/1407 2009/2009/1872
f 1101/1101/1073 2009/2009/1872 2136/2136/1417
f 481/481/475 480/480/474 1694/1694/1615
f 1694/1694/1615 434/434/430 481/481/475
f 2137/2137/1964 2138/2138/1965 2139/2139/1966
f 2140/2140/1967 2141/2141/1968 2142/2142/1969
f 2143/2143/1970 2144/2144/1971 2145/2145/1972
f 2146/2146/1973 2147/2147/1974 2148/2148/1975
f 2149/2149/1976 2150/2150/1977 2151/2151/1978
f 2152/2152/1979 2153/2153/1980 2154/2154/1981
f 2155/2155/1982 2156/2156/1983 2157/2157/1984
f 2158/2158/1985 2159/2159/1986 2160/2160/1987
f 2161/2161/1988 2162/2162/1989 2163/2163/1990
f 2164/2164/1991 2140/2140/1967 2142/2142/1969
f 2165/2165/1992 2166/2166/1993 2167/2167/1994
f 2156/2156/1983 2168/2168/1995 2157/2157/1984
f 2169/2169/1996 2170/2170/1997 2171/2171/1998
f 2172/2172/1999 2173/2173/2000 2174/2174/2001
f 2175/2175/2002 2176/2176/2003 2177/2177/2004
f 2178/2178/2005 2166/2166/1993 2165/2165/1992
f 2179/2179/2006 2168/2168/1995 2156/2156/1983
f 2180/2180/2007 2166/2166/1993 2178/2178/2005
f 2181/2181/2008 2178/2178/2005 2182/2182/2002
f 2183/2183/2009 2184/2184/2010 2185/2185/2011
f 2186/2186/2012 2187/2187/2013 2188/2188/2014
f 2179/2179/2006 2189/2189/2015 2190/2190/2016
f 2191/2191/2017 2192/2192/2018 2193/2193/2019
f 2194/2194/2020 2195/2195/2021 2196/2196/2022
f 2197/2197/2023 2198/2198/2024 2199/2199/2025
f 2179/2179/2006 2156/2156/1983 2189/2189/2015
f 2200/2200/2026 2201/2201/2027 2202/2202/2028
f 2203/2203/2029 2204/2204/2030 2205/2205/2031
f 2206/2206/2032 2207/2207/2033 2208/2208/2034
f 2209/2209/2035 2158/2158/1985 2210/2210/2034
f 2211/2211/2036 2212/2212/2027 2213/2213/2026
f 2205/2205/2031 2204/2204/2030 2214/2214/2037
f 2139/2139/1966 2138/2138/1965 2215/2215/2038
f 2216/2216/2039 2217/2217/2040 2218/2218/2041
f 2219/2219/2042 2220/2220/2043 2151/2151/1978
f 2221/2221/2044 2222/2222/2045 2215/2215/2038
f 2223/2223/2046 2180/2180/2007 2178/2178/2005
f 2224/2224/2047 2223/2223/2046 2192/2192/2018
f 2225/2225/2048 2152/2152/1979 2154/2154/1981
f 2226/2226/2049 2163/2163/1990 2227/2227/2050
f 2213/2213/2026 2228/2228/2051 2229/2229/2052
f 2230/2230/2053 2200/2200/2026 2202/2202/2028
f 2231/2231/2054 2140/2140/1967 2164/2164/1991
f 2232/2232/2055 2233/2233/2056 2234/2234/2057
f 2235/2235/2058 2236/2236/2037 2237/2237/2059
f 2179/2179/2006 2190/2190/2016 2238/2238/2060
f 2148/2148/1975 2239/2239/2061 2146/2146/1973
f 2240/2240/2062 2241/2241/1976 2242/2242/2063
f 2243/2243/2064 2168/2168/1995 2179/2179/2006
f 2244/2244/2065 2179/2179/2006 2238/2238/2060
f 2210/2210/2034 2158/2158/1985 2160/2160/1987
f 2152/2152/1979 2139/2139/1966 2153/2153/1980
f 2245/2245/2066 2246/2246/2067 2244/2244/2065
f 2247/2247/2068 2248/2248/2069 2249/2249/2070
f 2250/2250/2001 2251/2251/2071 2226/2226/2049
f 2252/2252/2072 2253/2253/2073 2254/2254/2074
f 2187/2187/2013 2186/2186/2012 2255/2255/2075
f 2256/2256/2076 2257/2257/2077 2248/2248/2069
f 2258/2258/2078 2216/2216/2039 2218/2218/2041
f 2259/2259/2079 2260/2260/2080 2258/2258/2078
f 2261/2261/2081 2262/2262/2082 2263/2263/2083
f 2264/2264/2084 2265/2265/2085 2234/2234/2057
f 2247/2247/2068 2266/2266/2086 2267/2267/2087
f 2268/2268/2088 2269/2269/2089 2270/2270/2090
f 2170/2170/1997 2166/2166/1993 2171/2171/1998
f 2271/2271/2091 2272/2272/2092 2273/2273/2093
f 2274/2274/2094 2275/2275/2095 2276/2276/2096
f 2277/2277/2097 2278/2278/2098 2279/2279/2099
f 2280/2280/2100 2256/2256/2076 2281/2281/2101
f 2282/2282/2102 2283/2283/2103 2284/2284/2104
f 2285/2285/2105 2286/2286/2106 2287/2287/2107
f 2162/2162/1989 2288/2288/2108 2163/2163/1990
f 2223/2223/2046 2289/2289/2109 2180/2180/2007
f 2290/2290/2110 2211/2211/2036 2291/2291/2111
f 2292/2292/2112 2293/2293/2113 2294/2294/2114
f 2270/2270/2090 2295/2295/2115 2268/2268/2088
f 2296/2296/2116 2297/2297/2117 2298/2298/2118
f 2175/2175/2002 2299/2299/2119 2176/2176/2003
f 2282/2282/2102 2300/2300/2120 2301/2301/2121
f 2302/2302/2122 2303/2303/2123 2304/2304/2124
f 2171/2171/1998 2166/2166/1993 2180/2180/2007
f 2180/2180/2007 2289/2289/2109 2171/2171/1998
f 2256/2256/2076 2247/2247/2068 2267/2267/2087
f 2248/2248/2069 2247/2247/2068 2256/2256/2076
f 2285/2285/2105 2277/2277/2097 2286/2286/2106
f 2262/2262/2082 2305/2305/2125 2306/2306/2126
f 2307/2307/2127 2308/2308/2128 2309/2309/2129
f 2310/2310/2130 2311/2311/2131 2144/2144/1971
f 2265/2265/2085 2232/2232/2055 2234/2234/2057
f 2305/2305/2125 2262/2262/2082 2312/2312/2132
f 2191/2191/2017 2224/2224/2047 2192/2192/2018
f 2157/2157/1984 2168/2168/1995 2313/2313/2133
f 2314/2314/2134 2137/2137/1964 2139/2139/1966
f 2152/2152/1979 2315/2315/2135 2316/2316/2136
f 2317/2317/2137 2318/2318/2138 2319/2319/2139
f 2320/2320/2140 2317/2317/2137 2319/2319/2139
f 2211/2211/2036 2321/2321/2141 2212/2212/2027
f 2186/2186/2012 2194/2194/2020 2255/2255/2075
f 2322/2322/2142 2323/2323/2143 2324/2324/2144
f 2325/2325/2145 2326/2326/2146 2327/2327/2147
f 2328/2328/2148 2141/2141/1968 2329/2329/2149
f 2140/2140/1967 2329/2329/2149 2141/2141/1968
f 2188/2188/2014 2330/2330/2150 2331/2331/2151
f 2331/2331/2151 2186/2186/2012 2188/2188/2014
f 2332/2332/2152 2178/2178/2005 2181/2181/2008
f 2333/2333/2153 2334/2334/2154 2335/2335/2155
f 2142/2142/1969 2272/2272/2092 2172/2172/1999
f 2170/2170/1997 2272/2272/2092 2271/2271/2091
f 2244/2244/2065 2336/2336/2156 2337/2337/2157
f 2338/2338/2158 2339/2339/2159 2340/2340/2160
f 2341/2341/2161 2342/2342/2162 2343/2343/2163
f 2279/2279/2099 2278/2278/2098 2161/2161/1988
f 2344/2344/2164 2191/2191/2017 2193/2193/2019
f 2345/2345/2153 2346/2346/2165 2332/2332/2152
f 2347/2347/2166 2321/2321/2141 2348/2348/2167
f 2349/2349/2168 2350/2350/2169 2351/2351/2170
f 2225/2225/2048 2343/2343/2163 2152/2152/1979
f 2315/2315/2135 2152/2152/1979 2343/2343/2163
f 2189/2189/2015 2199/2199/2025 2198/2198/2024
f 2171/2171/1998 2203/2203/2029 2169/2169/1996
f 2283/2283/2103 2282/2282/2102 2301/2301/2121
f 2256/2256/2076 2352/2352/2171 2353/2353/2172
f 2344/2344/2164 2354/2354/2173 2355/2355/2174
f 2356/2356/2175 2335/2335/2155 2334/2334/2154
f 2233/2233/2056 2357/2357/2054 2358/2358/2176
f 2359/2359/2177 2225/2225/2048 2154/2154/1981
f 2289/2289/2109 2211/2211/2036 2290/2290/2110
f 2211/2211/2036 2289/2289/2109 2321/2321/2141
f 2360/2360/2178 2361/2361/2179 2362/2362/2180
f 2193/2193/2019 2346/2346/2165 2363/2363/2181
f 2352/2352/2171 2364/2364/2182 2353/2353/2172
f 2365/2365/2183 2366/2366/2184 2284/2284/2104
f 2359/2359/2177 2367/2367/2185 2368/2368/2186
f 2369/2369/2187 2150/2150/1977 2149/2149/1976
f 2273/2273/2093 2141/2141/1968 2328/2328/2148
f 2370/2370/2093 2137/2137/1964 2314/2314/2134
f 2355/2355/2174 2354/2354/2173 2371/2371/2188
f 2355/2355/2174 2372/2372/2189 2224/2224/2047
f 2159/2159/1986 2370/2370/2093 2373/2373/2190
f 2167/2167/1994 2271/2271/2091 2273/2273/2093
f 2226/2226/2049 2227/2227/2050 2234/2234/2057
f 2234/2234/2057 2233/2233/2056 2358/2358/2176
f 2374/2374/2191 2375/2375/2192 2376/2376/2193
f 2345/2345/2153 2377/2377/2194 2346/2346/2165
f 2363/2363/2181 2378/2378/2195 2193/2193/2019
f 2379/2379/2196 2375/2375/2192 2374/2374/2191
f 2380/2380/2197 2146/2146/1973 2381/2381/2198
f 2219/2219/2042 2151/2151/1978 2222/2222/2045
f 2360/2360/2178 2382/2382/2199 2376/2376/2193
f 2383/2383/2200 2384/2384/2201 2385/2385/2202
f 2386/2386/2203 2387/2387/2204 2388/2388/2205
f 2269/2269/2089 2389/2389/2206 2390/2390/2207
f 2215/2215/2038 2222/2222/2045 2151/2151/1978
f 2215/2215/2038 2151/2151/1978 2150/2150/1977
f 2161/2161/1988 2163/2163/1990 2251/2251/2071
f 2163/2163/1990 2226/2226/2049 2251/2251/2071
f 2391/2391/2208 2392/2392/2209 2379/2379/2196
f 2393/2393/2210 2394/2394/2211 2395/2395/2178
f 2396/2396/2212 2229/2229/2052 2228/2228/2051
f 2397/2397/2213 2237/2237/2059 2398/2398/2212
f 2399/2399/2214 2262/2262/2082 2261/2261/2081
f 2312/2312/2132 2262/2262/2082 2400/2400/2215
f 2148/2148/1975 2147/2147/1974 2260/2260/2080
f 2216/2216/2039 2380/2380/2197 2217/2217/2040
f 2175/2175/2002 2158/2158/1985 2209/2209/2035
f 2178/2178/2005 2165/2165/1992 2182/2182/2002
f 2250/2250/2001 2226/2226/2049 2401/2401/2216
f 2142/2142/1969 2172/2172/1999 2174/2174/2001
f 2213/2213/2026 2402/2402/2217 2228/2228/2051
f 2403/2403/2213 2396/2396/2212 2404/2404/2218
f 2381/2381/2198 2146/2146/1973 2405/2405/2219
f 2405/2405/2219 2146/2146/1973 2239/2239/2061
f 2406/2406/2220 2158/2158/1985 2175/2175/2002
f 2406/2406/2220 2159/2159/1986 2158/2158/1985
f 2365/2365/2183 2284/2284/2104 2407/2407/2221
f 2353/2353/2172 2364/2364/2182 2408/2408/2222
f 2409/2409/2223 2410/2410/2224 2306/2306/2126
f 2262/2262/2082 2306/2306/2126 2263/2263/2083
f 2411/2411/2078 2412/2412/2225 2413/2413/2226
f 2414/2414/2227 2415/2415/2228 2416/2416/2229
f 2255/2255/2075 2194/2194/2020 2196/2196/2022
f 2386/2386/2203 2417/2417/2230 2387/2387/2204
f 2288/2288/2108 2227/2227/2050 2163/2163/1990
f 2274/2274/2094 2418/2418/2231 2264/2264/2084
f 2419/2419/2232 2420/2420/2233 2421/2421/2234
f 2422/2422/2235 2423/2423/2236 2267/2267/2087
f 2204/2204/2030 2203/2203/2029 2171/2171/1998
f 2204/2204/2030 2290/2290/2110 2291/2291/2111
f 2424/2424/2237 2151/2151/1978 2220/2220/2043
f 2425/2425/2238 2426/2426/2239 2317/2317/2137
f 2270/2270/2090 2269/2269/2089 2390/2390/2207
f 2304/2304/2124 2427/2427/2240 2302/2302/2122
f 2328/2328/2148 2428/2428/2241 2273/2273/2093
f 2310/2310/2130 2428/2428/2241 2311/2311/2131
f 2309/2309/2129 2308/2308/2128 2429/2429/2242
f 2414/2414/2227 2413/2413/2226 2412/2412/2225
f 2264/2264/2084 2418/2418/2231 2265/2265/2085
f 2305/2305/2125 2312/2312/2132 2430/2430/2243
f 2209/2209/2035 2210/2210/2034 2431/2431/2244
f 2298/2298/2118 2297/2297/2117 2299/2299/2119
f 2275/2275/2095 2274/2274/2094 2286/2286/2106
f 2432/2432/2245 2275/2275/2095 2286/2286/2106
f 2433/2433/2246 2434/2434/2247 2435/2435/2248
f 2422/2422/2235 2436/2436/2249 2419/2419/2232
f 2160/2160/1987 2342/2342/2162 2210/2210/2034
f 2316/2316/2136 2342/2342/2162 2373/2373/2190
f 2435/2435/2248 2437/2437/2250 2438/2438/2251
f 2439/2439/2252 2421/2421/2234 2420/2420/2233
f 2388/2388/2205 2387/2387/2204 2338/2338/2158
f 2388/2388/2205 2338/2338/2158 2440/2440/2253
f 2383/2383/2200 2393/2393/2210 2395/2395/2178
f 2441/2441/2254 2395/2395/2178 2442/2442/2180
f 2443/2443/2245 2409/2409/2223 2306/2306/2126
f 2306/2306/2126 2444/2444/2255 2443/2443/2245
f 2335/2335/2155 2356/2356/2175 2361/2361/2179
f 2445/2445/2256 2335/2335/2155 2361/2361/2179
f 2446/2446/2257 2447/2447/2258 2448/2448/2142
f 2449/2449/2259 2450/2450/2260 2275/2275/2095
f 2451/2451/2261 2313/2313/2133 2168/2168/1995
f 2451/2451/2261 2168/2168/1995 2243/2243/2064
f 2411/2411/2078 2452/2452/2262 2412/2412/2225
f 2218/2218/2041 2217/2217/2040 2453/2453/2228
f 2350/2350/2169 2235/2235/2058 2237/2237/2059
f 2454/2454/2263 2351/2351/2170 2350/2350/2169
f 2338/2338/2158 2269/2269/2089 2268/2268/2088
f 2268/2268/2088 2295/2295/2115 2338/2338/2158
f 2169/2169/1996 2173/2173/2000 2172/2172/1999
f 2455/2455/2264 2169/2169/1996 2203/2203/2029
f 2456/2456/2265 2444/2444/2255 2306/2306/2126
f 2324/2324/2144 2323/2323/2143 2456/2456/2265
f 2457/2457/2266 2257/2257/2077 2458/2458/2267
f 2457/2457/2266 2243/2243/2064 2179/2179/2006
f 2333/2333/2153 2176/2176/2003 2334/2334/2154
f 2299/2299/2119 2297/2297/2117 2176/2176/2003
f 2329/2329/2149 2140/2140/1967 2459/2459/2268
f 2140/2140/1967 2240/2240/2062 2242/2242/2063
f 2433/2433/2246 2435/2435/2248 2365/2365/2183
f 2438/2438/2251 2365/2365/2183 2435/2435/2248
f 2397/2397/2213 2460/2460/2269 2237/2237/2059
f 2202/2202/2028 2201/2201/2027 2454/2454/2263
f 2255/2255/2075 2196/2196/2022 2417/2417/2230
f 2461/2461/2230 2462/2462/2270 2457/2457/2266
f 2374/2374/2191 2376/2376/2193 2382/2382/2199
f 2392/2392/2209 2391/2391/2208 2463/2463/2271
f 2287/2287/2107 2264/2264/2084 2288/2288/2108
f 2285/2285/2105 2287/2287/2107 2288/2288/2108
f 2293/2293/2113 2280/2280/2100 2294/2294/2114
f 2294/2294/2114 2280/2280/2100 2464/2464/2272
f 2237/2237/2059 2465/2465/2273 2398/2398/2212
f 2466/2466/2273 2229/2229/2052 2396/2396/2212
f 2280/2280/2100 2293/2293/2113 2257/2257/2077
f 2257/2257/2077 2256/2256/2076 2280/2280/2100
f 2467/2467/2020 2348/2348/2167 2321/2321/2141
f 2289/2289/2109 2223/2223/2046 2321/2321/2141
f 2468/2468/2274 2292/2292/2112 2294/2294/2114
f 2303/2303/2123 2468/2468/2274 2294/2294/2114
f 2399/2399/2214 2343/2343/2163 2225/2225/2048
f 2225/2225/2048 2359/2359/2177 2400/2400/2215
f 2247/2247/2068 2249/2249/2070 2244/2244/2065
f 2337/2337/2157 2247/2247/2068 2244/2244/2065
f 2270/2270/2090 2469/2469/2275 2295/2295/2115
f 2270/2270/2090 2470/2470/2276 2471/2471/2277
f 2384/2384/2201 2472/2472/2278 2473/2473/2256
f 2472/2472/2278 2384/2384/2201 2383/2383/2200
f 2429/2429/2242 2308/2308/2128 2221/2221/2044
f 2429/2429/2242 2221/2221/2044 2215/2215/2038
f 2474/2474/2279 2230/2230/2053 2460/2460/2269
f 2475/2475/2280 2476/2476/2281 2404/2404/2218
f 2477/2477/2172 2478/2478/2282 2283/2283/2103
f 2479/2479/2283 2480/2480/2252 2433/2433/2246
f 2481/2481/2284 2203/2203/2029 2205/2205/2031
f 2481/2481/2284 2455/2455/2264 2203/2203/2029
f 2383/2383/2200 2395/2395/2178 2441/2441/2254
f 2441/2441/2254 2363/2363/2181 2482/2482/2285
f 2144/2144/1971 2328/2328/2148 2320/2320/2140
f 2319/2319/2139 2144/2144/1971 2320/2320/2140
f 2483/2483/2286 2444/2444/2255 2323/2323/2143
f 2323/2323/2143 2444/2444/2255 2456/2456/2265
f 2292/2292/2112 2468/2468/2274 2484/2484/2287
f 2471/2471/2277 2470/2470/2276 2485/2485/2240
f 2436/2436/2249 2486/2486/2250 2420/2420/2233
f 2420/2420/2233 2419/2419/2232 2436/2436/2249
f 2252/2252/2072 2254/2254/2074 2197/2197/2023
f 2155/2155/1982 2207/2207/2033 2206/2206/2032
f 2361/2361/2179 2356/2356/2175 2362/2362/2180
f 2356/2356/2175 2334/2334/2154 2183/2183/2009
f 2487/2487/2284 2235/2235/2058 2488/2488/2150
f 2235/2235/2058 2350/2350/2169 2488/2488/2150
f 2370/2370/2093 2314/2314/2134 2373/2373/2190
f 2314/2314/2134 2139/2139/1966 2373/2373/2190
f 2217/2217/2040 2380/2380/2197 2381/2381/2198
f 2414/2414/2227 2416/2416/2229 2489/2489/2288
f 2490/2490/2289 2491/2491/2290 2404/2404/2218
f 2492/2492/2291 2493/2493/2292 2474/2474/2279
f 2362/2362/2180 2356/2356/2175 2494/2494/2293
f 2441/2441/2254 2442/2442/2180 2495/2495/2293
f 2266/2266/2086 2247/2247/2068 2337/2337/2157
f 2339/2339/2159 2496/2496/2294 2340/2340/2160
f 2166/2166/1993 2271/2271/2091 2167/2167/1994
f 2166/2166/1993 2170/2170/1997 2271/2271/2091
f 2285/2285/2105 2278/2278/2098 2277/2277/2097
f 2285/2285/2105 2288/2288/2108 2162/2162/1989
f 2143/2143/1970 2497/2497/2295 2144/2144/1971
f 2307/2307/2127 2498/2498/2296 2413/2413/2226
f 2499/2499/2292 2500/2500/2297 2491/2491/2290
f 2501/2501/2298 2502/2502/2281 2503/2503/2280
f 2261/2261/2081 2263/2263/2083 2504/2504/2299
f 2341/2341/2161 2343/2343/2163 2504/2504/2299
f 2483/2483/2286 2443/2443/2245 2444/2444/2255
f 2275/2275/2095 2432/2432/2245 2505/2505/2300
f 2470/2470/2276 2390/2390/2207 2506/2506/2301
f 2270/2270/2090 2390/2390/2207 2470/2470/2276
f 2489/2489/2288 2416/2416/2229 2507/2507/2198
f 2508/2508/2219 2489/2489/2288 2507/2507/2198
f 2498/2498/2296 2411/2411/2078 2413/2413/2226
f 2509/2509/2302 2259/2259/2079 2258/2258/2078
f 2510/2510/2303 2475/2475/2280 2404/2404/2218
f 2510/2510/2303 2511/2511/2304 2475/2475/2280
f 2512/2512/2305 2253/2253/2073 2252/2252/2072
f 2206/2206/2032 2208/2208/2034 2512/2512/2305
f 2286/2286/2106 2277/2277/2097 2513/2513/2306
f 2410/2410/2224 2263/2263/2083 2306/2306/2126
f 2155/2155/1982 2252/2252/2072 2197/2197/2023
f 2155/2155/1982 2197/2197/2023 2199/2199/2025
f 2514/2514/2307 2484/2484/2287 2427/2427/2240
f 2427/2427/2240 2484/2484/2287 2468/2468/2274
f 2139/2139/1966 2215/2215/2038 2153/2153/1980
f 2153/2153/1980 2215/2215/2038 2150/2150/1977
f 2327/2327/2147 2515/2515/2308 2325/2325/2145
f 2450/2450/2260 2448/2448/2142 2447/2447/2258
f 2490/2490/2289 2228/2228/2051 2402/2402/2217
f 2474/2474/2279 2493/2493/2292 2230/2230/2053
f 2516/2516/2309 2517/2517/2310 2518/2518/2311
f 2519/2519/2312 2516/2516/2309 2518/2518/2311
f 2490/2490/2289 2404/2404/2218 2228/2228/2051
f 2228/2228/2051 2404/2404/2218 2396/2396/2212
f 2458/2458/2267 2461/2461/2230 2457/2457/2266
f 2269/2269/2089 2417/2417/2230 2520/2520/2267
f 2153/2153/1980 2150/2150/1977 2154/2154/1981
f 2369/2369/2187 2367/2367/2185 2150/2150/1977
f 2277/2277/2097 2521/2521/2313 2513/2513/2306
f 2279/2279/2099 2521/2521/2313 2277/2277/2097
f 2522/2522/2314 2391/2391/2208 2374/2374/2191
f 2391/2391/2208 2379/2379/2196 2374/2374/2191
f 2371/2371/2188 2354/2354/2173 2523/2523/2315
f 2356/2356/2175 2183/2183/2009 2524/2524/2316
f 2525/2525/2317 2323/2323/2143 2322/2322/2142
f 2323/2323/2143 2526/2526/2318 2483/2483/2286
f 2423/2423/2236 2364/2364/2182 2352/2352/2171
f 2408/2408/2222 2364/2364/2182 2423/2423/2236
f 2276/2276/2096 2447/2447/2258 2446/2446/2257
f 2274/2274/2094 2276/2276/2096 2418/2418/2231
f 2527/2527/2319 2366/2366/2184 2528/2528/2320
f 2496/2496/2294 2282/2282/2102 2527/2527/2319
f 2148/2148/1975 2260/2260/2080 2259/2259/2079
f 2144/2144/1971 2319/2319/2139 2145/2145/1972
f 2441/2441/2254 2378/2378/2195 2363/2363/2181
f 2378/2378/2195 2441/2441/2254 2495/2495/2293
f 2313/2313/2133 2529/2529/2321 2157/2157/1984
f 2207/2207/2033 2155/2155/1982 2157/2157/1984
f 2338/2338/2158 2387/2387/2204 2269/2269/2089
f 2387/2387/2204 2417/2417/2230 2269/2269/2089
f 2276/2276/2096 2446/2446/2257 2418/2418/2231
f 2456/2456/2265 2430/2430/2243 2324/2324/2144
f 2321/2321/2141 2347/2347/2166 2212/2212/2027
f 2201/2201/2027 2351/2351/2170 2454/2454/2263
f 2216/2216/2039 2258/2258/2078 2260/2260/2080
f 2260/2260/2080 2380/2380/2197 2216/2216/2039
f 2170/2170/1997 2172/2172/1999 2272/2272/2092
f 2172/2172/1999 2170/2170/1997 2169/2169/1996
f 2529/2529/2321 2207/2207/2033 2157/2157/1984
f 2298/2298/2118 2299/2299/2119 2431/2431/2244
f 2249/2249/2070 2179/2179/2006 2244/2244/2065
f 2249/2249/2070 2457/2457/2266 2179/2179/2006
f 2334/2334/2154 2176/2176/2003 2297/2297/2117
f 2183/2183/2009 2334/2334/2154 2184/2184/2010
f 2283/2283/2103 2301/2301/2121 2477/2477/2172
f 2281/2281/2101 2256/2256/2076 2353/2353/2172
f 2231/2231/2054 2240/2240/2062 2140/2140/1967
f 2367/2367/2185 2369/2369/2187 2368/2368/2186
f 2512/2512/2305 2252/2252/2072 2206/2206/2032
f 2155/2155/1982 2206/2206/2032 2252/2252/2072
f 2320/2320/2140 2459/2459/2268 2317/2317/2137
f 2140/2140/1967 2242/2242/2063 2459/2459/2268
f 2171/2171/1998 2289/2289/2109 2290/2290/2110
f 2204/2204/2030 2171/2171/1998 2290/2290/2110
f 2460/2460/2269 2397/2397/2213 2474/2474/2279
f 2501/2501/2298 2474/2474/2279 2502/2502/2281
f 2447/2447/2258 2276/2276/2096 2275/2275/2095
f 2447/2447/2258 2275/2275/2095 2450/2450/2260
f 2284/2284/2104 2283/2283/2103 2407/2407/2221
f 2283/2283/2103 2478/2478/2282 2433/2433/2246
f 2156/2156/1983 2155/2155/1982 2199/2199/2025
f 2156/2156/1983 2199/2199/2025 2189/2189/2015
f 2269/2269/2089 2520/2520/2267 2389/2389/2206
f 2293/2293/2113 2458/2458/2267 2257/2257/2077
f 2530/2530/2322 2428/2428/2241 2310/2310/2130
f 2497/2497/2295 2531/2531/2323 2530/2530/2322
f 2532/2532/2324 2291/2291/2111 2211/2211/2036
f 2237/2237/2059 2236/2236/2037 2533/2533/2324
f 2467/2467/2020 2223/2223/2046 2224/2224/2047
f 2321/2321/2141 2223/2223/2046 2467/2467/2020
f 2310/2310/2130 2497/2497/2295 2530/2530/2322
f 2497/2497/2295 2310/2310/2130 2144/2144/1971
f 2528/2528/2320 2496/2496/2294 2527/2527/2319
f 2340/2340/2160 2496/2496/2294 2528/2528/2320
f 2399/2399/2214 2225/2225/2048 2400/2400/2215
f 2262/2262/2082 2399/2399/2214 2400/2400/2215
f 2332/2332/2152 2193/2193/2019 2178/2178/2005
f 2346/2346/2165 2193/2193/2019 2332/2332/2152
f 2385/2385/2202 2534/2534/2325 2393/2393/2210
f 2385/2385/2202 2393/2393/2210 2383/2383/2200
f 2535/2535/2326 2317/2317/2137 2459/2459/2268
f 2241/2241/1976 2317/2317/2137 2535/2535/2326
f 2194/2194/2020 2186/2186/2012 2536/2536/2168
f 2186/2186/2012 2331/2331/2151 2536/2536/2168
f 2167/2167/1994 2273/2273/2093 2537/2537/2327
f 2165/2165/1992 2167/2167/1994 2537/2537/2327
f 2469/2469/2275 2471/2471/2277 2485/2485/2240
f 2471/2471/2277 2469/2469/2275 2270/2270/2090
f 2308/2308/2128 2413/2413/2226 2414/2414/2227
f 2308/2308/2128 2307/2307/2127 2413/2413/2226
f 2343/2343/2163 2342/2342/2162 2315/2315/2135
f 2316/2316/2136 2315/2315/2135 2342/2342/2162
f 2510/2510/2303 2500/2500/2297 2511/2511/2304
f 2492/2492/2291 2474/2474/2279 2501/2501/2298
f 2358/2358/2176 2357/2357/2054 2538/2538/1991
f 2226/2226/2049 2234/2234/2057 2358/2358/2176
f 2526/2526/2318 2539/2539/2328 2483/2483/2286
f 2449/2449/2259 2275/2275/2095 2505/2505/2300
f 2142/2142/1969 2141/2141/1968 2272/2272/2092
f 2272/2272/2092 2141/2141/1968 2273/2273/2093
f 2221/2221/2044 2308/2308/2128 2414/2414/2227
f 2221/2221/2044 2414/2414/2227 2222/2222/2045
f 2317/2317/2137 2426/2426/2239 2318/2318/2138
f 2405/2405/2219 2239/2239/2061 2540/2540/2239
f 2288/2288/2108 2264/2264/2084 2227/2227/2050
f 2264/2264/2084 2234/2234/2057 2227/2227/2050
f 2525/2525/2317 2526/2526/2318 2323/2323/2143
f 2539/2539/2328 2526/2526/2318 2525/2525/2317
f 2407/2407/2221 2283/2283/2103 2433/2433/2246
f 2433/2433/2246 2365/2365/2183 2407/2407/2221
f 2504/2504/2299 2343/2343/2163 2261/2261/2081
f 2343/2343/2163 2399/2399/2214 2261/2261/2081
f 2541/2541/2329 2542/2542/2330 2259/2259/2079
f 2541/2541/2329 2259/2259/2079 2509/2509/2302
f 2352/2352/2171 2256/2256/2076 2267/2267/2087
f 2423/2423/2236 2352/2352/2171 2267/2267/2087
f 2197/2197/2023 2254/2254/2074 2198/2198/2024
f 2173/2173/2000 2169/2169/1996 2455/2455/2264
f 2336/2336/2156 2244/2244/2065 2246/2246/2067
f 2187/2187/2013 2386/2386/2203 2388/2388/2205
f 2213/2213/2026 2229/2229/2052 2211/2211/2036
f 2211/2211/2036 2229/2229/2052 2466/2466/2273
f 2309/2309/2129 2429/2429/2242 2138/2138/1965
f 2138/2138/1965 2429/2429/2242 2215/2215/2038
f 2474/2474/2279 2397/2397/2213 2502/2502/2281
f 2404/2404/2218 2476/2476/2281 2403/2403/2213
f 2328/2328/2148 2329/2329/2149 2320/2320/2140
f 2329/2329/2149 2459/2459/2268 2320/2320/2140
f 2539/2539/2328 2525/2525/2317 2327/2327/2147
f 2327/2327/2147 2525/2525/2317 2515/2515/2308
f 2294/2294/2114 2464/2464/2272 2303/2303/2123
f 2338/2338/2158 2295/2295/2115 2339/2339/2159
f 2220/2220/2043 2219/2219/2042 2508/2508/2219
f 2508/2508/2219 2219/2219/2042 2489/2489/2288
f 2299/2299/2119 2175/2175/2002 2209/2209/2035
f 2299/2299/2119 2209/2209/2035 2431/2431/2244
f 2378/2378/2195 2354/2354/2173 2344/2344/2164
f 2344/2344/2164 2193/2193/2019 2378/2378/2195
f 2217/2217/2040 2381/2381/2198 2543/2543/2229
f 2217/2217/2040 2543/2543/2229 2453/2453/2228
f 2245/2245/2066 2244/2244/2065 2238/2238/2060
f 2245/2245/2066 2238/2238/2060 2190/2190/2016
f 2532/2532/2324 2214/2214/2037 2291/2291/2111
f 2291/2291/2111 2214/2214/2037 2204/2204/2030
f 2459/2459/2268 2242/2242/2063 2535/2535/2326
f 2241/2241/1976 2535/2535/2326 2242/2242/2063
f 2137/2137/1964 2370/2370/2093 2309/2309/2129
f 2138/2138/1965 2137/2137/1964 2309/2309/2129
f 2491/2491/2290 2490/2490/2289 2499/2499/2292
f 2490/2490/2289 2402/2402/2217 2499/2499/2292
f 2434/2434/2247 2437/2437/2250 2435/2435/2248
f 2433/2433/2246 2480/2480/2252 2434/2434/2247
f 2386/2386/2203 2255/2255/2075 2417/2417/2230
f 2386/2386/2203 2187/2187/2013 2255/2255/2075
f 2439/2439/2252 2420/2420/2233 2486/2486/2250
f 2544/2544/2247 2439/2439/2252 2486/2486/2250
f 2237/2237/2059 2202/2202/2028 2454/2454/2263
f 2454/2454/2263 2350/2350/2169 2237/2237/2059
f 2346/2346/2165 2377/2377/2194 2473/2473/2256
f 2473/2473/2256 2363/2363/2181 2346/2346/2165
f 2539/2539/2328 2327/2327/2147 2326/2326/2146
f 2519/2519/2312 2450/2450/2260 2449/2449/2259
f 2414/2414/2227 2412/2412/2225 2415/2415/2228
f 2452/2452/2262 2415/2415/2228 2412/2412/2225
f 2248/2248/2069 2257/2257/2077 2457/2457/2266
f 2249/2249/2070 2248/2248/2069 2457/2457/2266
f 2193/2193/2019 2192/2192/2018 2178/2178/2005
f 2192/2192/2018 2223/2223/2046 2178/2178/2005
f 2401/2401/2216 2226/2226/2049 2538/2538/1991
f 2226/2226/2049 2358/2358/2176 2538/2538/1991
f 2491/2491/2290 2510/2510/2303 2404/2404/2218
f 2491/2491/2290 2500/2500/2297 2510/2510/2303
f 2445/2445/2256 2545/2545/2331 2375/2375/2192
f 2384/2384/2201 2473/2473/2256 2546/2546/2192
f 2311/2311/2131 2328/2328/2148 2144/2144/1971
f 2311/2311/2131 2428/2428/2241 2328/2328/2148
f 2237/2237/2059 2460/2460/2269 2202/2202/2028
f 2230/2230/2053 2202/2202/2028 2460/2460/2269
f 2522/2522/2314 2463/2463/2271 2391/2391/2208
f 2463/2463/2271 2522/2522/2314 2547/2547/2332
f 2354/2354/2173 2378/2378/2195 2495/2495/2293
f 2524/2524/2316 2494/2494/2293 2356/2356/2175
f 2278/2278/2098 2285/2285/2105 2162/2162/1989
f 2162/2162/1989 2161/2161/1988 2278/2278/2098
f 2462/2462/2270 2451/2451/2261 2243/2243/2064
f 2457/2457/2266 2462/2462/2270 2243/2243/2064
f 2184/2184/2010 2297/2297/2117 2296/2296/2116
f 2297/2297/2117 2184/2184/2010 2334/2334/2154
f 2340/2340/2160 2528/2528/2320 2440/2440/2253
f 2440/2440/2253 2338/2338/2158 2340/2340/2160
f 2361/2361/2179 2545/2545/2331 2445/2445/2256
f 2376/2376/2193 2361/2361/2179 2360/2360/2178
f 2548/2548/2333 2400/2400/2215 2359/2359/2177
f 2548/2548/2333 2359/2359/2177 2368/2368/2186
f 2282/2282/2102 2339/2339/2159 2300/2300/2120
f 2339/2339/2159 2282/2282/2102 2496/2496/2294
f 2465/2465/2273 2237/2237/2059 2533/2533/2324
f 2466/2466/2273 2532/2532/2324 2211/2211/2036
f 2522/2522/2314 2374/2374/2191 2382/2382/2199
f 2547/2547/2332 2522/2522/2314 2382/2382/2199
f 2284/2284/2104 2527/2527/2319 2282/2282/2102
f 2527/2527/2319 2284/2284/2104 2366/2366/2184
f 2222/2222/2045 2489/2489/2288 2219/2219/2042
f 2414/2414/2227 2489/2489/2288 2222/2222/2045
f 2473/2473/2256 2472/2472/2278 2363/2363/2181
f 2482/2482/2285 2363/2363/2181 2472/2472/2278
f 2419/2419/2232 2421/2421/2234 2408/2408/2222
f 2479/2479/2283 2433/2433/2246 2478/2478/2282
f 2322/2322/2142 2515/2515/2308 2525/2525/2317
f 2518/2518/2311 2517/2517/2310 2448/2448/2142
f 2512/2512/2305 2208/2208/2034 2549/2549/2334
f 2341/2341/2161 2210/2210/2034 2342/2342/2162
f 2177/2177/2004 2176/2176/2003 2333/2333/2153
f 2345/2345/2153 2332/2332/2152 2181/2181/2008
f 2545/2545/2331 2376/2376/2193 2375/2375/2192
f 2545/2545/2331 2361/2361/2179 2376/2376/2193
f 2159/2159/1986 2373/2373/2190 2160/2160/1987
f 2160/2160/1987 2373/2373/2190 2342/2342/2162
f 2296/2296/2116 2185/2185/2011 2184/2184/2010
f 2355/2355/2174 2371/2371/2188 2372/2372/2189
f 2542/2542/2330 2239/2239/2061 2148/2148/1975
f 2542/2542/2330 2148/2148/1975 2259/2259/2079
f 2367/2367/2185 2154/2154/1981 2150/2150/1977
f 2154/2154/1981 2367/2367/2185 2359/2359/2177
f 2419/2419/2232 2408/2408/2222 2423/2423/2236
f 2419/2419/2232 2423/2423/2236 2422/2422/2235
f 2302/2302/2122 2427/2427/2240 2468/2468/2274
f 2302/2302/2122 2468/2468/2274 2303/2303/2123
f 2373/2373/2190 2139/2139/1966 2316/2316/2136
f 2316/2316/2136 2139/2139/1966 2152/2152/1979
f 2287/2287/2107 2274/2274/2094 2264/2264/2084
f 2286/2286/2106 2274/2274/2094 2287/2287/2107
f 2147/2147/1974 2380/2380/2197 2260/2260/2080
f 2146/2146/1973 2380/2380/2197 2147/2147/1974
f 2392/2392/2209 2463/2463/2271 2550/2550/2335
f 2551/2551/2336 2385/2385/2202 2384/2384/2201
f 2488/2488/2150 2350/2350/2169 2552/2552/2337
f 2349/2349/2168 2552/2552/2337 2350/2350/2169
f 2448/2448/2142 2450/2450/2260 2518/2518/2311
f 2518/2518/2311 2450/2450/2260 2519/2519/2312
f 2541/2541/2329 2509/2509/2302 2553/2553/2338
f 2531/2531/2323 2497/2497/2295 2143/2143/1970
f 2482/2482/2285 2383/2383/2200 2441/2441/2254
f 2472/2472/2278 2383/2383/2200 2482/2482/2285
f 2430/2430/2243 2456/2456/2265 2305/2305/2125
f 2305/2305/2125 2456/2456/2265 2306/2306/2126
f 2355/2355/2174 2191/2191/2017 2344/2344/2164
f 2191/2191/2017 2355/2355/2174 2224/2224/2047
f 2241/2241/1976 2425/2425/2238 2317/2317/2137
f 2151/2151/1978 2424/2424/2237 2149/2149/1976
f 2554/2137/2339 2555/2138/2340 2556/2139/2341
f 2557/2140/2342 2558/2141/2343 2559/2142/2344
f 2560/2143/2345 2561/2144/2346 2562/2145/2347
f 2563/2146/2348 2564/2147/2349 2565/2148/2350
f 2566/2149/2351 2567/2150/2352 2568/2151/2353
f 2569/2152/2354 2570/2153/2355 2571/2154/2356
f 2572/2155/2357 2573/2156/2358 2574/2157/2359
f 2575/2158/2360 2576/2159/2361 2577/2160/2362
f 2578/2161/2363 2579/2162/2364 2580/2163/2365
f 2581/2164/2366 2557/2140/2342 2559/2142/2344
f 2582/2165/2367 2583/2166/2368 2584/2167/2369
f 2573/2156/2358 2585/2168/2370 2574/2157/2359
f 2586/2169/2371 2587/2170/2372 2588/2171/2373
f 2589/2172/2374 2590/2173/2375 2591/2174/2376
f 2592/2175/2377 2593/2176/2378 2594/2177/2379
f 2595/2178/2380 2583/2166/2368 2582/2165/2367
f 2596/2179/2381 2585/2168/2370 2573/2156/2358
f 2597/2180/2382 2583/2166/2368 2595/2178/2380
f 2598/2181/2379 2595/2178/2380 2599/2182/2377
f 2600/2183/2383 2601/2184/2384 2602/2185/2385
f 2603/2186/2386 2604/2187/2387 2605/2188/2388
f 2596/2179/2381 2606/2189/2389 2607/2190/2390
f 2608/2191/2391 2609/2192/2392 2610/2193/2393
f 2611/2194/2394 2612/2195/2395 2613/2196/2396
f 2614/2197/2397 2615/2198/2398 2616/2199/2399
f 2596/2179/2381 2573/2156/2358 2606/2189/2389
f 2617/2200/2400 2618/2201/2401 2619/2202/2402
f 2620/2203/2403 2621/2204/2404 2622/2205/2405
f 2623/2206/2406 2624/2207/2407 2625/2208/2408
f 2626/2209/2409 2575/2158/2360 2627/2210/2410
f 2628/2211/2411 2629/2212/2412 2630/2213/2400
f 2622/2205/2405 2621/2204/2404 2631/2214/2413
f 2556/2139/2341 2555/2138/2340 2632/2215/2414
f 2633/2216/2415 2634/2217/2416 2635/2218/2417
f 2636/2219/2418 2637/2220/2419 2568/2151/2353
f 2638/2221/2420 2639/2222/2421 2632/2215/2414
f 2640/2223/2422 2597/2180/2382 2595/2178/2380
f 2641/2224/2423 2640/2223/2422 2609/2192/2392
f 2642/2225/2424 2569/2152/2354 2571/2154/2356
f 2643/2226/2425 2580/2163/2365 2644/2227/2426
f 2630/2213/2400 2645/2228/2427 2646/2229/2428
f 2647/2230/2429 2617/2200/2400 2619/2202/2402
f 2648/2231/2430 2557/2140/2342 2581/2164/2366
f 2649/2232/2431 2650/2233/2432 2651/2234/2433
f 2652/2235/2434 2653/2236/2435 2654/2237/2436
f 2596/2179/2381 2607/2190/2390 2655/2238/2437
f 2565/2148/2350 2656/2239/2438 2563/2146/2348
f 2657/2240/2439 2658/2241/2440 2659/2242/2441
f 2660/2243/2442 2585/2168/2370 2596/2179/2381
f 2661/2244/2443 2596/2179/2381 2655/2238/2437
f 2627/2210/2410 2575/2158/2360 2577/2160/2362
f 2569/2152/2354 2556/2139/2341 2570/2153/2355
f 2662/2245/2388 2663/2246/2387 2661/2244/2443
f 2664/2247/2444 2665/2248/2445 2666/2249/2446
f 2667/2250/2447 2668/2251/2448 2643/2226/2425
f 2669/2252/2449 2670/2253/2447 2671/2254/2450
f 2604/2187/2387 2603/2186/2386 2672/2255/2451
f 2673/2256/2452 2674/2257/2453 2665/2248/2445
f 2675/2258/2454 2633/2216/2415 2635/2218/2417
f 2676/2259/2455 2677/2260/2456 2675/2258/2454
f 2678/2261/2457 2679/2262/2458 2680/2263/2459
f 2681/2264/2460 2682/2265/2461 2651/2234/2433
f 2664/2247/2444 2683/2266/2462 2684/2267/2463
f 2685/2268/2464 2686/2269/2465 2687/2270/2466
f 2587/2170/2372 2583/2166/2368 2588/2171/2373
f 2688/2271/2467 2689/2272/2468 2690/2273/2469
f 2691/2274/2470 2692/2275/2471 2693/2276/2472
f 2694/2277/2473 2695/2278/2474 2696/2279/2475
f 2697/2280/2476 2673/2256/2452 2698/2281/2477
f 2699/2282/2478 2700/2283/2479 2701/2284/2480
f 2702/2285/2481 2703/2286/2482 2704/2287/2483
f 2579/2162/2364 2705/2288/2484 2580/2163/2365
f 2640/2223/2422 2706/2289/2485 2597/2180/2382
f 2707/2290/2486 2628/2211/2411 2708/2291/2487
f 2709/2292/2488 2710/2293/2489 2711/2294/2490
f 2687/2270/2466 2712/2295/2491 2685/2268/2464
f 2713/2296/2492 2714/2297/2493 2715/2298/2494
f 2592/2175/2377 2716/2299/2495 2593/2176/2378
f 2699/2282/2478 2717/2300/2496 2718/2301/2477
f 2719/2302/2497 2720/2303/2498 2721/2304/2499
f 2588/2171/2373 2583/2166/2368 2597/2180/2382
f 2597/2180/2382 2706/2289/2485 2588/2171/2373
f 2673/2256/2452 2664/2247/2444 2684/2267/2463
f 2665/2248/2445 2664/2247/2444 2673/2256/2452
f 2702/2285/2481 2694/2277/2473 2703/2286/2482
f 2679/2262/2458 2722/2305/2500 2723/2306/2501
f 2724/2307/2502 2725/2308/2503 2726/2309/2504
f 2727/2310/2505 2728/2311/2506 2561/2144/2346
f 2682/2265/2461 2649/2232/2431 2651/2234/2433
f 2722/2305/2500 2679/2262/2458 2729/2312/2507
f 2608/2191/2391 2641/2224/2423 2609/2192/2392
f 2574/2157/2359 2585/2168/2370 2730/2313/2508
f 2731/2314/2509 2554/2137/2339 2556/2139/2341
f 2569/2152/2354 2732/2315/2510 2733/2316/2511
f 2734/2317/2512 2735/2318/2438 2736/2319/2513
f 2737/2320/2514 2734/2317/2512 2736/2319/2513
f 2628/2211/2411 2738/2321/2515 2629/2212/2412
f 2603/2186/2386 2611/2194/2394 2672/2255/2451
f 2739/2322/2516 2740/2323/2517 2741/2324/2518
f 2742/2325/2519 2743/2326/2520 2744/2327/2521
f 2745/2328/2522 2558/2141/2343 2746/2329/2523
f 2557/2140/2342 2746/2329/2523 2558/2141/2343
f 2605/2188/2388 2747/2330/2390 2748/2331/2524
f 2748/2331/2524 2603/2186/2386 2605/2188/2388
f 2749/2332/2525 2595/2178/2380 2598/2181/2379
f 2750/2333/2526 2751/2334/2527 2752/2335/2528
f 2559/2142/2344 2689/2272/2468 2589/2172/2374
f 2587/2170/2372 2689/2272/2468 2688/2271/2467
f 2661/2244/2443 2753/2336/2529 2754/2337/2530
f 2755/2338/2531 2756/2339/2532 2757/2340/2533
f 2758/2341/2534 2759/2342/2535 2760/2343/2536
f 2696/2279/2475 2695/2278/2474 2578/2161/2363
f 2761/2344/2537 2608/2191/2391 2610/2193/2393
f 2762/2345/2538 2763/2346/2539 2749/2332/2525
f 2764/2347/2540 2738/2321/2515 2765/2348/2541
f 2766/2349/2541 2767/2350/2542 2768/2351/2540
f 2642/2225/2424 2760/2343/2536 2569/2152/2354
f 2732/2315/2510 2569/2152/2354 2760/2343/2536
f 2606/2189/2389 2616/2199/2399 2615/2198/2398
f 2588/2171/2373 2620/2203/2403 2586/2169/2371
f 2700/2283/2479 2699/2282/2478 2718/2301/2477
f 2673/2256/2452 2769/2352/2543 2770/2353/2544
f 2761/2344/2537 2771/2354/2545 2772/2355/2546
f 2773/2356/2547 2752/2335/2528 2751/2334/2527
f 2650/2233/2432 2774/2357/2430 2775/2358/2548
f 2776/2359/2549 2642/2225/2424 2571/2154/2356
f 2706/2289/2485 2628/2211/2411 2707/2290/2486
f 2628/2211/2411 2706/2289/2485 2738/2321/2515
f 2777/2360/2550 2778/2361/2551 2779/2362/2552
f 2610/2193/2393 2763/2346/2539 2780/2363/2553
f 2769/2352/2543 2781/2364/2554 2770/2353/2544
f 2782/2365/2555 2783/2366/2463 2701/2284/2480
f 2776/2359/2549 2784/2367/2556 2785/2368/2557
f 2786/2369/2439 2567/2150/2352 2566/2149/2351
f 2690/2273/2469 2558/2141/2343 2745/2328/2522
f 2787/2370/2558 2554/2137/2339 2731/2314/2509
f 2772/2355/2546 2771/2354/2545 2788/2371/2385
f 2772/2355/2546 2789/2372/2492 2641/2224/2423
f 2576/2159/2361 2787/2370/2558 2790/2373/2559
f 2584/2167/2369 2688/2271/2467 2690/2273/2469
f 2643/2226/2425 2644/2227/2426 2651/2234/2433
f 2651/2234/2433 2650/2233/2432 2775/2358/2548
f 2791/2374/2560 2792/2375/2561 2793/2376/2562
f 2762/2345/2538 2794/2377/2528 2763/2346/2539
f 2780/2363/2553 2795/2378/2563 2610/2193/2393
f 2796/2379/2564 2792/2375/2561 2791/2374/2560
f 2797/2380/2565 2563/2146/2348 2798/2381/2566
f 2636/2219/2418 2568/2151/2353 2639/2222/2421
f 2777/2360/2550 2799/2382/2567 2793/2376/2562
f 2800/2383/2568 2801/2384/2569 2802/2385/2570
f 2803/2386/2571 2804/2387/2572 2805/2388/2573
f 2686/2269/2465 2806/2389/2574 2807/2390/2488
f 2632/2215/2414 2639/2222/2421 2568/2151/2353
f 2632/2215/2414 2568/2151/2353 2567/2150/2352
f 2578/2161/2363 2580/2163/2365 2668/2251/2448
f 2580/2163/2365 2643/2226/2425 2668/2251/2448
f 2808/2391/2575 2809/2392/2576 2796/2379/2564
f 2810/2393/2577 2811/2394/2578 2812/2395/2579
f 2813/2396/2580 2646/2229/2428 2645/2228/2427
f 2814/2397/2581 2654/2237/2436 2815/2398/2580
f 2816/2399/2582 2679/2262/2458 2678/2261/2457
f 2729/2312/2507 2679/2262/2458 2817/2400/2431
f 2565/2148/2350 2564/2147/2349 2677/2260/2456
f 2633/2216/2415 2797/2380/2565 2634/2217/2416
f 2592/2175/2377 2575/2158/2360 2626/2209/2409
f 2595/2178/2380 2582/2165/2367 2599/2182/2377
f 2667/2250/2447 2643/2226/2425 2818/2401/2583
f 2559/2142/2344 2589/2172/2374 2591/2174/2376
f 2630/2213/2400 2819/2402/2429 2645/2228/2427
f 2820/2403/2581 2813/2396/2580 2821/2404/2584
f 2798/2381/2566 2563/2146/2348 2822/2405/2585
f 2822/2405/2585 2563/2146/2348 2656/2239/2438
f 2823/2406/2586 2575/2158/2360 2592/2175/2377
f 2823/2406/2586 2576/2159/2361 2575/2158/2360
f 2782/2365/2555 2701/2284/2480 2824/2407/2587
f 2770/2353/2544 2781/2364/2554 2825/2408/2588
f 2826/2409/2482 2827/2410/2589 2723/2306/2501
f 2679/2262/2458 2723/2306/2501 2680/2263/2459
f 2828/2411/2590 2829/2412/2591 2830/2413/2592
f 2831/2414/2593 2832/2415/2594 2833/2416/2595
f 2672/2255/2451 2611/2194/2394 2613/2196/2396
f 2803/2386/2571 2834/2417/2596 2804/2387/2572
f 2705/2288/2484 2644/2227/2426 2580/2163/2365
f 2691/2274/2470 2835/2418/2597 2681/2264/2460
f 2836/2419/2598 2837/2420/2599 2838/2421/2600
f 2839/2422/2601 2840/2423/2602 2684/2267/2463
f 2621/2204/2404 2620/2203/2403 2588/2171/2373
f 2621/2204/2404 2707/2290/2486 2708/2291/2487
f 2841/2424/2603 2568/2151/2353 2637/2220/2419
f 2842/2425/2604 2843/2426/2419 2734/2317/2512
f 2687/2270/2466 2686/2269/2465 2807/2390/2488
f 2721/2304/2499 2844/2427/2605 2719/2302/2497
f 2745/2328/2522 2845/2428/2606 2690/2273/2469
f 2727/2310/2505 2845/2428/2606 2728/2311/2506
f 2726/2309/2504 2725/2308/2503 2846/2429/2607
f 2831/2414/2593 2830/2413/2592 2829/2412/2591
f 2681/2264/2460 2835/2418/2597 2682/2265/2461
f 2722/2305/2500 2729/2312/2507 2847/2430/2597
f 2626/2209/2409 2627/2210/2410 2848/2431/2608
f 2715/2298/2494 2714/2297/2493 2716/2299/2495
f 2692/2275/2471 2691/2274/2470 2703/2286/2482
f 2849/2432/2609 2692/2275/2471 2703/2286/2482
f 2850/2433/2610 2851/2434/2611 2852/2435/2612
f 2839/2422/2601 2853/2436/2613 2836/2419/2598
f 2577/2160/2362 2759/2342/2535 2627/2210/2410
f 2733/2316/2511 2759/2342/2535 2790/2373/2559
f 2852/2435/2612 2854/2437/2614 2855/2438/2613
f 2856/2439/2615 2838/2421/2600 2837/2420/2599
f 2805/2388/2573 2804/2387/2572 2755/2338/2531
f 2805/2388/2573 2755/2338/2531 2857/2440/2616
f 2800/2383/2568 2810/2393/2577 2812/2395/2579
f 2858/2441/2617 2812/2395/2579 2859/2442/2552
f 2860/2443/2618 2826/2409/2482 2723/2306/2501
f 2723/2306/2501 2861/2444/2619 2860/2443/2618
f 2752/2335/2528 2773/2356/2547 2778/2361/2551
f 2862/2445/2620 2752/2335/2528 2778/2361/2551
f 2863/2446/2518 2864/2447/2621 2865/2448/2516
f 2866/2449/2622 2867/2450/2623 2692/2275/2471
f 2868/2451/2624 2730/2313/2508 2585/2168/2370
f 2868/2451/2624 2585/2168/2370 2660/2243/2442
f 2828/2411/2590 2869/2452/2625 2829/2412/2591
f 2635/2218/2417 2634/2217/2416 2870/2453/2626
f 2767/2350/2542 2652/2235/2434 2654/2237/2436
f 2871/2454/2627 2768/2351/2540 2767/2350/2542
f 2755/2338/2531 2686/2269/2465 2685/2268/2464
f 2685/2268/2464 2712/2295/2491 2755/2338/2531
f 2586/2169/2371 2590/2173/2375 2589/2172/2374
f 2872/2455/2398 2586/2169/2371 2620/2203/2403
f 2873/2456/2628 2861/2444/2619 2723/2306/2501
f 2741/2324/2518 2740/2323/2517 2873/2456/2628
f 2874/2457/2629 2674/2257/2453 2875/2458/2630
f 2874/2457/2629 2660/2243/2442 2596/2179/2381
f 2750/2333/2526 2593/2176/2378 2751/2334/2527
f 2716/2299/2495 2714/2297/2493 2593/2176/2378
f 2746/2329/2523 2557/2140/2342 2876/2459/2631
f 2557/2140/2342 2657/2240/2439 2659/2242/2441
f 2850/2433/2610 2852/2435/2612 2782/2365/2555
f 2855/2438/2613 2782/2365/2555 2852/2435/2612
f 2814/2397/2581 2877/2460/2632 2654/2237/2436
f 2619/2202/2402 2618/2201/2401 2871/2454/2627
f 2672/2255/2451 2613/2196/2396 2834/2417/2596
f 2878/2461/2596 2879/2462/2633 2874/2457/2629
f 2791/2374/2560 2793/2376/2562 2799/2382/2567
f 2809/2392/2576 2808/2391/2575 2880/2463/2634
f 2704/2287/2483 2681/2264/2460 2705/2288/2484
f 2702/2285/2481 2704/2287/2483 2705/2288/2484
f 2710/2293/2489 2697/2280/2476 2711/2294/2490
f 2711/2294/2490 2697/2280/2476 2881/2464/2532
f 2654/2237/2436 2882/2465/2635 2815/2398/2580
f 2883/2466/2635 2646/2229/2428 2813/2396/2580
f 2697/2280/2476 2710/2293/2489 2674/2257/2453
f 2674/2257/2453 2673/2256/2452 2697/2280/2476
f 2884/2467/2636 2765/2348/2541 2738/2321/2515
f 2706/2289/2485 2640/2223/2422 2738/2321/2515
f 2885/2468/2637 2709/2292/2488 2711/2294/2490
f 2720/2303/2498 2885/2468/2637 2711/2294/2490
f 2816/2399/2582 2760/2343/2536 2642/2225/2424
f 2642/2225/2424 2776/2359/2549 2817/2400/2431
f 2664/2247/2444 2666/2249/2446 2661/2244/2443
f 2754/2337/2530 2664/2247/2444 2661/2244/2443
f 2687/2270/2466 2886/2469/2638 2712/2295/2491
f 2687/2270/2466 2887/2470/2639 2888/2471/2640
f 2801/2384/2569 2889/2472/2641 2890/2473/2620
f 2889/2472/2641 2801/2384/2569 2800/2383/2568
f 2846/2429/2607 2725/2308/2503 2638/2221/2420
f 2846/2429/2607 2638/2221/2420 2632/2215/2414
f 2891/2474/2642 2647/2230/2429 2877/2460/2632
f 2892/2475/2643 2893/2476/2644 2821/2404/2584
f 2894/2477/2544 2895/2478/2645 2700/2283/2479
f 2896/2479/2646 2897/2480/2647 2850/2433/2610
f 2898/2481/2389 2620/2203/2403 2622/2205/2405
f 2898/2481/2389 2872/2455/2398 2620/2203/2403
f 2800/2383/2568 2812/2395/2579 2858/2441/2617
f 2858/2441/2617 2780/2363/2553 2899/2482/2648
f 2561/2144/2346 2745/2328/2522 2737/2320/2514
f 2736/2319/2513 2561/2144/2346 2737/2320/2514
f 2900/2483/2649 2861/2444/2619 2740/2323/2517
f 2740/2323/2517 2861/2444/2619 2873/2456/2628
f 2709/2292/2488 2885/2468/2637 2901/2484/2650
f 2888/2471/2640 2887/2470/2639 2902/2485/2651
f 2853/2436/2613 2903/2486/2614 2837/2420/2599
f 2837/2420/2599 2836/2419/2598 2853/2436/2613
f 2669/2252/2449 2671/2254/2450 2614/2197/2397
f 2572/2155/2357 2624/2207/2407 2623/2206/2406
f 2778/2361/2551 2773/2356/2547 2779/2362/2552
f 2773/2356/2547 2751/2334/2527 2600/2183/2383
f 2904/2487/2652 2652/2235/2434 2905/2488/2390
f 2652/2235/2434 2767/2350/2542 2905/2488/2390
f 2787/2370/2558 2731/2314/2509 2790/2373/2559
f 2731/2314/2509 2556/2139/2341 2790/2373/2559
f 2634/2217/2416 2797/2380/2565 2798/2381/2566
f 2831/2414/2593 2833/2416/2595 2906/2489/2653
f 2907/2490/2654 2908/2491/2655 2821/2404/2584
f 2909/2492/2656 2910/2493/2657 2891/2474/2642
f 2779/2362/2552 2773/2356/2547 2911/2494/2658
f 2858/2441/2617 2859/2442/2552 2912/2495/2658
f 2683/2266/2462 2664/2247/2444 2754/2337/2530
f 2756/2339/2532 2913/2496/2659 2757/2340/2533
f 2583/2166/2368 2688/2271/2467 2584/2167/2369
f 2583/2166/2368 2587/2170/2372 2688/2271/2467
f 2702/2285/2481 2695/2278/2474 2694/2277/2473
f 2702/2285/2481 2705/2288/2484 2579/2162/2364
f 2560/2143/2345 2914/2497/2660 2561/2144/2346
f 2724/2307/2502 2915/2498/2661 2830/2413/2592
f 2916/2499/2657 2917/2500/2662 2908/2491/2655
f 2918/2501/2663 2919/2502/2644 2920/2503/2643
f 2678/2261/2457 2680/2263/2459 2921/2504/2664
f 2758/2341/2534 2760/2343/2536 2921/2504/2664
f 2900/2483/2649 2860/2443/2618 2861/2444/2619
f 2692/2275/2471 2849/2432/2609 2922/2505/2665
f 2887/2470/2639 2807/2390/2488 2923/2506/2650
f 2687/2270/2466 2807/2390/2488 2887/2470/2639
f 2906/2489/2653 2833/2416/2595 2924/2507/2666
f 2925/2508/2585 2906/2489/2653 2924/2507/2666
f 2915/2498/2661 2828/2411/2590 2830/2413/2592
f 2926/2509/2667 2676/2259/2455 2675/2258/2454
f 2927/2510/2668 2892/2475/2643 2821/2404/2584
f 2927/2510/2668 2928/2511/2669 2892/2475/2643
f 2929/2512/2670 2670/2253/2447 2669/2252/2449
f 2623/2206/2406 2625/2208/2408 2929/2512/2670
f 2703/2286/2482 2694/2277/2473 2930/2513/2671
f 2827/2410/2589 2680/2263/2459 2723/2306/2501
f 2572/2155/2357 2669/2252/2449 2614/2197/2397
f 2572/2155/2357 2614/2197/2397 2616/2199/2399
f 2931/2514/2639 2901/2484/2650 2844/2427/2605
f 2844/2427/2605 2901/2484/2650 2885/2468/2637
f 2556/2139/2341 2632/2215/2414 2570/2153/2355
f 2570/2153/2355 2632/2215/2414 2567/2150/2352
f 2744/2327/2521 2932/2515/2672 2742/2325/2519
f 2867/2450/2623 2865/2448/2516 2864/2447/2621
f 2907/2490/2654 2645/2228/2427 2819/2402/2429
f 2891/2474/2642 2910/2493/2657 2647/2230/2429
f 2933/2516/2673 2934/2517/2674 2935/2518/2675
f 2936/2519/2676 2933/2516/2673 2935/2518/2675
f 2907/2490/2654 2821/2404/2584 2645/2228/2427
f 2645/2228/2427 2821/2404/2584 2813/2396/2580
f 2875/2458/2630 2878/2461/2596 2874/2457/2629
f 2686/2269/2465 2834/2417/2596 2937/2520/2630
f 2570/2153/2355 2567/2150/2352 2571/2154/2356
f 2786/2369/2439 2784/2367/2556 2567/2150/2352
f 2694/2277/2473 2938/2521/2677 2930/2513/2671
f 2696/2279/2475 2938/2521/2677 2694/2277/2473
f 2939/2522/2678 2808/2391/2575 2791/2374/2560
f 2808/2391/2575 2796/2379/2564 2791/2374/2560
f 2788/2371/2385 2771/2354/2545 2940/2523/2679
f 2773/2356/2547 2600/2183/2383 2941/2524/2545
f 2942/2525/2680 2740/2323/2517 2739/2322/2516
f 2740/2323/2517 2943/2526/2681 2900/2483/2649
f 2840/2423/2602 2781/2364/2554 2769/2352/2543
f 2825/2408/2588 2781/2364/2554 2840/2423/2602
f 2693/2276/2472 2864/2447/2621 2863/2446/2518
f 2691/2274/2470 2693/2276/2472 2835/2418/2597
f 2944/2527/2682 2783/2366/2463 2945/2528/2683
f 2913/2496/2659 2699/2282/2478 2944/2527/2682
f 2565/2148/2350 2677/2260/2456 2676/2259/2455
f 2561/2144/2346 2736/2319/2513 2562/2145/2347
f 2858/2441/2617 2795/2378/2563 2780/2363/2553
f 2795/2378/2563 2858/2441/2617 2912/2495/2658
f 2730/2313/2508 2946/2529/2684 2574/2157/2359
f 2624/2207/2407 2572/2155/2357 2574/2157/2359
f 2755/2338/2531 2804/2387/2572 2686/2269/2465
f 2804/2387/2572 2834/2417/2596 2686/2269/2465
f 2693/2276/2472 2863/2446/2518 2835/2418/2597
f 2873/2456/2628 2847/2430/2597 2741/2324/2518
f 2738/2321/2515 2764/2347/2540 2629/2212/2412
f 2618/2201/2401 2768/2351/2540 2871/2454/2627
f 2633/2216/2415 2675/2258/2454 2677/2260/2456
f 2677/2260/2456 2797/2380/2565 2633/2216/2415
f 2587/2170/2372 2589/2172/2374 2689/2272/2468
f 2589/2172/2374 2587/2170/2372 2586/2169/2371
f 2946/2529/2684 2624/2207/2407 2574/2157/2359
f 2715/2298/2494 2716/2299/2495 2848/2431/2608
f 2666/2249/2446 2596/2179/2381 2661/2244/2443
f 2666/2249/2446 2874/2457/2629 2596/2179/2381
f 2751/2334/2527 2593/2176/2378 2714/2297/2493
f 2600/2183/2383 2751/2334/2527 2601/2184/2384
f 2700/2283/2479 2718/2301/2477 2894/2477/2544
f 2698/2281/2477 2673/2256/2452 2770/2353/2544
f 2648/2231/2430 2657/2240/2439 2557/2140/2342
f 2784/2367/2556 2786/2369/2439 2785/2368/2557
f 2929/2512/2670 2669/2252/2449 2623/2206/2406
f 2572/2155/2357 2623/2206/2406 2669/2252/2449
f 2737/2320/2514 2876/2459/2631 2734/2317/2512
f 2557/2140/2342 2659/2242/2441 2876/2459/2631
f 2588/2171/2373 2706/2289/2485 2707/2290/2486
f 2621/2204/2404 2588/2171/2373 2707/2290/2486
f 2877/2460/2632 2814/2397/2581 2891/2474/2642
f 2918/2501/2663 2891/2474/2642 2919/2502/2644
f 2864/2447/2621 2693/2276/2472 2692/2275/2471
f 2864/2447/2621 2692/2275/2471 2867/2450/2623
f 2701/2284/2480 2700/2283/2479 2824/2407/2587
f 2700/2283/2479 2895/2478/2645 2850/2433/2610
f 2573/2156/2358 2572/2155/2357 2616/2199/2399
f 2573/2156/2358 2616/2199/2399 2606/2189/2389
f 2686/2269/2465 2937/2520/2630 2806/2389/2574
f 2710/2293/2489 2875/2458/2630 2674/2257/2453
f 2947/2530/2685 2845/2428/2606 2727/2310/2505
f 2914/2497/2660 2948/2531/2686 2947/2530/2685
f 2949/2532/2687 2708/2291/2487 2628/2211/2411
f 2654/2237/2436 2653/2236/2435 2950/2533/2688
f 2884/2467/2636 2640/2223/2422 2641/2224/2423
f 2738/2321/2515 2640/2223/2422 2884/2467/2636
f 2727/2310/2505 2914/2497/2660 2947/2530/2685
f 2914/2497/2660 2727/2310/2505 2561/2144/2346
f 2945/2528/2683 2913/2496/2659 2944/2527/2682
f 2757/2340/2533 2913/2496/2659 2945/2528/2683
f 2816/2399/2582 2642/2225/2424 2817/2400/2431
f 2679/2262/2458 2816/2399/2582 2817/2400/2431
f 2749/2332/2525 2610/2193/2393 2595/2178/2380
f 2763/2346/2539 2610/2193/2393 2749/2332/2525
f 2802/2385/2570 2951/2534/2634 2810/2393/2577
f 2802/2385/2570 2810/2393/2577 2800/2383/2568
f 2952/2535/2689 2734/2317/2512 2876/2459/2631
f 2658/2241/2440 2734/2317/2512 2952/2535/2689
f 2611/2194/2394 2603/2186/2386 2953/2536/2541
f 2603/2186/2386 2748/2331/2524 2953/2536/2541
f 2584/2167/2369 2690/2273/2469 2954/2537/2361
f 2582/2165/2367 2584/2167/2369 2954/2537/2361
f 2886/2469/2638 2888/2471/2640 2902/2485/2651
f 2888/2471/2640 2886/2469/2638 2687/2270/2466
f 2725/2308/2503 2830/2413/2592 2831/2414/2593
f 2725/2308/2503 2724/2307/2502 2830/2413/2592
f 2760/2343/2536 2759/2342/2535 2732/2315/2510
f 2733/2316/2511 2732/2315/2510 2759/2342/2535
f 2927/2510/2668 2917/2500/2662 2928/2511/2669
f 2909/2492/2656 2891/2474/2642 2918/2501/2663
f 2775/2358/2548 2774/2357/2430 2955/2538/2366
f 2643/2226/2425 2651/2234/2433 2775/2358/2548
f 2943/2526/2681 2956/2539/2690 2900/2483/2649
f 2866/2449/2622 2692/2275/2471 2922/2505/2665
f 2559/2142/2344 2558/2141/2343 2689/2272/2468
f 2689/2272/2468 2558/2141/2343 2690/2273/2469
f 2638/2221/2420 2725/2308/2503 2831/2414/2593
f 2638/2221/2420 2831/2414/2593 2639/2222/2421
f 2734/2317/2512 2843/2426/2419 2735/2318/2438
f 2822/2405/2585 2656/2239/2438 2957/2540/2419
f 2705/2288/2484 2681/2264/2460 2644/2227/2426
f 2681/2264/2460 2651/2234/2433 2644/2227/2426
f 2942/2525/2680 2943/2526/2681 2740/2323/2517
f 2956/2539/2690 2943/2526/2681 2942/2525/2680
f 2824/2407/2587 2700/2283/2479 2850/2433/2610
f 2850/2433/2610 2782/2365/2555 2824/2407/2587
f 2921/2504/2664 2760/2343/2536 2678/2261/2457
f 2760/2343/2536 2816/2399/2582 2678/2261/2457
f 2958/2541/2691 2959/2542/2692 2676/2259/2455
f 2958/2541/2691 2676/2259/2455 2926/2509/2667
f 2769/2352/2543 2673/2256/2452 2684/2267/2463
f 2840/2423/2602 2769/2352/2543 2684/2267/2463
f 2614/2197/2397 2671/2254/2450 2615/2198/2398
f 2590/2173/2375 2586/2169/2371 2872/2455/2398
f 2753/2336/2529 2661/2244/2443 2663/2246/2387
f 2604/2187/2387 2803/2386/2571 2805/2388/2573
f 2630/2213/2400 2646/2229/2428 2628/2211/2411
f 2628/2211/2411 2646/2229/2428 2883/2466/2635
f 2726/2309/2504 2846/2429/2607 2555/2138/2340
f 2555/2138/2340 2846/2429/2607 2632/2215/2414
f 2891/2474/2642 2814/2397/2581 2919/2502/2644
f 2821/2404/2584 2893/2476/2644 2820/2403/2581
f 2745/2328/2522 2746/2329/2523 2737/2320/2514
f 2746/2329/2523 2876/2459/2631 2737/2320/2514
f 2956/2539/2690 2942/2525/2680 2744/2327/2521
f 2744/2327/2521 2942/2525/2680 2932/2515/2672
f 2711/2294/2490 2881/2464/2532 2720/2303/2498
f 2755/2338/2531 2712/2295/2491 2756/2339/2532
f 2637/2220/2419 2636/2219/2418 2925/2508/2585
f 2925/2508/2585 2636/2219/2418 2906/2489/2653
f 2716/2299/2495 2592/2175/2377 2626/2209/2409
f 2716/2299/2495 2626/2209/2409 2848/2431/2608
f 2795/2378/2563 2771/2354/2545 2761/2344/2537
f 2761/2344/2537 2610/2193/2393 2795/2378/2563
f 2634/2217/2416 2798/2381/2566 2960/2543/2595
f 2634/2217/2416 2960/2543/2595 2870/2453/2626
f 2662/2245/2388 2661/2244/2443 2655/2238/2437
f 2662/2245/2388 2655/2238/2437 2607/2190/2390
f 2949/2532/2687 2631/2214/2413 2708/2291/2487
f 2708/2291/2487 2631/2214/2413 2621/2204/2404
f 2876/2459/2631 2659/2242/2441 2952/2535/2689
f 2658/2241/2440 2952/2535/2689 2659/2242/2441
f 2554/2137/2339 2787/2370/2558 2726/2309/2504
f 2555/2138/2340 2554/2137/2339 2726/2309/2504
f 2908/2491/2655 2907/2490/2654 2916/2499/2657
f 2907/2490/2654 2819/2402/2429 2916/2499/2657
f 2851/2434/2611 2854/2437/2614 2852/2435/2612
f 2850/2433/2610 2897/2480/2647 2851/2434/2611
f 2803/2386/2571 2672/2255/2451 2834/2417/2596
f 2803/2386/2571 2604/2187/2387 2672/2255/2451
f 2856/2439/2615 2837/2420/2599 2903/2486/2614
f 2961/2544/2693 2856/2439/2615 2903/2486/2614
f 2654/2237/2436 2619/2202/2402 2871/2454/2627
f 2871/2454/2627 2767/2350/2542 2654/2237/2436
f 2763/2346/2539 2794/2377/2528 2890/2473/2620
f 2890/2473/2620 2780/2363/2553 2763/2346/2539
f 2956/2539/2690 2744/2327/2521 2743/2326/2520
f 2936/2519/2676 2867/2450/2623 2866/2449/2622
f 2831/2414/2593 2829/2412/2591 2832/2415/2594
f 2869/2452/2625 2832/2415/2594 2829/2412/2591
f 2665/2248/2445 2674/2257/2453 2874/2457/2629
f 2666/2249/2446 2665/2248/2445 2874/2457/2629
f 2610/2193/2393 2609/2192/2392 2595/2178/2380
f 2609/2192/2392 2640/2223/2422 2595/2178/2380
f 2818/2401/2583 2643/2226/2425 2955/2538/2366
f 2643/2226/2425 2775/2358/2548 2955/2538/2366
f 2908/2491/2655 2927/2510/2668 2821/2404/2584
f 2908/2491/2655 2917/2500/2662 2927/2510/2668
f 2862/2445/2620 2962/2545/2694 2792/2375/2561
f 2801/2384/2569 2890/2473/2620 2963/2546/2561
f 2728/2311/2506 2745/2328/2522 2561/2144/2346
f 2728/2311/2506 2845/2428/2606 2745/2328/2522
f 2654/2237/2436 2877/2460/2632 2619/2202/2402
f 2647/2230/2429 2619/2202/2402 2877/2460/2632
f 2939/2522/2678 2880/2463/2634 2808/2391/2575
f 2880/2463/2634 2939/2522/2678 2964/2547/2695
f 2771/2354/2545 2795/2378/2563 2912/2495/2658
f 2941/2524/2545 2911/2494/2658 2773/2356/2547
f 2695/2278/2474 2702/2285/2481 2579/2162/2364
f 2579/2162/2364 2578/2161/2363 2695/2278/2474
f 2879/2462/2633 2868/2451/2624 2660/2243/2442
f 2874/2457/2629 2879/2462/2633 2660/2243/2442
f 2601/2184/2384 2714/2297/2493 2713/2296/2492
f 2714/2297/2493 2601/2184/2384 2751/2334/2527
f 2757/2340/2533 2945/2528/2683 2857/2440/2616
f 2857/2440/2616 2755/2338/2531 2757/2340/2533
f 2778/2361/2551 2962/2545/2694 2862/2445/2620
f 2793/2376/2562 2778/2361/2551 2777/2360/2550
f 2965/2548/2696 2817/2400/2431 2776/2359/2549
f 2965/2548/2696 2776/2359/2549 2785/2368/2557
f 2699/2282/2478 2756/2339/2532 2717/2300/2496
f 2756/2339/2532 2699/2282/2478 2913/2496/2659
f 2882/2465/2635 2654/2237/2436 2950/2533/2688
f 2883/2466/2635 2949/2532/2687 2628/2211/2411
f 2939/2522/2678 2791/2374/2560 2799/2382/2567
f 2964/2547/2695 2939/2522/2678 2799/2382/2567
f 2701/2284/2480 2944/2527/2682 2699/2282/2478
f 2944/2527/2682 2701/2284/2480 2783/2366/2463
f 2639/2222/2421 2906/2489/2653 2636/2219/2418
f 2831/2414/2593 2906/2489/2653 2639/2222/2421
f 2890/2473/2620 2889/2472/2641 2780/2363/2553
f 2899/2482/2648 2780/2363/2553 2889/2472/2641
f 2836/2419/2598 2838/2421/2600 2825/2408/2588
f 2896/2479/2646 2850/2433/2610 2895/2478/2645
f 2739/2322/2516 2932/2515/2672 2942/2525/2680
f 2935/2518/2675 2934/2517/2674 2865/2448/2516
f 2929/2512/2670 2625/2208/2408 2966/2549/2697
f 2758/2341/2534 2627/2210/2410 2759/2342/2535
f 2594/2177/2379 2593/2176/2378 2750/2333/2526
f 2762/2345/2538 2749/2332/2525 2598/2181/2379
f 2962/2545/2694 2793/2376/2562 2792/2375/2561
f 2962/2545/2694 2778/2361/2551 2793/2376/2562
f 2576/2159/2361 2790/2373/2559 2577/2160/2362
f 2577/2160/2362 2790/2373/2559 2759/2342/2535
f 2713/2296/2492 2602/2185/2385 2601/2184/2384
f 2772/2355/2546 2788/2371/2385 2789/2372/2492
f 2959/2542/2692 2656/2239/2438 2565/2148/2350
f 2959/2542/2692 2565/2148/2350 2676/2259/2455
f 2784/2367/2556 2571/2154/2356 2567/2150/2352
f 2571/2154/2356 2784/2367/2556 2776/2359/2549
f 2836/2419/2598 2825/2408/2588 2840/2423/2602
f 2836/2419/2598 2840/2423/2602 2839/2422/2601
f 2719/2302/2497 2844/2427/2605 2885/2468/2637
f 2719/2302/2497 2885/2468/2637 2720/2303/2498
f 2790/2373/2559 2556/2139/2341 2733/2316/2511
f 2733/2316/2511 2556/2139/2341 2569/2152/2354
f 2704/2287/2483 2691/2274/2470 2681/2264/2460
f 2703/2286/2482 2691/2274/2470 2704/2287/2483
f 2564/2147/2349 2797/2380/2565 2677/2260/2456
f 2563/2146/2348 2797/2380/2565 2564/2147/2349
f 2809/2392/2576 2880/2463/2634 2967/2550/2570
f 2968/2551/2698 2802/2385/2570 2801/2384/2569
f 2905/2488/2390 2767/2350/2542 2969/2552/2699
f 2766/2349/2541 2969/2552/2699 2767/2350/2542
f 2865/2448/2516 2867/2450/2623 2935/2518/2675
f 2935/2518/2675 2867/2450/2623 2936/2519/2676
f 2958/2541/2691 2926/2509/2667 2970/2553/2700
f 2948/2531/2686 2914/2497/2660 2560/2143/2345
f 2899/2482/2648 2800/2383/2568 2858/2441/2617
f 2889/2472/2641 2800/2383/2568 2899/2482/2648
f 2847/2430/2597 2873/2456/2628 2722/2305/2500
f 2722/2305/2500 2873/2456/2628 2723/2306/2501
f 2772/2355/2546 2608/2191/2391 2761/2344/2537
f 2608/2191/2391 2772/2355/2546 2641/2224/2423
f 2658/2241/2440 2842/2425/2604 2734/2317/2512
f 2568/2151/2353 2841/2424/2603 2566/2149/2351
f 2971/2137/2701 2972/2138/2702 2973/2139/2703
f 2974/2140/2704 2975/2141/2705 2976/2142/2706
f 2977/2143/2707 2978/2144/2708 2979/2145/2709
f 2980/2146/2710 2981/2147/2711 2982/2148/2712
f 2983/2149/2713 2984/2150/2714 2985/2151/2715
f 2986/2152/2716 2987/2153/2717 2988/2154/2718
f 2989/2155/2719 2990/2156/2720 2991/2157/2721
f 2992/2158/2722 2993/2159/2723 2994/2160/2724
f 2995/2161/2725 2996/2162/2726 2997/2163/2727
f 2998/2164/2728 2974/2140/2704 2976/2142/2706
f 2999/2165/2729 3000/2166/2730 3001/2167/2731
f 2990/2156/2720 3002/2168/2732 2991/2157/2721
f 3003/2169/2733 3004/2170/2734 3005/2171/2735
f 3006/2172/2736 3007/2173/2737 3008/2174/2738
f 3009/2175/2739 3010/2176/2740 3011/2177/2741
f 3012/2178/2742 3000/2166/2730 2999/2165/2729
f 3013/2179/2743 3002/2168/2732 2990/2156/2720
f 3014/2180/2744 3000/2166/2730 3012/2178/2742
f 3015/2181/2745 3012/2178/2742 3016/2182/2746
f 3017/2183/2747 3018/2184/2748 3019/2185/2749
f 3020/2186/2750 3021/2187/2751 3022/2188/2752
f 3013/2179/2743 3023/2189/2753 3024/2190/2754
f 3025/2191/2755 3026/2192/2756 3027/2193/2757
f 3028/2194/2758 3029/2195/2759 3030/2196/2760
f 3031/2197/2761 3032/2198/2762 3033/2199/2763
f 3013/2179/2743 2990/2156/2720 3023/2189/2753
f 3034/2200/2764 3035/2201/2765 3036/2202/2766
f 3037/2203/2767 3038/2204/2768 3039/2205/2769
f 3040/2206/2770 3041/2207/2771 3042/2208/2772
f 3043/2209/2773 2992/2158/2722 3044/2210/2774
f 3045/2211/2775 3046/2212/2776 3047/2213/2764
f 3039/2205/2769 3038/2204/2768 3048/2214/2777
f 2973/2139/2703 2972/2138/2702 3049/2215/2778
f 3050/2216/2779 3051/2217/2780 3052/2218/2781
f 3053/2219/2782 3054/2220/2783 2985/2151/2715
f 3055/2221/2784 3056/2222/2785 3049/2215/2778
f 3057/2223/2786 3014/2180/2744 3012/2178/2742
f 3058/2224/2759 3057/2223/2786 3026/2192/2756
f 3059/2225/2787 2986/2152/2716 2988/2154/2718
f 3060/2226/2788 2997/2163/2727 3061/2227/2789
f 3047/2213/2764 3062/2228/2790 3063/2229/2791
f 3064/2230/2792 3034/2200/2764 3036/2202/2766
f 3065/2231/2793 2974/2140/2704 2998/2164/2728
f 3066/2232/2794 3067/2233/2795 3068/2234/2796
f 3069/2235/2769 3070/2236/2797 3071/2237/2798
f 3013/2179/2743 3024/2190/2754 3072/2238/2799
f 2982/2148/2712 3073/2239/2800 2980/2146/2710
f 3074/2240/2801 3075/2241/2713 3076/2242/2802
f 3077/2243/2803 3002/2168/2732 3013/2179/2743
f 3078/2244/2804 3013/2179/2743 3072/2238/2799
f 3044/2210/2774 2992/2158/2722 2994/2160/2724
f 2986/2152/2716 2973/2139/2703 2987/2153/2717
f 3079/2245/2805 3080/2246/2806 3078/2244/2804
f 3081/2247/2807 3082/2248/2808 3083/2249/2809
f 3084/2250/2810 3085/2251/2811 3060/2226/2788
f 3086/2252/2812 3087/2253/2813 3088/2254/2814
f 3021/2187/2751 3020/2186/2750 3089/2255/2815
f 3090/2256/2816 3091/2257/2817 3082/2248/2808
f 3092/2258/2818 3050/2216/2779 3052/2218/2781
f 3093/2259/2819 3094/2260/2820 3092/2258/2818
f 3095/2261/2821 3096/2262/2822 3097/2263/2823
f 3098/2264/2824 3099/2265/2825 3068/2234/2796
f 3081/2247/2807 3100/2266/2826 3101/2267/2827
f 3102/2268/2828 3103/2269/2829 3104/2270/2830
f 3004/2170/2734 3000/2166/2730 3005/2171/2735
f 3105/2271/2831 3106/2272/2832 3107/2273/2833
f 3108/2274/2834 3109/2275/2835 3110/2276/2836
f 3111/2277/2837 3112/2278/2838 3113/2279/2839
f 3114/2280/2840 3090/2256/2816 3115/2281/2841
f 3116/2282/2842 3117/2283/2843 3118/2284/2844
f 3119/2285/2845 3120/2286/2846 3121/2287/2847
f 2996/2162/2726 3122/2288/2848 2997/2163/2727
f 3057/2223/2786 3123/2289/2849 3014/2180/2744
f 3124/2290/2850 3045/2211/2775 3125/2291/2851
f 3126/2292/2852 3127/2293/2853 3128/2294/2854
f 3104/2270/2830 3129/2295/2855 3102/2268/2828
f 3130/2296/2856 3131/2297/2857 3132/2298/2858
f 3009/2175/2739 3133/2299/2859 3010/2176/2740
f 3116/2282/2842 3134/2300/2860 3135/2301/2861
f 3136/2302/2862 3137/2303/2863 3138/2304/2864
f 3005/2171/2735 3000/2166/2730 3014/2180/2744
f 3014/2180/2744 3123/2289/2849 3005/2171/2735
f 3090/2256/2816 3081/2247/2807 3101/2267/2827
f 3082/2248/2808 3081/2247/2807 3090/2256/2816
f 3119/2285/2845 3111/2277/2837 3120/2286/2846
f 3096/2262/2822 3139/2305/2865 3140/2306/2866
f 3141/2307/2867 3142/2308/2868 3143/2309/2869
f 3144/2310/2870 3145/2311/2871 2978/2144/2708
f 3099/2265/2825 3066/2232/2794 3068/2234/2796
f 3139/2305/2865 3096/2262/2822 3146/2312/2825
f 3025/2191/2755 3058/2224/2759 3026/2192/2756
f 2991/2157/2721 3002/2168/2732 3147/2313/2872
f 3148/2314/2873 2971/2137/2701 2973/2139/2703
f 2986/2152/2716 3149/2315/2874 3150/2316/2875
f 3151/2317/2876 3152/2318/2800 3153/2319/2877
f 3154/2320/2878 3151/2317/2876 3153/2319/2877
f 3045/2211/2775 3155/2321/2879 3046/2212/2776
f 3020/2186/2750 3028/2194/2758 3089/2255/2815
f 3156/2322/2880 3157/2323/2881 3158/2324/2882
f 3159/2325/2883 3160/2326/2884 3161/2327/2885
f 3162/2328/2886 2975/2141/2705 3163/2329/2887
f 2974/2140/2704 3163/2329/2887 2975/2141/2705
f 3022/2188/2752 3164/2330/2888 3165/2331/2889
f 3165/2331/2889 3020/2186/2750 3022/2188/2752
f 3166/2332/2890 3012/2178/2742 3015/2181/2745
f 3167/2333/2891 3168/2334/2892 3169/2335/2893
f 2976/2142/2706 3106/2272/2832 3006/2172/2736
f 3004/2170/2734 3106/2272/2832 3105/2271/2831
f 3078/2244/2804 3170/2336/2894 3171/2337/2895
f 3172/2338/2896 3173/2339/2897 3174/2340/2898
f 3175/2341/2899 3176/2342/2900 3177/2343/2901
f 3113/2279/2839 3112/2278/2838 2995/2161/2725
f 3178/2344/2902 3025/2191/2755 3027/2193/2757
f 3179/2345/2903 3180/2346/2904 3166/2332/2890
f 3181/2347/2905 3155/2321/2879 3182/2348/2906
f 3183/2349/2907 3184/2350/2908 3185/2351/2909
f 3059/2225/2787 3177/2343/2901 2986/2152/2716
f 3149/2315/2874 2986/2152/2716 3177/2343/2901
f 3023/2189/2753 3033/2199/2763 3032/2198/2762
f 3005/2171/2735 3037/2203/2767 3003/2169/2733
f 3117/2283/2843 3116/2282/2842 3135/2301/2861
f 3090/2256/2816 3186/2352/2910 3187/2353/2911
f 3178/2344/2902 3188/2354/2912 3189/2355/2913
f 3190/2356/2914 3169/2335/2893 3168/2334/2892
f 3067/2233/2795 3191/2357/2915 3192/2358/2916
f 3193/2359/2917 3059/2225/2787 2988/2154/2718
f 3123/2289/2849 3045/2211/2775 3124/2290/2850
f 3045/2211/2775 3123/2289/2849 3155/2321/2879
f 3194/2360/2918 3195/2361/2919 3196/2362/2920
f 3027/2193/2757 3180/2346/2904 3197/2363/2921
f 3186/2352/2910 3198/2364/2922 3187/2353/2911
f 3199/2365/2923 3200/2366/2827 3118/2284/2844
f 3193/2359/2917 3201/2367/2924 3202/2368/2915
f 3203/2369/2925 2984/2150/2714 2983/2149/2713
f 3107/2273/2833 2975/2141/2705 3162/2328/2886
f 3204/2370/2926 2971/2137/2701 3148/2314/2873
f 3189/2355/2913 3188/2354/2912 3205/2371/2927
f 3189/2355/2913 3206/2372/2856 3058/2224/2759
f 2993/2159/2723 3204/2370/2926 3207/2373/2928
f 3001/2167/2731 3105/2271/2831 3107/2273/2833
f 3060/2226/2788 3061/2227/2789 3068/2234/2796
f 3068/2234/2796 3067/2233/2795 3192/2358/2916
f 3208/2374/2929 3209/2375/2930 3210/2376/2931
f 3179/2345/2903 3211/2377/2932 3180/2346/2904
f 3197/2363/2921 3212/2378/2933 3027/2193/2757
f 3213/2379/2934 3209/2375/2930 3208/2374/2929
f 3214/2380/2935 2980/2146/2710 3215/2381/2936
f 3053/2219/2782 2985/2151/2715 3056/2222/2785
f 3194/2360/2918 3216/2382/2937 3210/2376/2931
f 3217/2383/2938 3218/2384/2939 3219/2385/2940
f 3220/2386/2941 3221/2387/2942 3222/2388/2943
f 3103/2269/2829 3223/2389/2944 3224/2390/2945
f 3049/2215/2778 3056/2222/2785 2985/2151/2715
f 3049/2215/2778 2985/2151/2715 2984/2150/2714
f 2995/2161/2725 2997/2163/2727 3085/2251/2811
f 2997/2163/2727 3060/2226/2788 3085/2251/2811
f 3225/2391/2946 3226/2392/2947 3213/2379/2934
f 3227/2393/2948 3228/2394/2937 3229/2395/2949
f 3230/2396/2950 3063/2229/2791 3062/2228/2790
f 3231/2397/2951 3071/2237/2798 3232/2398/2950
f 3233/2399/2952 3096/2262/2822 3095/2261/2821
f 3146/2312/2825 3096/2262/2822 3234/2400/2953
f 2982/2148/2712 2981/2147/2711 3094/2260/2820
f 3050/2216/2779 3214/2380/2935 3051/2217/2780
f 3009/2175/2739 2992/2158/2722 3043/2209/2773
f 3012/2178/2742 2999/2165/2729 3016/2182/2746
f 3084/2250/2810 3060/2226/2788 3235/2401/2954
f 2976/2142/2706 3006/2172/2736 3008/2174/2738
f 3047/2213/2764 3236/2402/2955 3062/2228/2790
f 3237/2403/2951 3230/2396/2950 3238/2404/2956
f 3215/2381/2936 2980/2146/2710 3239/2405/2957
f 3239/2405/2957 2980/2146/2710 3073/2239/2800
f 3240/2406/2729 2992/2158/2722 3009/2175/2739
f 3240/2406/2729 2993/2159/2723 2992/2158/2722
f 3199/2365/2923 3118/2284/2844 3241/2407/2958
f 3187/2353/2911 3198/2364/2922 3242/2408/2959
f 3243/2409/2846 3244/2410/2960 3140/2306/2866
f 3096/2262/2822 3140/2306/2866 3097/2263/2823
f 3245/2411/2818 3246/2412/2961 3247/2413/2962
f 3248/2414/2963 3249/2415/2964 3250/2416/2965
f 3089/2255/2815 3028/2194/2758 3030/2196/2760
f 3220/2386/2941 3251/2417/2966 3221/2387/2942
f 3122/2288/2848 3061/2227/2789 2997/2163/2727
f 3108/2274/2834 3252/2418/2967 3098/2264/2824
f 3253/2419/2968 3254/2420/2969 3255/2421/2970
f 3256/2422/2971 3257/2423/2972 3101/2267/2827
f 3038/2204/2768 3037/2203/2767 3005/2171/2735
f 3038/2204/2768 3124/2290/2850 3125/2291/2851
f 3258/2424/2973 2985/2151/2715 3054/2220/2783
f 3259/2425/2974 3260/2426/2975 3151/2317/2876
f 3104/2270/2830 3103/2269/2829 3224/2390/2945
f 3138/2304/2864 3261/2427/2976 3136/2302/2862
f 3162/2328/2886 3262/2428/2977 3107/2273/2833
f 3144/2310/2870 3262/2428/2977 3145/2311/2871
f 3143/2309/2869 3142/2308/2868 3263/2429/2978
f 3248/2414/2963 3247/2413/2962 3246/2412/2961
f 3098/2264/2824 3252/2418/2967 3099/2265/2825
f 3139/2305/2865 3146/2312/2825 3264/2430/2979
f 3043/2209/2773 3044/2210/2774 3265/2431/2771
f 3132/2298/2858 3131/2297/2857 3133/2299/2859
f 3109/2275/2835 3108/2274/2834 3120/2286/2846
f 3266/2432/2980 3109/2275/2835 3120/2286/2846
f 3267/2433/2981 3268/2434/2982 3269/2435/2983
f 3256/2422/2971 3270/2436/2984 3253/2419/2968
f 2994/2160/2724 3176/2342/2900 3044/2210/2774
f 3150/2316/2875 3176/2342/2900 3207/2373/2928
f 3269/2435/2983 3271/2437/2985 3272/2438/2984
f 3273/2439/2986 3255/2421/2970 3254/2420/2969
f 3222/2388/2943 3221/2387/2942 3172/2338/2896
f 3222/2388/2943 3172/2338/2896 3274/2440/2895
f 3217/2383/2938 3227/2393/2948 3229/2395/2949
f 3275/2441/2987 3229/2395/2949 3276/2442/2988
f 3277/2443/2980 3243/2409/2846 3140/2306/2866
f 3140/2306/2866 3278/2444/2989 3277/2443/2980
f 3169/2335/2893 3190/2356/2914 3195/2361/2919
f 3279/2445/2990 3169/2335/2893 3195/2361/2919
f 3280/2446/2991 3281/2447/2992 3282/2448/2880
f 3283/2449/2993 3284/2450/2994 3109/2275/2835
f 3285/2451/2995 3147/2313/2872 3002/2168/2732
f 3285/2451/2995 3002/2168/2732 3077/2243/2803
f 3245/2411/2818 3286/2452/2996 3246/2412/2961
f 3052/2218/2781 3051/2217/2780 3287/2453/2997
f 3184/2350/2908 3069/2235/2769 3071/2237/2798
f 3288/2454/2998 3185/2351/2909 3184/2350/2908
f 3172/2338/2896 3103/2269/2829 3102/2268/2828
f 3102/2268/2828 3129/2295/2855 3172/2338/2896
f 3003/2169/2733 3007/2173/2737 3006/2172/2736
f 3289/2455/2762 3003/2169/2733 3037/2203/2767
f 3290/2456/2999 3278/2444/2989 3140/2306/2866
f 3158/2324/2882 3157/2323/2881 3290/2456/2999
f 3291/2457/3000 3091/2257/2817 3292/2458/3001
f 3291/2457/3000 3077/2243/2803 3013/2179/2743
f 3167/2333/2891 3010/2176/2740 3168/2334/2892
f 3133/2299/2859 3131/2297/2857 3010/2176/2740
f 3163/2329/2887 2974/2140/2704 3293/2459/3002
f 2974/2140/2704 3074/2240/2801 3076/2242/2802
f 3267/2433/2981 3269/2435/2983 3199/2365/2923
f 3272/2438/2984 3199/2365/2923 3269/2435/2983
f 3231/2397/2951 3294/2460/3003 3071/2237/2798
f 3036/2202/2766 3035/2201/2765 3288/2454/2998
f 3089/2255/2815 3030/2196/2760 3251/2417/2966
f 3295/2461/2966 3296/2462/3004 3291/2457/3000
f 3208/2374/2929 3210/2376/2931 3216/2382/2937
f 3226/2392/2947 3225/2391/2946 3297/2463/3005
f 3121/2287/2847 3098/2264/2824 3122/2288/2848
f 3119/2285/2845 3121/2287/2847 3122/2288/2848
f 3127/2293/2853 3114/2280/2840 3128/2294/2854
f 3128/2294/2854 3114/2280/2840 3298/2464/3006
f 3071/2237/2798 3299/2465/3007 3232/2398/2950
f 3300/2466/3007 3063/2229/2791 3230/2396/2950
f 3114/2280/2840 3127/2293/2853 3091/2257/2817
f 3091/2257/2817 3090/2256/2816 3114/2280/2840
f 3301/2467/2758 3182/2348/2906 3155/2321/2879
f 3123/2289/2849 3057/2223/2786 3155/2321/2879
f 3302/2468/3008 3126/2292/2852 3128/2294/2854
f 3137/2303/2863 3302/2468/3008 3128/2294/2854
f 3233/2399/2952 3177/2343/2901 3059/2225/2787
f 3059/2225/2787 3193/2359/2917 3234/2400/2953
f 3081/2247/2807 3083/2249/2809 3078/2244/2804
f 3171/2337/2895 3081/2247/2807 3078/2244/2804
f 3104/2270/2830 3303/2469/3009 3129/2295/2855
f 3104/2270/2830 3304/2470/3010 3305/2471/3011
f 3218/2384/2939 3306/2472/3012 3307/2473/2990
f 3306/2472/3012 3218/2384/2939 3217/2383/2938
f 3263/2429/2978 3142/2308/2868 3055/2221/2784
f 3263/2429/2978 3055/2221/2784 3049/2215/2778
f 3308/2474/3013 3064/2230/2792 3294/2460/3003
f 3309/2475/3014 3310/2476/3015 3238/2404/2956
f 3311/2477/2911 3312/2478/3016 3117/2283/2843
f 3313/2479/2970 3314/2480/3017 3267/2433/2981
f 3315/2481/2753 3037/2203/2767 3039/2205/2769
f 3315/2481/2753 3289/2455/2762 3037/2203/2767
f 3217/2383/2938 3229/2395/2949 3275/2441/2987
f 3275/2441/2987 3197/2363/2921 3316/2482/3018
f 2978/2144/2708 3162/2328/2886 3154/2320/2878
f 3153/2319/2877 2978/2144/2708 3154/2320/2878
f 3317/2483/3019 3278/2444/2989 3157/2323/2881
f 3157/2323/2881 3278/2444/2989 3290/2456/2999
f 3126/2292/2852 3302/2468/3008 3318/2484/3020
f 3305/2471/3011 3304/2470/3010 3319/2485/3021
f 3270/2436/2984 3320/2486/3022 3254/2420/2969
f 3254/2420/2969 3253/2419/2968 3270/2436/2984
f 3086/2252/2812 3088/2254/2814 3031/2197/2761
f 2989/2155/2719 3041/2207/2771 3040/2206/2770
f 3195/2361/2919 3190/2356/2914 3196/2362/2920
f 3190/2356/2914 3168/2334/2892 3017/2183/2747
f 3321/2487/3023 3069/2235/2769 3322/2488/2888
f 3069/2235/2769 3184/2350/2908 3322/2488/2888
f 3204/2370/2926 3148/2314/2873 3207/2373/2928
f 3148/2314/2873 2973/2139/2703 3207/2373/2928
f 3051/2217/2780 3214/2380/2935 3215/2381/2936
f 3248/2414/2963 3250/2416/2965 3323/2489/3024
f 3324/2490/3025 3325/2491/3026 3238/2404/2956
f 3326/2492/3027 3327/2493/3028 3308/2474/3013
f 3196/2362/2920 3190/2356/2914 3328/2494/3029
f 3275/2441/2987 3276/2442/2988 3329/2495/3030
f 3100/2266/2826 3081/2247/2807 3171/2337/2895
f 3173/2339/2897 3330/2496/3031 3174/2340/2898
f 3000/2166/2730 3105/2271/2831 3001/2167/2731
f 3000/2166/2730 3004/2170/2734 3105/2271/2831
f 3119/2285/2845 3112/2278/2838 3111/2277/2837
f 3119/2285/2845 3122/2288/2848 2996/2162/2726
f 2977/2143/2707 3331/2497/3032 2978/2144/2708
f 3141/2307/2867 3332/2498/3033 3247/2413/2962
f 3333/2499/3034 3334/2500/3027 3325/2491/3026
f 3335/2501/3035 3336/2502/3036 3337/2503/3037
f 3095/2261/2821 3097/2263/2823 3338/2504/3038
f 3175/2341/2899 3177/2343/2901 3338/2504/3038
f 3317/2483/3019 3277/2443/2980 3278/2444/2989
f 3109/2275/2835 3266/2432/2980 3339/2505/3039
f 3304/2470/3010 3224/2390/2945 3340/2506/3020
f 3104/2270/2830 3224/2390/2945 3304/2470/3010
f 3323/2489/3024 3250/2416/2965 3341/2507/2936
f 3342/2508/3040 3323/2489/3024 3341/2507/2936
f 3332/2498/3033 3245/2411/2818 3247/2413/2962
f 3343/2509/3033 3093/2259/2819 3092/2258/2818
f 3344/2510/3041 3309/2475/3014 3238/2404/2956
f 3344/2510/3041 3345/2511/3042 3309/2475/3014
f 3346/2512/3043 3087/2253/2813 3086/2252/2812
f 3040/2206/2770 3042/2208/2772 3346/2512/3043
f 3120/2286/2846 3111/2277/2837 3347/2513/3044
f 3244/2410/2960 3097/2263/2823 3140/2306/2866
f 2989/2155/2719 3086/2252/2812 3031/2197/2761
f 2989/2155/2719 3031/2197/2761 3033/2199/2763
f 3348/2514/3045 3318/2484/3020 3261/2427/2976
f 3261/2427/2976 3318/2484/3020 3302/2468/3008
f 2973/2139/2703 3049/2215/2778 2987/2153/2717
f 2987/2153/2717 3049/2215/2778 2984/2150/2714
f 3161/2327/2885 3349/2515/3046 3159/2325/2883
f 3284/2450/2994 3282/2448/2880 3281/2447/2992
f 3324/2490/3025 3062/2228/2790 3236/2402/2955
f 3308/2474/3013 3327/2493/3028 3064/2230/2792
f 3350/2516/2883 3351/2517/3047 3352/2518/3048
f 3353/2519/3049 3350/2516/2883 3352/2518/3048
f 3324/2490/3025 3238/2404/2956 3062/2228/2790
f 3062/2228/2790 3238/2404/2956 3230/2396/2950
f 3292/2458/3001 3295/2461/2966 3291/2457/3000
f 3103/2269/2829 3251/2417/2966 3354/2520/3001
f 2987/2153/2717 2984/2150/2714 2988/2154/2718
f 3203/2369/2925 3201/2367/2924 2984/2150/2714
f 3111/2277/2837 3355/2521/3050 3347/2513/3044
f 3113/2279/2839 3355/2521/3050 3111/2277/2837
f 3356/2522/3051 3225/2391/2946 3208/2374/2929
f 3225/2391/2946 3213/2379/2934 3208/2374/2929
f 3205/2371/2927 3188/2354/2912 3357/2523/2747
f 3190/2356/2914 3017/2183/2747 3358/2524/3052
f 3359/2525/3053 3157/2323/2881 3156/2322/2880
f 3157/2323/2881 3360/2526/3054 3317/2483/3019
f 3257/2423/2972 3198/2364/2922 3186/2352/2910
f 3242/2408/2959 3198/2364/2922 3257/2423/2972
f 3110/2276/2836 3281/2447/2992 3280/2446/2991
f 3108/2274/2834 3110/2276/2836 3252/2418/2967
f 3361/2527/3055 3200/2366/2827 3362/2528/3056
f 3330/2496/3031 3116/2282/2842 3361/2527/3055
f 2982/2148/2712 3094/2260/2820 3093/2259/2819
f 2978/2144/2708 3153/2319/2877 2979/2145/2709
f 3275/2441/2987 3212/2378/2933 3197/2363/2921
f 3212/2378/2933 3275/2441/2987 3329/2495/3030
f 3147/2313/2872 3363/2529/2858 2991/2157/2721
f 3041/2207/2771 2989/2155/2719 2991/2157/2721
f 3172/2338/2896 3221/2387/2942 3103/2269/2829
f 3221/2387/2942 3251/2417/2966 3103/2269/2829
f 3110/2276/2836 3280/2446/2991 3252/2418/2967
f 3290/2456/2999 3264/2430/2979 3158/2324/2882
f 3155/2321/2879 3181/2347/2905 3046/2212/2776
f 3035/2201/2765 3185/2351/2909 3288/2454/2998
f 3050/2216/2779 3092/2258/2818 3094/2260/2820
f 3094/2260/2820 3214/2380/2935 3050/2216/2779
f 3004/2170/2734 3006/2172/2736 3106/2272/2832
f 3006/2172/2736 3004/2170/2734 3003/2169/2733
f 3363/2529/2858 3041/2207/2771 2991/2157/2721
f 3132/2298/2858 3133/2299/2859 3265/2431/2771
f 3083/2249/2809 3013/2179/2743 3078/2244/2804
f 3083/2249/2809 3291/2457/3000 3013/2179/2743
f 3168/2334/2892 3010/2176/2740 3131/2297/2857
f 3017/2183/2747 3168/2334/2892 3018/2184/2748
f 3117/2283/2843 3135/2301/2861 3311/2477/2911
f 3115/2281/2841 3090/2256/2816 3187/2353/2911
f 3065/2231/2793 3074/2240/2801 2974/2140/2704
f 3201/2367/2924 3203/2369/2925 3202/2368/2915
f 3346/2512/3043 3086/2252/2812 3040/2206/2770
f 2989/2155/2719 3040/2206/2770 3086/2252/2812
f 3154/2320/2878 3293/2459/3002 3151/2317/2876
f 2974/2140/2704 3076/2242/2802 3293/2459/3002
f 3005/2171/2735 3123/2289/2849 3124/2290/2850
f 3038/2204/2768 3005/2171/2735 3124/2290/2850
f 3294/2460/3003 3231/2397/2951 3308/2474/3013
f 3335/2501/3035 3308/2474/3013 3336/2502/3036
f 3281/2447/2992 3110/2276/2836 3109/2275/2835
f 3281/2447/2992 3109/2275/2835 3284/2450/2994
f 3118/2284/2844 3117/2283/2843 3241/2407/2958
f 3117/2283/2843 3312/2478/3016 3267/2433/2981
f 2990/2156/2720 2989/2155/2719 3033/2199/2763
f 2990/2156/2720 3033/2199/2763 3023/2189/2753
f 3103/2269/2829 3354/2520/3001 3223/2389/2944
f 3127/2293/2853 3292/2458/3001 3091/2257/2817
f 3364/2530/3057 3262/2428/2977 3144/2310/2870
f 3331/2497/3032 3365/2531/3033 3364/2530/3057
f 3366/2532/3058 3125/2291/2851 3045/2211/2775
f 3071/2237/2798 3070/2236/2797 3367/2533/3059
f 3301/2467/2758 3057/2223/2786 3058/2224/2759
f 3155/2321/2879 3057/2223/2786 3301/2467/2758
f 3144/2310/2870 3331/2497/3032 3364/2530/3057
f 3331/2497/3032 3144/2310/2870 2978/2144/2708
f 3362/2528/3056 3330/2496/3031 3361/2527/3055
f 3174/2340/2898 3330/2496/3031 3362/2528/3056
f 3233/2399/2952 3059/2225/2787 3234/2400/2953
f 3096/2262/2822 3233/2399/2952 3234/2400/2953
f 3166/2332/2890 3027/2193/2757 3012/2178/2742
f 3180/2346/2904 3027/2193/2757 3166/2332/2890
f 3219/2385/2940 3368/2534/3060 3227/2393/2948
f 3219/2385/2940 3227/2393/2948 3217/2383/2938
f 3369/2535/3061 3151/2317/2876 3293/2459/3002
f 3075/2241/2713 3151/2317/2876 3369/2535/3061
f 3028/2194/2758 3020/2186/2750 3370/2536/2907
f 3020/2186/2750 3165/2331/2889 3370/2536/2907
f 3001/2167/2731 3107/2273/2833 3371/2537/2723
f 2999/2165/2729 3001/2167/2731 3371/2537/2723
f 3303/2469/3009 3305/2471/3011 3319/2485/3021
f 3305/2471/3011 3303/2469/3009 3104/2270/2830
f 3142/2308/2868 3247/2413/2962 3248/2414/2963
f 3142/2308/2868 3141/2307/2867 3247/2413/2962
f 3177/2343/2901 3176/2342/2900 3149/2315/2874
f 3150/2316/2875 3149/2315/2874 3176/2342/2900
f 3344/2510/3041 3334/2500/3027 3345/2511/3042
f 3326/2492/3027 3308/2474/3013 3335/2501/3035
f 3192/2358/2916 3191/2357/2915 3372/2538/2728
f 3060/2226/2788 3068/2234/2796 3192/2358/2916
f 3360/2526/3054 3373/2539/2993 3317/2483/3019
f 3283/2449/2993 3109/2275/2835 3339/2505/3039
f 2976/2142/2706 2975/2141/2705 3106/2272/2832
f 3106/2272/2832 2975/2141/2705 3107/2273/2833
f 3055/2221/2784 3142/2308/2868 3248/2414/2963
f 3055/2221/2784 3248/2414/2963 3056/2222/2785
f 3151/2317/2876 3260/2426/2975 3152/2318/2800
f 3239/2405/2957 3073/2239/2800 3374/2540/2975
f 3122/2288/2848 3098/2264/2824 3061/2227/2789
f 3098/2264/2824 3068/2234/2796 3061/2227/2789
f 3359/2525/3053 3360/2526/3054 3157/2323/2881
f 3373/2539/2993 3360/2526/3054 3359/2525/3053
f 3241/2407/2958 3117/2283/2843 3267/2433/2981
f 3267/2433/2981 3199/2365/2923 3241/2407/2958
f 3338/2504/3038 3177/2343/2901 3095/2261/2821
f 3177/2343/2901 3233/2399/2952 3095/2261/2821
f 3375/2541/3062 3376/2542/3063 3093/2259/2819
f 3375/2541/3062 3093/2259/2819 3343/2509/3033
f 3186/2352/2910 3090/2256/2816 3101/2267/2827
f 3257/2423/2972 3186/2352/2910 3101/2267/2827
f 3031/2197/2761 3088/2254/2814 3032/2198/2762
f 3007/2173/2737 3003/2169/2733 3289/2455/2762
f 3170/2336/2894 3078/2244/2804 3080/2246/2806
f 3021/2187/2751 3220/2386/2941 3222/2388/2943
f 3047/2213/2764 3063/2229/2791 3045/2211/2775
f 3045/2211/2775 3063/2229/2791 3300/2466/3007
f 3143/2309/2869 3263/2429/2978 2972/2138/2702
f 2972/2138/2702 3263/2429/2978 3049/2215/2778
f 3308/2474/3013 3231/2397/2951 3336/2502/3036
f 3238/2404/2956 3310/2476/3015 3237/2403/2951
f 3162/2328/2886 3163/2329/2887 3154/2320/2878
f 3163/2329/2887 3293/2459/3002 3154/2320/2878
f 3373/2539/2993 3359/2525/3053 3161/2327/2885
f 3161/2327/2885 3359/2525/3053 3349/2515/3046
f 3128/2294/2854 3298/2464/3006 3137/2303/2863
f 3172/2338/2896 3129/2295/2855 3173/2339/2897
f 3054/2220/2783 3053/2219/2782 3342/2508/3040
f 3342/2508/3040 3053/2219/2782 3323/2489/3024
f 3133/2299/2859 3009/2175/2739 3043/2209/2773
f 3133/2299/2859 3043/2209/2773 3265/2431/2771
f 3212/2378/2933 3188/2354/2912 3178/2344/2902
f 3178/2344/2902 3027/2193/2757 3212/2378/2933
f 3051/2217/2780 3215/2381/2936 3377/2543/3064
f 3051/2217/2780 3377/2543/3064 3287/2453/2997
f 3079/2245/2805 3078/2244/2804 3072/2238/2799
f 3079/2245/2805 3072/2238/2799 3024/2190/2754
f 3366/2532/3058 3048/2214/2777 3125/2291/2851
f 3125/2291/2851 3048/2214/2777 3038/2204/2768
f 3293/2459/3002 3076/2242/2802 3369/2535/3061
f 3075/2241/2713 3369/2535/3061 3076/2242/2802
f 2971/2137/2701 3204/2370/2926 3143/2309/2869
f 2972/2138/2702 2971/2137/2701 3143/2309/2869
f 3325/2491/3026 3324/2490/3025 3333/2499/3034
f 3324/2490/3025 3236/2402/2955 3333/2499/3034
f 3268/2434/2982 3271/2437/2985 3269/2435/2983
f 3267/2433/2981 3314/2480/3017 3268/2434/2982
f 3220/2386/2941 3089/2255/2815 3251/2417/2966
f 3220/2386/2941 3021/2187/2751 3089/2255/2815
f 3273/2439/2986 3254/2420/2969 3320/2486/3022
f 3378/2544/2982 3273/2439/2986 3320/2486/3022
f 3071/2237/2798 3036/2202/2766 3288/2454/2998
f 3288/2454/2998 3184/2350/2908 3071/2237/2798
f 3180/2346/2904 3211/2377/2932 3307/2473/2990
f 3307/2473/2990 3197/2363/2921 3180/2346/2904
f 3373/2539/2993 3161/2327/2885 3160/2326/2884
f 3353/2519/3049 3284/2450/2994 3283/2449/2993
f 3248/2414/2963 3246/2412/2961 3249/2415/2964
f 3286/2452/2996 3249/2415/2964 3246/2412/2961
f 3082/2248/2808 3091/2257/2817 3291/2457/3000
f 3083/2249/2809 3082/2248/2808 3291/2457/3000
f 3027/2193/2757 3026/2192/2756 3012/2178/2742
f 3026/2192/2756 3057/2223/2786 3012/2178/2742
f 3235/2401/2954 3060/2226/2788 3372/2538/2728
f 3060/2226/2788 3192/2358/2916 3372/2538/2728
f 3325/2491/3026 3344/2510/3041 3238/2404/2956
f 3325/2491/3026 3334/2500/3027 3344/2510/3041
f 3279/2445/2990 3379/2545/3065 3209/2375/2930
f 3218/2384/2939 3307/2473/2990 3380/2546/3066
f 3145/2311/2871 3162/2328/2886 2978/2144/2708
f 3145/2311/2871 3262/2428/2977 3162/2328/2886
f 3071/2237/2798 3294/2460/3003 3036/2202/2766
f 3064/2230/2792 3036/2202/2766 3294/2460/3003
f 3356/2522/3051 3297/2463/3005 3225/2391/2946
f 3297/2463/3005 3356/2522/3051 3381/2547/3067
f 3188/2354/2912 3212/2378/2933 3329/2495/3030
f 3358/2524/3052 3328/2494/3029 3190/2356/2914
f 3112/2278/2838 3119/2285/2845 2996/2162/2726
f 2996/2162/2726 2995/2161/2725 3112/2278/2838
f 3296/2462/3004 3285/2451/2995 3077/2243/2803
f 3291/2457/3000 3296/2462/3004 3077/2243/2803
f 3018/2184/2748 3131/2297/2857 3130/2296/2856
f 3131/2297/2857 3018/2184/2748 3168/2334/2892
f 3174/2340/2898 3362/2528/3056 3274/2440/2895
f 3274/2440/2895 3172/2338/2896 3174/2340/2898
f 3195/2361/2919 3379/2545/3065 3279/2445/2990
f 3210/2376/2931 3195/2361/2919 3194/2360/2918
f 3382/2548/3068 3234/2400/2953 3193/2359/2917
f 3382/2548/3068 3193/2359/2917 3202/2368/2915
f 3116/2282/2842 3173/2339/2897 3134/2300/2860
f 3173/2339/2897 3116/2282/2842 3330/2496/3031
f 3299/2465/3007 3071/2237/2798 3367/2533/3059
f 3300/2466/3007 3366/2532/3058 3045/2211/2775
f 3356/2522/3051 3208/2374/2929 3216/2382/2937
f 3381/2547/3067 3356/2522/3051 3216/2382/2937
f 3118/2284/2844 3361/2527/3055 3116/2282/2842
f 3361/2527/3055 3118/2284/2844 3200/2366/2827
f 3056/2222/2785 3323/2489/3024 3053/2219/2782
f 3248/2414/2963 3323/2489/3024 3056/2222/2785
f 3307/2473/2990 3306/2472/3012 3197/2363/2921
f 3316/2482/3018 3197/2363/2921 3306/2472/3012
f 3253/2419/2968 3255/2421/2970 3242/2408/2959
f 3313/2479/2970 3267/2433/2981 3312/2478/3016
f 3156/2322/2880 3349/2515/3046 3359/2525/3053
f 3352/2518/3048 3351/2517/3047 3282/2448/2880
f 3346/2512/3043 3042/2208/2772 3383/2549/3069
f 3175/2341/2899 3044/2210/2774 3176/2342/2900
f 3011/2177/2741 3010/2176/2740 3167/2333/2891
f 3179/2345/2903 3166/2332/2890 3015/2181/2745
f 3379/2545/3065 3210/2376/2931 3209/2375/2930
f 3379/2545/3065 3195/2361/2919 3210/2376/2931
f 2993/2159/2723 3207/2373/2928 2994/2160/2724
f 2994/2160/2724 3207/2373/2928 3176/2342/2900
f 3130/2296/2856 3019/2185/2749 3018/2184/2748
f 3189/2355/2913 3205/2371/2927 3206/2372/2856
f 3376/2542/3063 3073/2239/2800 2982/2148/2712
f 3376/2542/3063 2982/2148/2712 3093/2259/2819
f 3201/2367/2924 2988/2154/2718 2984/2150/2714
f 2988/2154/2718 3201/2367/2924 3193/2359/2917
f 3253/2419/2968 3242/2408/2959 3257/2423/2972
f 3253/2419/2968 3257/2423/2972 3256/2422/2971
f 3136/2302/2862 3261/2427/2976 3302/2468/3008
f 3136/2302/2862 3302/2468/3008 3137/2303/2863
f 3207/2373/2928 2973/2139/2703 3150/2316/2875
f 3150/2316/2875 2973/2139/2703 2986/2152/2716
f 3121/2287/2847 3108/2274/2834 3098/2264/2824
f 3120/2286/2846 3108/2274/2834 3121/2287/2847
f 2981/2147/2711 3214/2380/2935 3094/2260/2820
f 2980/2146/2710 3214/2380/2935 2981/2147/2711
f 3226/2392/2947 3297/2463/3005 3384/2550/3070
f 3385/2551/2947 3219/2385/2940 3218/2384/2939
f 3322/2488/2888 3184/2350/2908 3386/2552/2889
f 3183/2349/2907 3386/2552/2889 3184/2350/2908
f 3282/2448/2880 3284/2450/2994 3352/2518/3048
f 3352/2518/3048 3284/2450/2994 3353/2519/3049
f 3375/2541/3062 3343/2509/3033 3387/2553/3071
f 3365/2531/3033 3331/2497/3032 2977/2143/2707
f 3316/2482/3018 3217/2383/2938 3275/2441/2987
f 3306/2472/3012 3217/2383/2938 3316/2482/3018
f 3264/2430/2979 3290/2456/2999 3139/2305/2865
f 3139/2305/2865 3290/2456/2999 3140/2306/2866
f 3189/2355/2913 3025/2191/2755 3178/2344/2902
f 3025/2191/2755 3189/2355/2913 3058/2224/2759
f 3075/2241/2713 3259/2425/2974 3151/2317/2876
f 2985/2151/2715 3258/2424/2973 2983/2149/2713
f 3388/2137/3072 3389/2138/3073 3390/2139/3074
f 3391/2140/3075 3392/2141/3076 3393/2142/3077
f 3394/2143/3078 3395/2144/3079 3396/2145/3080
f 3397/2146/3081 3398/2147/3082 3399/2148/3083
f 3400/2149/3084 3401/2150/3085 3402/2151/3086
f 3403/2152/3087 3404/2153/3088 3405/2154/3089
f 3406/2155/3090 3407/2156/3091 3408/2157/3092
f 3409/2158/3093 3410/2159/3094 3411/2160/3095
f 3412/2161/3096 3413/2162/3097 3414/2163/3098
f 3415/2164/3099 3391/2140/3075 3393/2142/3077
f 3416/2165/3100 3417/2166/3101 3418/2167/3102
f 3407/2156/3091 3419/2168/3103 3408/2157/3092
f 3420/2169/3104 3421/2170/3105 3422/2171/3106
f 3423/2172/3107 3424/2173/3108 3425/2174/3109
f 3426/2175/3110 3427/2176/3111 3428/2177/3112
f 3429/2178/3113 3417/2166/3101 3416/2165/3100
f 3430/2179/3114 3419/2168/3103 3407/2156/3091
f 3431/2180/3115 3417/2166/3101 3429/2178/3113
f 3432/2181/3112 3429/2178/3113 3433/2182/3116
f 3434/2183/3117 3435/2184/3118 3436/2185/3119
f 3437/2186/3120 3438/2187/3121 3439/2188/3122
f 3430/2179/3114 3440/2189/3123 3441/2190/3124
f 3442/2191/3125 3443/2192/3126 3444/2193/3127
f 3445/2194/3128 3446/2195/3129 3447/2196/3130
f 3448/2197/3131 3449/2198/3132 3450/2199/3133
f 3430/2179/3114 3407/2156/3091 3440/2189/3123
f 3451/2200/3134 3452/2201/3135 3453/2202/3136
f 3454/2203/3137 3455/2204/3138 3456/2205/3139
f 3457/2206/3140 3458/2207/3141 3459/2208/3142
f 3460/2209/3143 3409/2158/3093 3461/2210/3142
f 3462/2211/3144 3463/2212/3135 3464/2213/3145
f 3456/2205/3139 3455/2204/3138 3465/2214/3146
f 3390/2139/3074 3389/2138/3073 3466/2215/3147
f 3467/2216/3148 3468/2217/3149 3469/2218/3150
f 3470/2219/3151 3471/2220/3152 3402/2151/3086
f 3472/2221/3153 3473/2222/3154 3466/2215/3147
f 3474/2223/3155 3431/2180/3115 3429/2178/3113
f 3475/2224/3156 3474/2223/3155 3443/2192/3126
f 3476/2225/3157 3403/2152/3087 3405/2154/3089
f 3477/2226/3158 3414/2163/3098 3478/2227/3159
f 3464/2213/3145 3479/2228/3160 3480/2229/3161
f 3481/2230/3162 3451/2200/3134 3453/2202/3136
f 3482/2231/3163 3391/2140/3075 3415/2164/3099
f 3483/2232/3164 3484/2233/3165 3485/2234/3166
f 3486/2235/3167 3487/2236/3146 3488/2237/3168
f 3430/2179/3114 3441/2190/3124 3489/2238/3169
f 3399/2148/3083 3490/2239/3170 3397/2146/3081
f 3491/2240/3171 3492/2241/3172 3493/2242/3173
f 3494/2243/3174 3419/2168/3103 3430/2179/3114
f 3495/2244/3175 3430/2179/3114 3489/2238/3169
f 3461/2210/3142 3409/2158/3093 3411/2160/3095
f 3403/2152/3087 3390/2139/3074 3404/2153/3088
f 3496/2245/3122 3497/2246/3176 3495/2244/3175
f 3498/2247/3177 3499/2248/3178 3500/2249/3179
f 3501/2250/3109 3502/2251/3180 3477/2226/3158
f 3503/2252/3181 3504/2253/3182 3505/2254/3183
f 3438/2187/3121 3437/2186/3120 3506/2255/3184
f 3507/2256/3185 3508/2257/3186 3499/2248/3178
f 3509/2258/3187 3467/2216/3148 3469/2218/3150
f 3510/2259/3188 3511/2260/3189 3509/2258/3187
f 3512/2261/3190 3513/2262/3191 3514/2263/3192
f 3515/2264/3193 3516/2265/3194 3485/2234/3166
f 3498/2247/3177 3517/2266/3195 3518/2267/3196
f 3519/2268/3197 3520/2269/3198 3521/2270/3199
f 3421/2170/3105 3417/2166/3101 3422/2171/3106
f 3522/2271/3200 3523/2272/3201 3524/2273/3202
f 3525/2274/3203 3526/2275/3204 3527/2276/3205
f 3528/2277/3206 3529/2278/3207 3530/2279/3208
f 3531/2280/3209 3507/2256/3185 3532/2281/3210
f 3533/2282/3211 3534/2283/3212 3535/2284/3213
f 3536/2285/3214 3537/2286/3215 3538/2287/3216
f 3413/2162/3097 3539/2288/3217 3414/2163/3098
f 3474/2223/3155 3540/2289/3218 3431/2180/3115
f 3541/2290/3219 3462/2211/3144 3542/2291/3220
f 3543/2292/3221 3544/2293/3222 3545/2294/3223
f 3521/2270/3199 3546/2295/3224 3519/2268/3197
f 3547/2296/3225 3548/2297/3226 3549/2298/3227
f 3426/2175/3110 3550/2299/3228 3427/2176/3111
f 3533/2282/3211 3551/2300/3209 3552/2301/3229
f 3553/2302/3230 3554/2303/3231 3555/2304/3232
f 3422/2171/3106 3417/2166/3101 3431/2180/3115
f 3431/2180/3115 3540/2289/3218 3422/2171/3106
f 3507/2256/3185 3498/2247/3177 3518/2267/3196
f 3499/2248/3178 3498/2247/3177 3507/2256/3185
f 3536/2285/3214 3528/2277/3206 3537/2286/3215
f 3513/2262/3191 3556/2305/3233 3557/2306/3234
f 3558/2307/3235 3559/2308/3236 3560/2309/3237
f 3561/2310/3238 3562/2311/3239 3395/2144/3079
f 3516/2265/3194 3483/2232/3164 3485/2234/3166
f 3556/2305/3233 3513/2262/3191 3563/2312/3240
f 3442/2191/3125 3475/2224/3156 3443/2192/3126
f 3408/2157/3092 3419/2168/3103 3564/2313/3225
f 3565/2314/3241 3388/2137/3072 3390/2139/3074
f 3403/2152/3087 3566/2315/3242 3567/2316/3243
f 3568/2317/3244 3569/2318/3245 3570/2319/3246
f 3571/2320/3247 3568/2317/3244 3570/2319/3246
f 3462/2211/3144 3572/2321/3248 3463/2212/3135
f 3437/2186/3120 3445/2194/3128 3506/2255/3184
f 3573/2322/3249 3574/2323/3250 3575/2324/3251
f 3576/2325/3252 3577/2326/3253 3578/2327/3254
f 3579/2328/3255 3392/2141/3076 3580/2329/3256
f 3391/2140/3075 3580/2329/3256 3392/2141/3076
f 3439/2188/3122 3581/2330/3124 3582/2331/3257
f 3582/2331/3257 3437/2186/3120 3439/2188/3122
f 3583/2332/3258 3429/2178/3113 3432/2181/3112
f 3584/2333/3259 3585/2334/3260 3586/2335/3261
f 3393/2142/3077 3523/2272/3201 3423/2172/3107
f 3421/2170/3105 3523/2272/3201 3522/2271/3200
f 3495/2244/3175 3587/2336/3262 3588/2337/3263
f 3589/2338/3264 3590/2339/3265 3591/2340/3266
f 3592/2341/3267 3593/2342/3268 3594/2343/3269
f 3530/2279/3208 3529/2278/3207 3412/2161/3096
f 3595/2344/3270 3442/2191/3125 3444/2193/3127
f 3596/2345/3271 3597/2346/3272 3583/2332/3258
f 3598/2347/3273 3572/2321/3248 3599/2348/3274
f 3600/2349/3275 3601/2350/3276 3602/2351/3277
f 3476/2225/3157 3594/2343/3269 3403/2152/3087
f 3566/2315/3242 3403/2152/3087 3594/2343/3269
f 3440/2189/3123 3450/2199/3133 3449/2198/3132
f 3422/2171/3106 3454/2203/3137 3420/2169/3104
f 3534/2283/3212 3533/2282/3211 3552/2301/3229
f 3507/2256/3185 3603/2352/3278 3604/2353/3279
f 3595/2344/3270 3605/2354/3280 3606/2355/3281
f 3607/2356/3282 3586/2335/3261 3585/2334/3260
f 3484/2233/3165 3608/2357/3283 3609/2358/3284
f 3610/2359/3285 3476/2225/3157 3405/2154/3089
f 3540/2289/3218 3462/2211/3144 3541/2290/3219
f 3462/2211/3144 3540/2289/3218 3572/2321/3248
f 3611/2360/3286 3612/2361/3287 3613/2362/3288
f 3444/2193/3127 3597/2346/3272 3614/2363/3289
f 3603/2352/3278 3615/2364/3290 3604/2353/3279
f 3616/2365/3291 3617/2366/3292 3535/2284/3213
f 3610/2359/3285 3618/2367/3293 3619/2368/3294
f 3620/2369/3295 3401/2150/3085 3400/2149/3084
f 3524/2273/3202 3392/2141/3076 3579/2328/3255
f 3621/2370/3296 3388/2137/3072 3565/2314/3241
f 3606/2355/3281 3605/2354/3280 3622/2371/3297
f 3606/2355/3281 3623/2372/3298 3475/2224/3156
f 3410/2159/3094 3621/2370/3296 3624/2373/3299
f 3418/2167/3102 3522/2271/3200 3524/2273/3202
f 3477/2226/3158 3478/2227/3159 3485/2234/3166
f 3485/2234/3166 3484/2233/3165 3609/2358/3284
f 3625/2374/3300 3626/2375/3301 3627/2376/3302
f 3596/2345/3271 3628/2377/3261 3597/2346/3272
f 3614/2363/3289 3629/2378/3303 3444/2193/3127
f 3630/2379/3304 3626/2375/3301 3625/2374/3300
f 3631/2380/3305 3397/2146/3081 3632/2381/3306
f 3470/2219/3151 3402/2151/3086 3473/2222/3154
f 3611/2360/3286 3633/2382/3307 3627/2376/3302
f 3634/2383/3308 3635/2384/3309 3636/2385/3310
f 3637/2386/3311 3638/2387/3312 3639/2388/3313
f 3520/2269/3198 3640/2389/3314 3641/2390/3315
f 3466/2215/3147 3473/2222/3154 3402/2151/3086
f 3466/2215/3147 3402/2151/3086 3401/2150/3085
f 3412/2161/3096 3414/2163/3098 3502/2251/3180
f 3414/2163/3098 3477/2226/3158 3502/2251/3180
f 3642/2391/3316 3643/2392/3317 3630/2379/3304
f 3644/2393/3318 3645/2394/3319 3646/2395/3320
f 3647/2396/3321 3480/2229/3161 3479/2228/3160
f 3648/2397/3322 3488/2237/3168 3649/2398/3323
f 3650/2399/3324 3513/2262/3191 3512/2261/3190
f 3563/2312/3240 3513/2262/3191 3651/2400/3325
f 3399/2148/3083 3398/2147/3082 3511/2260/3189
f 3467/2216/3148 3631/2380/3305 3468/2217/3149
f 3426/2175/3110 3409/2158/3093 3460/2209/3143
f 3429/2178/3113 3416/2165/3100 3433/2182/3116
f 3501/2250/3109 3477/2226/3158 3652/2401/3326
f 3393/2142/3077 3423/2172/3107 3425/2174/3109
f 3464/2213/3145 3653/2402/3162 3479/2228/3160
f 3654/2403/3327 3647/2396/3321 3655/2404/3328
f 3632/2381/3306 3397/2146/3081 3656/2405/3329
f 3656/2405/3329 3397/2146/3081 3490/2239/3170
f 3657/2406/3330 3409/2158/3093 3426/2175/3110
f 3657/2406/3330 3410/2159/3094 3409/2158/3093
f 3616/2365/3291 3535/2284/3213 3658/2407/3331
f 3604/2353/3279 3615/2364/3290 3659/2408/3332
f 3660/2409/3215 3661/2410/3333 3557/2306/3234
f 3513/2262/3191 3557/2306/3234 3514/2263/3192
f 3662/2411/3187 3663/2412/3334 3664/2413/3335
f 3665/2414/3336 3666/2415/3337 3667/2416/3338
f 3506/2255/3184 3445/2194/3128 3447/2196/3130
f 3637/2386/3311 3668/2417/3339 3638/2387/3312
f 3539/2288/3217 3478/2227/3159 3414/2163/3098
f 3525/2274/3203 3669/2418/3340 3515/2264/3193
f 3670/2419/3341 3671/2420/3342 3672/2421/3343
f 3673/2422/3291 3674/2423/3344 3518/2267/3196
f 3455/2204/3138 3454/2203/3137 3422/2171/3106
f 3455/2204/3138 3541/2290/3219 3542/2291/3220
f 3675/2424/3345 3402/2151/3086 3471/2220/3152
f 3676/2425/3345 3677/2426/3346 3568/2317/3244
f 3521/2270/3199 3520/2269/3198 3641/2390/3315
f 3555/2304/3232 3678/2427/3347 3553/2302/3230
f 3579/2328/3255 3679/2428/3348 3524/2273/3202
f 3561/2310/3238 3679/2428/3348 3562/2311/3239
f 3560/2309/3237 3559/2308/3236 3680/2429/3349
f 3665/2414/3336 3664/2413/3335 3663/2412/3334
f 3515/2264/3193 3669/2418/3340 3516/2265/3194
f 3556/2305/3233 3563/2312/3240 3681/2430/3350
f 3460/2209/3143 3461/2210/3142 3682/2431/3141
f 3549/2298/3227 3548/2297/3226 3550/2299/3228
f 3526/2275/3204 3525/2274/3203 3537/2286/3215
f 3683/2432/3351 3526/2275/3204 3537/2286/3215
f 3684/2433/3352 3685/2434/3353 3686/2435/3354
f 3673/2422/3291 3687/2436/3355 3670/2419/3341
f 3411/2160/3095 3593/2342/3268 3461/2210/3142
f 3567/2316/3243 3593/2342/3268 3624/2373/3299
f 3686/2435/3354 3688/2437/3356 3689/2438/3357
f 3690/2439/3358 3672/2421/3343 3671/2420/3342
f 3639/2388/3313 3638/2387/3312 3589/2338/3264
f 3639/2388/3313 3589/2338/3264 3691/2440/3359
f 3634/2383/3308 3644/2393/3318 3646/2395/3320
f 3692/2441/3360 3646/2395/3320 3693/2442/3288
f 3694/2443/3361 3660/2409/3215 3557/2306/3234
f 3557/2306/3234 3695/2444/3362 3694/2443/3361
f 3586/2335/3261 3607/2356/3282 3612/2361/3287
f 3696/2445/3363 3586/2335/3261 3612/2361/3287
f 3697/2446/3251 3698/2447/3364 3699/2448/3365
f 3700/2449/3366 3701/2450/3367 3526/2275/3204
f 3702/2451/3368 3564/2313/3225 3419/2168/3103
f 3702/2451/3368 3419/2168/3103 3494/2243/3174
f 3662/2411/3187 3703/2452/3369 3663/2412/3334
f 3469/2218/3150 3468/2217/3149 3704/2453/3370
f 3601/2350/3276 3486/2235/3167 3488/2237/3168
f 3705/2454/3371 3602/2351/3277 3601/2350/3276
f 3589/2338/3264 3520/2269/3198 3519/2268/3197
f 3519/2268/3197 3546/2295/3224 3589/2338/3264
f 3420/2169/3104 3424/2173/3108 3423/2172/3107
f 3706/2455/3372 3420/2169/3104 3454/2203/3137
f 3707/2456/3373 3695/2444/3362 3557/2306/3234
f 3575/2324/3251 3574/2323/3250 3707/2456/3373
f 3708/2457/3374 3508/2257/3186 3709/2458/3375
f 3708/2457/3374 3494/2243/3174 3430/2179/3114
f 3584/2333/3259 3427/2176/3111 3585/2334/3260
f 3550/2299/3228 3548/2297/3226 3427/2176/3111
f 3580/2329/3256 3391/2140/3075 3710/2459/3376
f 3391/2140/3075 3491/2240/3171 3493/2242/3173
f 3684/2433/3352 3686/2435/3354 3616/2365/3291
f 3689/2438/3357 3616/2365/3291 3686/2435/3354
f 3648/2397/3322 3711/2460/3377 3488/2237/3168
f 3453/2202/3136 3452/2201/3135 3705/2454/3371
f 3506/2255/3184 3447/2196/3130 3668/2417/3339
f 3712/2461/3339 3713/2462/3378 3708/2457/3374
f 3625/2374/3300 3627/2376/3302 3633/2382/3307
f 3643/2392/3317 3642/2391/3316 3714/2463/3379
f 3538/2287/3216 3515/2264/3193 3539/2288/3217
f 3536/2285/3214 3538/2287/3216 3539/2288/3217
f 3544/2293/3222 3531/2280/3209 3545/2294/3223
f 3545/2294/3223 3531/2280/3209 3715/2464/3380
f 3488/2237/3168 3716/2465/3381 3649/2398/3323
f 3717/2466/3381 3480/2229/3161 3647/2396/3321
f 3531/2280/3209 3544/2293/3222 3508/2257/3186
f 3508/2257/3186 3507/2256/3185 3531/2280/3209
f 3718/2467/3128 3599/2348/3274 3572/2321/3248
f 3540/2289/3218 3474/2223/3155 3572/2321/3248
f 3719/2468/3382 3543/2292/3221 3545/2294/3223
f 3554/2303/3231 3719/2468/3382 3545/2294/3223
f 3650/2399/3324 3594/2343/3269 3476/2225/3157
f 3476/2225/3157 3610/2359/3285 3651/2400/3325
f 3498/2247/3177 3500/2249/3179 3495/2244/3175
f 3588/2337/3263 3498/2247/3177 3495/2244/3175
f 3521/2270/3199 3720/2469/3232 3546/2295/3224
f 3521/2270/3199 3721/2470/3383 3722/2471/3384
f 3635/2384/3309 3723/2472/3385 3724/2473/3363
f 3723/2472/3385 3635/2384/3309 3634/2383/3308
f 3680/2429/3349 3559/2308/3236 3472/2221/3153
f 3680/2429/3349 3472/2221/3153 3466/2215/3147
f 3725/2474/3386 3481/2230/3162 3711/2460/3377
f 3726/2475/3387 3727/2476/3388 3655/2404/3328
f 3728/2477/3279 3729/2478/3389 3534/2283/3212
f 3730/2479/3390 3731/2480/3391 3684/2433/3352
f 3732/2481/3123 3454/2203/3137 3456/2205/3139
f 3732/2481/3123 3706/2455/3372 3454/2203/3137
f 3634/2383/3308 3646/2395/3320 3692/2441/3360
f 3692/2441/3360 3614/2363/3289 3733/2482/3392
f 3395/2144/3079 3579/2328/3255 3571/2320/3247
f 3570/2319/3246 3395/2144/3079 3571/2320/3247
f 3734/2483/3393 3695/2444/3362 3574/2323/3250
f 3574/2323/3250 3695/2444/3362 3707/2456/3373
f 3543/2292/3221 3719/2468/3382 3735/2484/3394
f 3722/2471/3384 3721/2470/3383 3736/2485/3395
f 3687/2436/3355 3737/2486/3396 3671/2420/3342
f 3671/2420/3342 3670/2419/3341 3687/2436/3355
f 3503/2252/3181 3505/2254/3183 3448/2197/3131
f 3406/2155/3090 3458/2207/3141 3457/2206/3140
f 3612/2361/3287 3607/2356/3282 3613/2362/3288
f 3607/2356/3282 3585/2334/3260 3434/2183/3117
f 3738/2487/3123 3486/2235/3167 3739/2488/3397
f 3486/2235/3167 3601/2350/3276 3739/2488/3397
f 3621/2370/3296 3565/2314/3241 3624/2373/3299
f 3565/2314/3241 3390/2139/3074 3624/2373/3299
f 3468/2217/3149 3631/2380/3305 3632/2381/3306
f 3665/2414/3336 3667/2416/3338 3740/2489/3398
f 3741/2490/3399 3742/2491/3400 3655/2404/3328
f 3743/2492/3401 3744/2493/3402 3725/2474/3386
f 3613/2362/3288 3607/2356/3282 3745/2494/3403
f 3692/2441/3360 3693/2442/3288 3746/2495/3403
f 3517/2266/3195 3498/2247/3177 3588/2337/3263
f 3590/2339/3265 3747/2496/3404 3591/2340/3266
f 3417/2166/3101 3522/2271/3200 3418/2167/3102
f 3417/2166/3101 3421/2170/3105 3522/2271/3200
f 3536/2285/3214 3529/2278/3207 3528/2277/3206
f 3536/2285/3214 3539/2288/3217 3413/2162/3097
f 3394/2143/3078 3748/2497/3405 3395/2144/3079
f 3558/2307/3235 3749/2498/3406 3664/2413/3335
f 3750/2499/3407 3751/2500/3408 3742/2491/3400
f 3752/2501/3409 3753/2502/3388 3754/2503/3410
f 3512/2261/3190 3514/2263/3192 3755/2504/3208
f 3592/2341/3267 3594/2343/3269 3755/2504/3208
f 3734/2483/3393 3694/2443/3361 3695/2444/3362
f 3526/2275/3204 3683/2432/3351 3756/2505/3393
f 3721/2470/3383 3641/2390/3315 3757/2506/3411
f 3521/2270/3199 3641/2390/3315 3721/2470/3383
f 3740/2489/3398 3667/2416/3338 3758/2507/3412
f 3759/2508/3413 3740/2489/3398 3758/2507/3412
f 3749/2498/3406 3662/2411/3187 3664/2413/3335
f 3760/2509/3414 3510/2259/3188 3509/2258/3187
f 3761/2510/3415 3726/2475/3387 3655/2404/3328
f 3761/2510/3415 3762/2511/3416 3726/2475/3387
f 3763/2512/3417 3504/2253/3182 3503/2252/3181
f 3457/2206/3140 3459/2208/3142 3763/2512/3417
f 3537/2286/3215 3528/2277/3206 3764/2513/3418
f 3661/2410/3333 3514/2263/3192 3557/2306/3234
f 3406/2155/3090 3503/2252/3181 3448/2197/3131
f 3406/2155/3090 3448/2197/3131 3450/2199/3133
f 3765/2514/3383 3735/2484/3394 3678/2427/3347
f 3678/2427/3347 3735/2484/3394 3719/2468/3382
f 3390/2139/3074 3466/2215/3147 3404/2153/3088
f 3404/2153/3088 3466/2215/3147 3401/2150/3085
f 3578/2327/3254 3766/2515/3419 3576/2325/3252
f 3701/2450/3367 3699/2448/3365 3698/2447/3364
f 3741/2490/3399 3479/2228/3160 3653/2402/3162
f 3725/2474/3386 3744/2493/3402 3481/2230/3162
f 3767/2516/3420 3768/2517/3421 3769/2518/3422
f 3770/2519/3423 3767/2516/3420 3769/2518/3422
f 3741/2490/3399 3655/2404/3328 3479/2228/3160
f 3479/2228/3160 3655/2404/3328 3647/2396/3321
f 3709/2458/3375 3712/2461/3339 3708/2457/3374
f 3520/2269/3198 3668/2417/3339 3771/2520/3424
f 3404/2153/3088 3401/2150/3085 3405/2154/3089
f 3620/2369/3295 3618/2367/3293 3401/2150/3085
f 3528/2277/3206 3772/2521/3192 3764/2513/3418
f 3530/2279/3208 3772/2521/3192 3528/2277/3206
f 3773/2522/3425 3642/2391/3316 3625/2374/3300
f 3642/2391/3316 3630/2379/3304 3625/2374/3300
f 3622/2371/3297 3605/2354/3280 3774/2523/3426
f 3607/2356/3282 3434/2183/3117 3775/2524/3427
f 3776/2525/3428 3574/2323/3250 3573/2322/3249
f 3574/2323/3250 3777/2526/3429 3734/2483/3393
f 3674/2423/3344 3615/2364/3290 3603/2352/3278
f 3659/2408/3332 3615/2364/3290 3674/2423/3344
f 3527/2276/3205 3698/2447/3364 3697/2446/3251
f 3525/2274/3203 3527/2276/3205 3669/2418/3340
f 3778/2527/3430 3617/2366/3292 3779/2528/3431
f 3747/2496/3404 3533/2282/3211 3778/2527/3430
f 3399/2148/3083 3511/2260/3189 3510/2259/3188
f 3395/2144/3079 3570/2319/3246 3396/2145/3080
f 3692/2441/3360 3629/2378/3303 3614/2363/3289
f 3629/2378/3303 3692/2441/3360 3746/2495/3403
f 3564/2313/3225 3780/2529/3227 3408/2157/3092
f 3458/2207/3141 3406/2155/3090 3408/2157/3092
f 3589/2338/3264 3638/2387/3312 3520/2269/3198
f 3638/2387/3312 3668/2417/3339 3520/2269/3198
f 3527/2276/3205 3697/2446/3251 3669/2418/3340
f 3707/2456/3373 3681/2430/3350 3575/2324/3251
f 3572/2321/3248 3598/2347/3273 3463/2212/3135
f 3452/2201/3135 3602/2351/3277 3705/2454/3371
f 3467/2216/3148 3509/2258/3187 3511/2260/3189
f 3511/2260/3189 3631/2380/3305 3467/2216/3148
f 3421/2170/3105 3423/2172/3107 3523/2272/3201
f 3423/2172/3107 3421/2170/3105 3420/2169/3104
f 3780/2529/3227 3458/2207/3141 3408/2157/3092
f 3549/2298/3227 3550/2299/3228 3682/2431/3141
f 3500/2249/3179 3430/2179/3114 3495/2244/3175
f 3500/2249/3179 3708/2457/3374 3430/2179/3114
f 3585/2334/3260 3427/2176/3111 3548/2297/3226
f 3434/2183/3117 3585/2334/3260 3435/2184/3118
f 3534/2283/3212 3552/2301/3229 3728/2477/3279
f 3532/2281/3210 3507/2256/3185 3604/2353/3279
f 3482/2231/3163 3491/2240/3171 3391/2140/3075
f 3618/2367/3293 3620/2369/3295 3619/2368/3294
f 3763/2512/3417 3503/2252/3181 3457/2206/3140
f 3406/2155/3090 3457/2206/3140 3503/2252/3181
f 3571/2320/3247 3710/2459/3376 3568/2317/3244
f 3391/2140/3075 3493/2242/3173 3710/2459/3376
f 3422/2171/3106 3540/2289/3218 3541/2290/3219
f 3455/2204/3138 3422/2171/3106 3541/2290/3219
f 3711/2460/3377 3648/2397/3322 3725/2474/3386
f 3752/2501/3409 3725/2474/3386 3753/2502/3388
f 3698/2447/3364 3527/2276/3205 3526/2275/3204
f 3698/2447/3364 3526/2275/3204 3701/2450/3367
f 3535/2284/3213 3534/2283/3212 3658/2407/3331
f 3534/2283/3212 3729/2478/3389 3684/2433/3352
f 3407/2156/3091 3406/2155/3090 3450/2199/3133
f 3407/2156/3091 3450/2199/3133 3440/2189/3123
f 3520/2269/3198 3771/2520/3424 3640/2389/3314
f 3544/2293/3222 3709/2458/3375 3508/2257/3186
f 3781/2530/3432 3679/2428/3348 3561/2310/3238
f 3748/2497/3405 3782/2531/3433 3781/2530/3432
f 3783/2532/3434 3542/2291/3220 3462/2211/3144
f 3488/2237/3168 3487/2236/3146 3784/2533/3435
f 3718/2467/3128 3474/2223/3155 3475/2224/3156
f 3572/2321/3248 3474/2223/3155 3718/2467/3128
f 3561/2310/3238 3748/2497/3405 3781/2530/3432
f 3748/2497/3405 3561/2310/3238 3395/2144/3079
f 3779/2528/3431 3747/2496/3404 3778/2527/3430
f 3591/2340/3266 3747/2496/3404 3779/2528/3431
f 3650/2399/3324 3476/2225/3157 3651/2400/3325
f 3513/2262/3191 3650/2399/3324 3651/2400/3325
f 3583/2332/3258 3444/2193/3127 3429/2178/3113
f 3597/2346/3272 3444/2193/3127 3583/2332/3258
f 3636/2385/3310 3785/2534/3436 3644/2393/3318
f 3636/2385/3310 3644/2393/3318 3634/2383/3308
f 3786/2535/3437 3568/2317/3244 3710/2459/3376
f 3492/2241/3172 3568/2317/3244 3786/2535/3437
f 3445/2194/3128 3437/2186/3120 3787/2536/3275
f 3437/2186/3120 3582/2331/3257 3787/2536/3275
f 3418/2167/3102 3524/2273/3202 3788/2537/3438
f 3416/2165/3100 3418/2167/3102 3788/2537/3438
f 3720/2469/3232 3722/2471/3384 3736/2485/3395
f 3722/2471/3384 3720/2469/3232 3521/2270/3199
f 3559/2308/3236 3664/2413/3335 3665/2414/3336
f 3559/2308/3236 3558/2307/3235 3664/2413/3335
f 3594/2343/3269 3593/2342/3268 3566/2315/3242
f 3567/2316/3243 3566/2315/3242 3593/2342/3268
f 3761/2510/3415 3751/2500/3408 3762/2511/3416
f 3743/2492/3401 3725/2474/3386 3752/2501/3409
f 3609/2358/3284 3608/2357/3283 3789/2538/3099
f 3477/2226/3158 3485/2234/3166 3609/2358/3284
f 3777/2526/3429 3790/2539/3439 3734/2483/3393
f 3700/2449/3366 3526/2275/3204 3756/2505/3393
f 3393/2142/3077 3392/2141/3076 3523/2272/3201
f 3523/2272/3201 3392/2141/3076 3524/2273/3202
f 3472/2221/3153 3559/2308/3236 3665/2414/3336
f 3472/2221/3153 3665/2414/3336 3473/2222/3154
f 3568/2317/3244 3677/2426/3346 3569/2318/3245
f 3656/2405/3329 3490/2239/3170 3791/2540/3346
f 3539/2288/3217 3515/2264/3193 3478/2227/3159
f 3515/2264/3193 3485/2234/3166 3478/2227/3159
f 3776/2525/3428 3777/2526/3429 3574/2323/3250
f 3790/2539/3439 3777/2526/3429 3776/2525/3428
f 3658/2407/3331 3534/2283/3212 3684/2433/3352
f 3684/2433/3352 3616/2365/3291 3658/2407/3331
f 3755/2504/3208 3594/2343/3269 3512/2261/3190
f 3594/2343/3269 3650/2399/3324 3512/2261/3190
f 3792/2541/3440 3793/2542/3441 3510/2259/3188
f 3792/2541/3440 3510/2259/3188 3760/2509/3414
f 3603/2352/3278 3507/2256/3185 3518/2267/3196
f 3674/2423/3344 3603/2352/3278 3518/2267/3196
f 3448/2197/3131 3505/2254/3183 3449/2198/3132
f 3424/2173/3108 3420/2169/3104 3706/2455/3372
f 3587/2336/3262 3495/2244/3175 3497/2246/3176
f 3438/2187/3121 3637/2386/3311 3639/2388/3313
f 3464/2213/3145 3480/2229/3161 3462/2211/3144
f 3462/2211/3144 3480/2229/3161 3717/2466/3381
f 3560/2309/3237 3680/2429/3349 3389/2138/3073
f 3389/2138/3073 3680/2429/3349 3466/2215/3147
f 3725/2474/3386 3648/2397/3322 3753/2502/3388
f 3655/2404/3328 3727/2476/3388 3654/2403/3327
f 3579/2328/3255 3580/2329/3256 3571/2320/3247
f 3580/2329/3256 3710/2459/3376 3571/2320/3247
f 3790/2539/3439 3776/2525/3428 3578/2327/3254
f 3578/2327/3254 3776/2525/3428 3766/2515/3419
f 3545/2294/3223 3715/2464/3380 3554/2303/3231
f 3589/2338/3264 3546/2295/3224 3590/2339/3265
f 3471/2220/3152 3470/2219/3151 3759/2508/3413
f 3759/2508/3413 3470/2219/3151 3740/2489/3398
f 3550/2299/3228 3426/2175/3110 3460/2209/3143
f 3550/2299/3228 3460/2209/3143 3682/2431/3141
f 3629/2378/3303 3605/2354/3280 3595/2344/3270
f 3595/2344/3270 3444/2193/3127 3629/2378/3303
f 3468/2217/3149 3632/2381/3306 3794/2543/3338
f 3468/2217/3149 3794/2543/3338 3704/2453/3370
f 3496/2245/3122 3495/2244/3175 3489/2238/3169
f 3496/2245/3122 3489/2238/3169 3441/2190/3124
f 3783/2532/3434 3465/2214/3146 3542/2291/3220
f 3542/2291/3220 3465/2214/3146 3455/2204/3138
f 3710/2459/3376 3493/2242/3173 3786/2535/3437
f 3492/2241/3172 3786/2535/3437 3493/2242/3173
f 3388/2137/3072 3621/2370/3296 3560/2309/3237
f 3389/2138/3073 3388/2137/3072 3560/2309/3237
f 3742/2491/3400 3741/2490/3399 3750/2499/3407
f 3741/2490/3399 3653/2402/3162 3750/2499/3407
f 3685/2434/3353 3688/2437/3356 3686/2435/3354
f 3684/2433/3352 3731/2480/3391 3685/2434/3353
f 3637/2386/3311 3506/2255/3184 3668/2417/3339
f 3637/2386/3311 3438/2187/3121 3506/2255/3184
f 3690/2439/3358 3671/2420/3342 3737/2486/3396
f 3795/2544/3442 3690/2439/3358 3737/2486/3396
f 3488/2237/3168 3453/2202/3136 3705/2454/3371
f 3705/2454/3371 3601/2350/3276 3488/2237/3168
f 3597/2346/3272 3628/2377/3261 3724/2473/3363
f 3724/2473/3363 3614/2363/3289 3597/2346/3272
f 3790/2539/3439 3578/2327/3254 3577/2326/3253
f 3770/2519/3423 3701/2450/3367 3700/2449/3366
f 3665/2414/3336 3663/2412/3334 3666/2415/3337
f 3703/2452/3369 3666/2415/3337 3663/2412/3334
f 3499/2248/3178 3508/2257/3186 3708/2457/3374
f 3500/2249/3179 3499/2248/3178 3708/2457/3374
f 3444/2193/3127 3443/2192/3126 3429/2178/3113
f 3443/2192/3126 3474/2223/3155 3429/2178/3113
f 3652/2401/3326 3477/2226/3158 3789/2538/3099
f 3477/2226/3158 3609/2358/3284 3789/2538/3099
f 3742/2491/3400 3761/2510/3415 3655/2404/3328
f 3742/2491/3400 3751/2500/3408 3761/2510/3415
f 3696/2445/3363 3796/2545/3443 3626/2375/3301
f 3635/2384/3309 3724/2473/3363 3797/2546/3301
f 3562/2311/3239 3579/2328/3255 3395/2144/3079
f 3562/2311/3239 3679/2428/3348 3579/2328/3255
f 3488/2237/3168 3711/2460/3377 3453/2202/3136
f 3481/2230/3162 3453/2202/3136 3711/2460/3377
f 3773/2522/3425 3714/2463/3379 3642/2391/3316
f 3714/2463/3379 3773/2522/3425 3798/2547/3444
f 3605/2354/3280 3629/2378/3303 3746/2495/3403
f 3775/2524/3427 3745/2494/3403 3607/2356/3282
f 3529/2278/3207 3536/2285/3214 3413/2162/3097
f 3413/2162/3097 3412/2161/3096 3529/2278/3207
f 3713/2462/3378 3702/2451/3368 3494/2243/3174
f 3708/2457/3374 3713/2462/3378 3494/2243/3174
f 3435/2184/3118 3548/2297/3226 3547/2296/3225
f 3548/2297/3226 3435/2184/3118 3585/2334/3260
f 3591/2340/3266 3779/2528/3431 3691/2440/3359
f 3691/2440/3359 3589/2338/3264 3591/2340/3266
f 3612/2361/3287 3796/2545/3443 3696/2445/3363
f 3627/2376/3302 3612/2361/3287 3611/2360/3286
f 3799/2548/3445 3651/2400/3325 3610/2359/3285
f 3799/2548/3445 3610/2359/3285 3619/2368/3294
f 3533/2282/3211 3590/2339/3265 3551/2300/3209
f 3590/2339/3265 3533/2282/3211 3747/2496/3404
f 3716/2465/3381 3488/2237/3168 3784/2533/3435
f 3717/2466/3381 3783/2532/3434 3462/2211/3144
f 3773/2522/3425 3625/2374/3300 3633/2382/3307
f 3798/2547/3444 3773/2522/3425 3633/2382/3307
f 3535/2284/3213 3778/2527/3430 3533/2282/3211
f 3778/2527/3430 3535/2284/3213 3617/2366/3292
f 3473/2222/3154 3740/2489/3398 3470/2219/3151
f 3665/2414/3336 3740/2489/3398 3473/2222/3154
f 3724/2473/3363 3723/2472/3385 3614/2363/3289
f 3733/2482/3392 3614/2363/3289 3723/2472/3385
f 3670/2419/3341 3672/2421/3343 3659/2408/3332
f 3730/2479/3390 3684/2433/3352 3729/2478/3389
f 3573/2322/3249 3766/2515/3419 3776/2525/3428
f 3769/2518/3422 3768/2517/3421 3699/2448/3365
f 3763/2512/3417 3459/2208/3142 3800/2549/3446
f 3592/2341/3267 3461/2210/3142 3593/2342/3268
f 3428/2177/3112 3427/2176/3111 3584/2333/3259
f 3596/2345/3271 3583/2332/3258 3432/2181/3112
f 3796/2545/3443 3627/2376/3302 3626/2375/3301
f 3796/2545/3443 3612/2361/3287 3627/2376/3302
f 3410/2159/3094 3624/2373/3299 3411/2160/3095
f 3411/2160/3095 3624/2373/3299 3593/2342/3268
f 3547/2296/3225 3436/2185/3119 3435/2184/3118
f 3606/2355/3281 3622/2371/3297 3623/2372/3298
f 3793/2542/3441 3490/2239/3170 3399/2148/3083
f 3793/2542/3441 3399/2148/3083 3510/2259/3188
f 3618/2367/3293 3405/2154/3089 3401/2150/3085
f 3405/2154/3089 3618/2367/3293 3610/2359/3285
f 3670/2419/3341 3659/2408/3332 3674/2423/3344
f 3670/2419/3341 3674/2423/3344 3673/2422/3291
f 3553/2302/3230 3678/2427/3347 3719/2468/3382
f 3553/2302/3230 3719/2468/3382 3554/2303/3231
f 3624/2373/3299 3390/2139/3074 3567/2316/3243
f 3567/2316/3243 3390/2139/3074 3403/2152/3087
f 3538/2287/3216 3525/2274/3203 3515/2264/3193
f 3537/2286/3215 3525/2274/3203 3538/2287/3216
f 3398/2147/3082 3631/2380/3305 3511/2260/3189
f 3397/2146/3081 3631/2380/3305 3398/2147/3082
f 3643/2392/3317 3714/2463/3379 3801/2550/3310
f 3802/2551/3447 3636/2385/3310 3635/2384/3309
f 3739/2488/3397 3601/2350/3276 3803/2552/3257
f 3600/2349/3275 3803/2552/3257 3601/2350/3276
f 3699/2448/3365 3701/2450/3367 3769/2518/3422
f 3769/2518/3422 3701/2450/3367 3770/2519/3423
f 3792/2541/3440 3760/2509/3414 3804/2553/3078
f 3782/2531/3433 3748/2497/3405 3394/2143/3078
f 3733/2482/3392 3634/2383/3308 3692/2441/3360
f 3723/2472/3385 3634/2383/3308 3733/2482/3392
f 3681/2430/3350 3707/2456/3373 3556/2305/3233
f 3556/2305/3233 3707/2456/3373 3557/2306/3234
f 3606/2355/3281 3442/2191/3125 3595/2344/3270
f 3442/2191/3125 3606/2355/3281 3475/2224/3156
f 3492/2241/3172 3676/2425/3345 3568/2317/3244
f 3402/2151/3086 3675/2424/3345 3400/2149/3084
f 3805/2137/3448 3806/2138/3449 3807/2139/3450
f 3808/2140/3451 3809/2141/3452 3810/2142/3453
f 3811/2143/3454 3812/2144/3455 3813/2145/3456
f 3814/2146/3457 3815/2147/3458 3816/2148/3459
f 3817/2149/3460 3818/2150/3461 3819/2151/3462
f 3820/2152/3463 3821/2153/3464 3822/2154/3465
f 3823/2155/3466 3824/2156/3467 3825/2157/3468
f 3826/2158/3469 3827/2159/3470 3828/2160/3471
f 3829/2161/3472 3830/2162/3473 3831/2163/3474
f 3832/2164/3475 3808/2140/3451 3810/2142/3453
f 3833/2165/3476 3834/2166/3477 3835/2167/3478
f 3824/2156/3467 3836/2168/3479 3825/2157/3468
f 3837/2169/3480 3838/2170/3481 3839/2171/3482
f 3840/2172/3483 3841/2173/3484 3842/2174/3485
f 3843/2175/3486 3844/2176/3487 3845/2177/3488
f 3846/2178/3489 3834/2166/3477 3833/2165/3476
f 3847/2179/3490 3836/2168/3479 3824/2156/3467
f 3848/2180/3491 3834/2166/3477 3846/2178/3489
f 3849/2181/3488 3846/2178/3489 3850/2182/3492
f 3851/2183/3493 3852/2184/3494 3853/2185/3495
f 3854/2186/3496 3855/2187/3497 3856/2188/3498
f 3847/2179/3490 3857/2189/3499 3858/2190/3500
f 3859/2191/3501 3860/2192/3502 3861/2193/3503
f 3862/2194/3504 3863/2195/3505 3864/2196/3506
f 3865/2197/3507 3866/2198/3508 3867/2199/3509
f 3847/2179/3490 3824/2156/3467 3857/2189/3499
f 3868/2200/3510 3869/2201/3511 3870/2202/3512
f 3871/2203/3513 3872/2204/3514 3873/2205/3515
f 3874/2206/3516 3875/2207/3517 3876/2208/3518
f 3877/2209/3519 3826/2158/3469 3878/2210/3518
f 3879/2211/3520 3880/2212/3511 3881/2213/3521
f 3873/2205/3515 3872/2204/3514 3882/2214/3522
f 3807/2139/3450 3806/2138/3449 3883/2215/3523
f 3884/2216/3524 3885/2217/3525 3886/2218/3526
f 3887/2219/3527 3888/2220/3528 3819/2151/3462
f 3889/2221/3529 3890/2222/3530 3883/2215/3523
f 3891/2223/3531 3848/2180/3491 3846/2178/3489
f 3892/2224/3505 3891/2223/3531 3860/2192/3502
f 3893/2225/3532 3820/2152/3463 3822/2154/3465
f 3894/2226/3533 3831/2163/3474 3895/2227/3534
f 3881/2213/3521 3896/2228/3535 3897/2229/3536
f 3898/2230/3537 3868/2200/3510 3870/2202/3512
f 3899/2231/3538 3808/2140/3451 3832/2164/3475
f 3900/2232/3539 3901/2233/3540 3902/2234/3541
f 3903/2235/3542 3904/2236/3522 3905/2237/3543
f 3847/2179/3490 3858/2190/3500 3906/2238/3544
f 3816/2148/3459 3907/2239/3545 3814/2146/3457
f 3908/2240/3546 3909/2241/3547 3910/2242/3548
f 3911/2243/3549 3836/2168/3479 3847/2179/3490
f 3912/2244/3550 3847/2179/3490 3906/2238/3544
f 3878/2210/3518 3826/2158/3469 3828/2160/3471
f 3820/2152/3463 3807/2139/3450 3821/2153/3464
f 3913/2245/3551 3914/2246/3552 3912/2244/3550
f 3915/2247/3553 3916/2248/3554 3917/2249/3555
f 3918/2250/3485 3919/2251/3556 3894/2226/3533
f 3920/2252/3557 3921/2253/3558 3922/2254/3559
f 3855/2187/3497 3854/2186/3496 3923/2255/3560
f 3924/2256/3561 3925/2257/3562 3916/2248/3554
f 3926/2258/3563 3884/2216/3524 3886/2218/3526
f 3927/2259/3564 3928/2260/3565 3926/2258/3563
f 3929/2261/3566 3930/2262/3567 3931/2263/3568
f 3932/2264/3569 3933/2265/3570 3902/2234/3541
f 3915/2247/3553 3934/2266/3571 3935/2267/3572
f 3936/2268/3573 3937/2269/3574 3938/2270/3575
f 3838/2170/3481 3834/2166/3477 3839/2171/3482
f 3939/2271/3576 3940/2272/3577 3941/2273/3578
f 3942/2274/3579 3943/2275/3580 3944/2276/3581
f 3945/2277/3582 3946/2278/3583 3947/2279/3584
f 3948/2280/3585 3924/2256/3561 3949/2281/3586
f 3950/2282/3587 3951/2283/3588 3952/2284/3589
f 3953/2285/3590 3954/2286/3591 3955/2287/3592
f 3830/2162/3473 3956/2288/3593 3831/2163/3474
f 3891/2223/3531 3957/2289/3594 3848/2180/3491
f 3958/2290/3595 3879/2211/3520 3959/2291/3596
f 3960/2292/3597 3961/2293/3598 3962/2294/3599
f 3938/2270/3575 3963/2295/3600 3936/2268/3573
f 3964/2296/3601 3965/2297/3602 3966/2298/3603
f 3843/2175/3486 3967/2299/3604 3844/2176/3487
f 3950/2282/3587 3968/2300/3585 3969/2301/3605
f 3970/2302/3606 3971/2303/3607 3972/2304/3608
f 3839/2171/3482 3834/2166/3477 3848/2180/3491
f 3848/2180/3491 3957/2289/3594 3839/2171/3482
f 3924/2256/3561 3915/2247/3553 3935/2267/3572
f 3916/2248/3554 3915/2247/3553 3924/2256/3561
f 3953/2285/3590 3945/2277/3582 3954/2286/3591
f 3930/2262/3567 3973/2305/3609 3974/2306/3610
f 3975/2307/3611 3976/2308/3612 3977/2309/3613
f 3978/2310/3614 3979/2311/3615 3812/2144/3455
f 3933/2265/3570 3900/2232/3539 3902/2234/3541
f 3973/2305/3609 3930/2262/3567 3980/2312/3616
f 3859/2191/3501 3892/2224/3505 3860/2192/3502
f 3825/2157/3468 3836/2168/3479 3981/2313/3601
f 3982/2314/3617 3805/2137/3448 3807/2139/3450
f 3820/2152/3463 3983/2315/3618 3984/2316/3619
f 3985/2317/3620 3986/2318/3545 3987/2319/3621
f 3988/2320/3622 3985/2317/3620 3987/2319/3621
f 3879/2211/3520 3989/2321/3623 3880/2212/3511
f 3854/2186/3496 3862/2194/3504 3923/2255/3560
f 3990/2322/3624 3991/2323/3625 3992/2324/3626
f 3993/2325/3627 3994/2326/3628 3995/2327/3629
f 3996/2328/3630 3809/2141/3452 3997/2329/3631
f 3808/2140/3451 3997/2329/3631 3809/2141/3452
f 3856/2188/3498 3998/2330/3500 3999/2331/3632
f 3999/2331/3632 3854/2186/3496 3856/2188/3498
f 4000/2332/3633 3846/2178/3489 3849/2181/3488
f 4001/2333/3634 4002/2334/3635 4003/2335/3636
f 3810/2142/3453 3940/2272/3577 3840/2172/3483
f 3838/2170/3481 3940/2272/3577 3939/2271/3576
f 3912/2244/3550 4004/2336/3637 4005/2337/3638
f 4006/2338/3639 4007/2339/3640 4008/2340/3641
f 4009/2341/3642 4010/2342/3643 4011/2343/3644
f 3947/2279/3584 3946/2278/3583 3829/2161/3472
f 4012/2344/3645 3859/2191/3501 3861/2193/3503
f 4013/2345/3634 4014/2346/3646 4000/2332/3633
f 4015/2347/3647 3989/2321/3623 4016/2348/3648
f 4017/2349/3648 4018/2350/3649 4019/2351/3647
f 3893/2225/3532 4011/2343/3644 3820/2152/3463
f 3983/2315/3618 3820/2152/3463 4011/2343/3644
f 3857/2189/3499 3867/2199/3509 3866/2198/3508
f 3839/2171/3482 3871/2203/3513 3837/2169/3480
f 3951/2283/3588 3950/2282/3587 3969/2301/3605
f 3924/2256/3561 4020/2352/3650 4021/2353/3651
f 4012/2344/3645 4022/2354/3652 4023/2355/3653
f 4024/2356/3654 4003/2335/3636 4002/2334/3635
f 3901/2233/3540 4025/2357/3538 4026/2358/3655
f 4027/2359/3656 3893/2225/3532 3822/2154/3465
f 3957/2289/3594 3879/2211/3520 3958/2290/3595
f 3879/2211/3520 3957/2289/3594 3989/2321/3623
f 4028/2360/3657 4029/2361/3658 4030/2362/3659
f 3861/2193/3503 4014/2346/3646 4031/2363/3660
f 4020/2352/3650 4032/2364/3661 4021/2353/3651
f 4033/2365/3662 4034/2366/3572 3952/2284/3589
f 4027/2359/3656 4035/2367/3663 4036/2368/3664
f 4037/2369/3665 3818/2150/3461 3817/2149/3460
f 3941/2273/3578 3809/2141/3452 3996/2328/3630
f 4038/2370/3578 3805/2137/3448 3982/2314/3617
f 4023/2355/3653 4022/2354/3652 4039/2371/3666
f 4023/2355/3653 4040/2372/3601 3892/2224/3505
f 3827/2159/3470 4038/2370/3578 4041/2373/3667
f 3835/2167/3478 3939/2271/3576 3941/2273/3578
f 3894/2226/3533 3895/2227/3534 3902/2234/3541
f 3902/2234/3541 3901/2233/3540 4026/2358/3655
f 4042/2374/3668 4043/2375/3669 4044/2376/3670
f 4013/2345/3634 4045/2377/3671 4014/2346/3646
f 4031/2363/3660 4046/2378/3672 3861/2193/3503
f 4047/2379/3673 4043/2375/3669 4042/2374/3668
f 4048/2380/3674 3814/2146/3457 4049/2381/3675
f 3887/2219/3527 3819/2151/3462 3890/2222/3530
f 4028/2360/3657 4050/2382/3676 4044/2376/3670
f 4051/2383/3677 4052/2384/3678 4053/2385/3679
f 4054/2386/3680 4055/2387/3681 4056/2388/3682
f 3937/2269/3574 4057/2389/3683 4058/2390/3597
f 3883/2215/3523 3890/2222/3530 3819/2151/3462
f 3883/2215/3523 3819/2151/3462 3818/2150/3461
f 3829/2161/3472 3831/2163/3474 3919/2251/3556
f 3831/2163/3474 3894/2226/3533 3919/2251/3556
f 4059/2391/3684 4060/2392/3685 4047/2379/3673
f 4061/2393/3686 4062/2394/3676 4063/2395/3687
f 4064/2396/3688 3897/2229/3536 3896/2228/3535
f 4065/2397/3689 3905/2237/3543 4066/2398/3690
f 4067/2399/3691 3930/2262/3567 3929/2261/3566
f 3980/2312/3616 3930/2262/3567 4068/2400/3692
f 3816/2148/3459 3815/2147/3458 3928/2260/3565
f 3884/2216/3524 4048/2380/3674 3885/2217/3525
f 3843/2175/3486 3826/2158/3469 3877/2209/3519
f 3846/2178/3489 3833/2165/3476 3850/2182/3492
f 3918/2250/3485 3894/2226/3533 4069/2401/3453
f 3810/2142/3453 3840/2172/3483 3842/2174/3485
f 3881/2213/3521 4070/2402/3693 3896/2228/3535
f 4071/2403/3689 4064/2396/3688 4072/2404/3694
f 4049/2381/3675 3814/2146/3457 4073/2405/3695
f 4073/2405/3695 3814/2146/3457 3907/2239/3545
f 4074/2406/3696 3826/2158/3469 3843/2175/3486
f 4074/2406/3696 3827/2159/3470 3826/2158/3469
f 4033/2365/3662 3952/2284/3589 4075/2407/3697
f 4021/2353/3651 4032/2364/3661 4076/2408/3698
f 4077/2409/3699 4078/2410/3700 3974/2306/3610
f 3930/2262/3567 3974/2306/3610 3931/2263/3568
f 4079/2411/3701 4080/2412/3702 4081/2413/3703
f 4082/2414/3704 4083/2415/3705 4084/2416/3706
f 3923/2255/3560 3862/2194/3504 3864/2196/3506
f 4054/2386/3680 4085/2417/3707 4055/2387/3681
f 3956/2288/3593 3895/2227/3534 3831/2163/3474
f 3942/2274/3579 4086/2418/3708 3932/2264/3569
f 4087/2419/3709 4088/2420/3710 4089/2421/3711
f 4090/2422/3712 4091/2423/3713 3935/2267/3572
f 3872/2204/3514 3871/2203/3513 3839/2171/3482
f 3872/2204/3514 3958/2290/3595 3959/2291/3596
f 4092/2424/3714 3819/2151/3462 3888/2220/3528
f 4093/2425/3714 4094/2426/3715 3985/2317/3620
f 3938/2270/3575 3937/2269/3574 4058/2390/3597
f 3972/2304/3608 4095/2427/3716 3970/2302/3606
f 3996/2328/3630 4096/2428/3717 3941/2273/3578
f 3978/2310/3614 4096/2428/3717 3979/2311/3615
f 3977/2309/3613 3976/2308/3612 4097/2429/3718
f 4082/2414/3704 4081/2413/3703 4080/2412/3702
f 3932/2264/3569 4086/2418/3708 3933/2265/3570
f 3973/2305/3609 3980/2312/3616 4098/2430/3719
f 3877/2209/3519 3878/2210/3518 4099/2431/3517
f 3966/2298/3603 3965/2297/3602 3967/2299/3604
f 3943/2275/3580 3942/2274/3579 3954/2286/3591
f 4100/2432/3720 3943/2275/3580 3954/2286/3591
f 4101/2433/3721 4102/2434/3722 4103/2435/3723
f 4090/2422/3712 4104/2436/3724 4087/2419/3709
f 3828/2160/3471 4010/2342/3643 3878/2210/3518
f 3984/2316/3619 4010/2342/3643 4041/2373/3667
f 4103/2435/3723 4105/2437/3725 4106/2438/3724
f 4107/2439/3726 4089/2421/3711 4088/2420/3710
f 4056/2388/3682 4055/2387/3681 4006/2338/3639
f 4056/2388/3682 4006/2338/3639 4108/2440/3638
f 4051/2383/3677 4061/2393/3686 4063/2395/3687
f 4109/2441/3727 4063/2395/3687 4110/2442/3728
f 4111/2443/3729 4077/2409/3699 3974/2306/3610
f 3974/2306/3610 4112/2444/3730 4111/2443/3729
f 4003/2335/3636 4024/2356/3654 4029/2361/3658
f 4113/2445/3731 4003/2335/3636 4029/2361/3658
f 4114/2446/3626 4115/2447/3732 4116/2448/3733
f 4117/2449/3734 4118/2450/3735 3943/2275/3580
f 4119/2451/3736 3981/2313/3601 3836/2168/3479
f 4119/2451/3736 3836/2168/3479 3911/2243/3549
f 4079/2411/3701 4120/2452/3737 4080/2412/3702
f 3886/2218/3526 3885/2217/3525 4121/2453/3738
f 4018/2350/3649 3903/2235/3542 3905/2237/3543
f 4122/2454/3739 4019/2351/3647 4018/2350/3649
f 4006/2338/3639 3937/2269/3574 3936/2268/3573
f 3936/2268/3573 3963/2295/3600 4006/2338/3639
f 3837/2169/3480 3841/2173/3484 3840/2172/3483
f 4123/2455/3740 3837/2169/3480 3871/2203/3513
f 4124/2456/3741 4112/2444/3730 3974/2306/3610
f 3992/2324/3626 3991/2323/3625 4124/2456/3741
f 4125/2457/3742 3925/2257/3562 4126/2458/3743
f 4125/2457/3742 3911/2243/3549 3847/2179/3490
f 4001/2333/3634 3844/2176/3487 4002/2334/3635
f 3967/2299/3604 3965/2297/3602 3844/2176/3487
f 3997/2329/3631 3808/2140/3451 4127/2459/3744
f 3808/2140/3451 3908/2240/3546 3910/2242/3548
f 4101/2433/3721 4103/2435/3723 4033/2365/3662
f 4106/2438/3724 4033/2365/3662 4103/2435/3723
f 4065/2397/3689 4128/2460/3745 3905/2237/3543
f 3870/2202/3512 3869/2201/3511 4122/2454/3739
f 3923/2255/3560 3864/2196/3506 4085/2417/3707
f 4129/2461/3707 4130/2462/3746 4125/2457/3742
f 4042/2374/3668 4044/2376/3670 4050/2382/3676
f 4060/2392/3685 4059/2391/3684 4131/2463/3747
f 3955/2287/3592 3932/2264/3569 3956/2288/3593
f 3953/2285/3590 3955/2287/3592 3956/2288/3593
f 3961/2293/3598 3948/2280/3585 3962/2294/3599
f 3962/2294/3599 3948/2280/3585 4132/2464/3640
f 3905/2237/3543 4133/2465/3748 4066/2398/3690
f 4134/2466/3749 3897/2229/3536 4064/2396/3688
f 3948/2280/3585 3961/2293/3598 3925/2257/3562
f 3925/2257/3562 3924/2256/3561 3948/2280/3585
f 4135/2467/3750 4016/2348/3648 3989/2321/3623
f 3957/2289/3594 3891/2223/3531 3989/2321/3623
f 4136/2468/3751 3960/2292/3597 3962/2294/3599
f 3971/2303/3607 4136/2468/3751 3962/2294/3599
f 4067/2399/3691 4011/2343/3644 3893/2225/3532
f 3893/2225/3532 4027/2359/3656 4068/2400/3692
f 3915/2247/3553 3917/2249/3555 3912/2244/3550
f 4005/2337/3638 3915/2247/3553 3912/2244/3550
f 3938/2270/3575 4137/2469/3752 3963/2295/3600
f 3938/2270/3575 4138/2470/3753 4139/2471/3754
f 4052/2384/3678 4140/2472/3755 4141/2473/3731
f 4140/2472/3755 4052/2384/3678 4051/2383/3677
f 4097/2429/3718 3976/2308/3612 3889/2221/3529
f 4097/2429/3718 3889/2221/3529 3883/2215/3523
f 4142/2474/3756 3898/2230/3537 4128/2460/3745
f 4143/2475/3757 4144/2476/3758 4072/2404/3694
f 4145/2477/3651 4146/2478/3759 3951/2283/3588
f 4147/2479/3760 4148/2480/3761 4101/2433/3721
f 4149/2481/3762 3871/2203/3513 3873/2205/3515
f 4149/2481/3762 4123/2455/3740 3871/2203/3513
f 4051/2383/3677 4063/2395/3687 4109/2441/3727
f 4109/2441/3727 4031/2363/3660 4150/2482/3763
f 3812/2144/3455 3996/2328/3630 3988/2320/3622
f 3987/2319/3621 3812/2144/3455 3988/2320/3622
f 4151/2483/3764 4112/2444/3730 3991/2323/3625
f 3991/2323/3625 4112/2444/3730 4124/2456/3741
f 3960/2292/3597 4136/2468/3751 4152/2484/3765
f 4139/2471/3754 4138/2470/3753 4153/2485/3716
f 4104/2436/3724 4154/2486/3766 4088/2420/3710
f 4088/2420/3710 4087/2419/3709 4104/2436/3724
f 3920/2252/3557 3922/2254/3559 3865/2197/3507
f 3823/2155/3466 3875/2207/3517 3874/2206/3516
f 4029/2361/3658 4024/2356/3654 4030/2362/3659
f 4024/2356/3654 4002/2334/3635 3851/2183/3493
f 4155/2487/3767 3903/2235/3542 4156/2488/3500
f 3903/2235/3542 4018/2350/3649 4156/2488/3500
f 4038/2370/3578 3982/2314/3617 4041/2373/3667
f 3982/2314/3617 3807/2139/3450 4041/2373/3667
f 3885/2217/3525 4048/2380/3674 4049/2381/3675
f 4082/2414/3704 4084/2416/3706 4157/2489/3768
f 4158/2490/3769 4159/2491/3770 4072/2404/3694
f 4160/2492/3771 4161/2493/3772 4142/2474/3756
f 4030/2362/3659 4024/2356/3654 4162/2494/3773
f 4109/2441/3727 4110/2442/3728 4163/2495/3773
f 3934/2266/3571 3915/2247/3553 4005/2337/3638
f 4007/2339/3640 4164/2496/3774 4008/2340/3641
f 3834/2166/3477 3939/2271/3576 3835/2167/3478
f 3834/2166/3477 3838/2170/3481 3939/2271/3576
f 3953/2285/3590 3946/2278/3583 3945/2277/3582
f 3953/2285/3590 3956/2288/3593 3830/2162/3473
f 3811/2143/3454 4165/2497/3775 3812/2144/3455
f 3975/2307/3611 4166/2498/3776 4081/2413/3703
f 4167/2499/3777 4168/2500/3771 4159/2491/3770
f 4169/2501/3778 4170/2502/3779 4171/2503/3757
f 3929/2261/3566 3931/2263/3568 4172/2504/3584
f 4009/2341/3642 4011/2343/3644 4172/2504/3584
f 4151/2483/3764 4111/2443/3729 4112/2444/3730
f 3943/2275/3580 4100/2432/3720 4173/2505/3780
f 4138/2470/3753 4058/2390/3597 4174/2506/3781
f 3938/2270/3575 4058/2390/3597 4138/2470/3753
f 4157/2489/3768 4084/2416/3706 4175/2507/3782
f 4176/2508/3783 4157/2489/3768 4175/2507/3782
f 4166/2498/3776 4079/2411/3701 4081/2413/3703
f 4177/2509/3776 3927/2259/3564 3926/2258/3563
f 4178/2510/3784 4143/2475/3757 4072/2404/3694
f 4178/2510/3784 4179/2511/3785 4143/2475/3757
f 4180/2512/3786 3921/2253/3558 3920/2252/3557
f 3874/2206/3516 3876/2208/3518 4180/2512/3786
f 3954/2286/3591 3945/2277/3582 4181/2513/3787
f 4078/2410/3700 3931/2263/3568 3974/2306/3610
f 3823/2155/3466 3920/2252/3557 3865/2197/3507
f 3823/2155/3466 3865/2197/3507 3867/2199/3509
f 4182/2514/3753 4152/2484/3765 4095/2427/3716
f 4095/2427/3716 4152/2484/3765 4136/2468/3751
f 3807/2139/3450 3883/2215/3523 3821/2153/3464
f 3821/2153/3464 3883/2215/3523 3818/2150/3461
f 3995/2327/3629 4183/2515/3788 3993/2325/3627
f 4118/2450/3735 4116/2448/3733 4115/2447/3732
f 4158/2490/3769 3896/2228/3535 4070/2402/3693
f 4142/2474/3756 4161/2493/3772 3898/2230/3537
f 4184/2516/3789 4185/2517/3790 4186/2518/3791
f 4187/2519/3792 4184/2516/3789 4186/2518/3791
f 4158/2490/3769 4072/2404/3694 3896/2228/3535
f 3896/2228/3535 4072/2404/3694 4064/2396/3688
f 4126/2458/3743 4129/2461/3707 4125/2457/3742
f 3937/2269/3574 4085/2417/3707 4188/2520/3793
f 3821/2153/3464 3818/2150/3461 3822/2154/3465
f 4037/2369/3665 4035/2367/3663 3818/2150/3461
f 3945/2277/3582 4189/2521/3794 4181/2513/3787
f 3947/2279/3584 4189/2521/3794 3945/2277/3582
f 4190/2522/3795 4059/2391/3684 4042/2374/3668
f 4059/2391/3684 4047/2379/3673 4042/2374/3668
f 4039/2371/3666 4022/2354/3652 4191/2523/3493
f 4024/2356/3654 3851/2183/3493 4192/2524/3652
f 4193/2525/3796 3991/2323/3625 3990/2322/3624
f 3991/2323/3625 4194/2526/3797 4151/2483/3764
f 4091/2423/3713 4032/2364/3661 4020/2352/3650
f 4076/2408/3698 4032/2364/3661 4091/2423/3713
f 3944/2276/3581 4115/2447/3732 4114/2446/3626
f 3942/2274/3579 3944/2276/3581 4086/2418/3708
f 4195/2527/3798 4034/2366/3572 4196/2528/3799
f 4164/2496/3774 3950/2282/3587 4195/2527/3798
f 3816/2148/3459 3928/2260/3565 3927/2259/3564
f 3812/2144/3455 3987/2319/3621 3813/2145/3456
f 4109/2441/3727 4046/2378/3672 4031/2363/3660
f 4046/2378/3672 4109/2441/3727 4163/2495/3773
f 3981/2313/3601 4197/2529/3603 3825/2157/3468
f 3875/2207/3517 3823/2155/3466 3825/2157/3468
f 4006/2338/3639 4055/2387/3681 3937/2269/3574
f 4055/2387/3681 4085/2417/3707 3937/2269/3574
f 3944/2276/3581 4114/2446/3626 4086/2418/3708
f 4124/2456/3741 4098/2430/3719 3992/2324/3626
f 3989/2321/3623 4015/2347/3647 3880/2212/3511
f 3869/2201/3511 4019/2351/3647 4122/2454/3739
f 3884/2216/3524 3926/2258/3563 3928/2260/3565
f 3928/2260/3565 4048/2380/3674 3884/2216/3524
f 3838/2170/3481 3840/2172/3483 3940/2272/3577
f 3840/2172/3483 3838/2170/3481 3837/2169/3480
f 4197/2529/3603 3875/2207/3517 3825/2157/3468
f 3966/2298/3603 3967/2299/3604 4099/2431/3517
f 3917/2249/3555 3847/2179/3490 3912/2244/3550
f 3917/2249/3555 4125/2457/3742 3847/2179/3490
f 4002/2334/3635 3844/2176/3487 3965/2297/3602
f 3851/2183/3493 4002/2334/3635 3852/2184/3494
f 3951/2283/3588 3969/2301/3605 4145/2477/3651
f 3949/2281/3586 3924/2256/3561 4021/2353/3651
f 3899/2231/3538 3908/2240/3546 3808/2140/3451
f 4035/2367/3663 4037/2369/3665 4036/2368/3664
f 4180/2512/3786 3920/2252/3557 3874/2206/3516
f 3823/2155/3466 3874/2206/3516 3920/2252/3557
f 3988/2320/3622 4127/2459/3744 3985/2317/3620
f 3808/2140/3451 3910/2242/3548 4127/2459/3744
f 3839/2171/3482 3957/2289/3594 3958/2290/3595
f 3872/2204/3514 3839/2171/3482 3958/2290/3595
f 4128/2460/3745 4065/2397/3689 4142/2474/3756
f 4169/2501/3778 4142/2474/3756 4170/2502/3779
f 4115/2447/3732 3944/2276/3581 3943/2275/3580
f 4115/2447/3732 3943/2275/3580 4118/2450/3735
f 3952/2284/3589 3951/2283/3588 4075/2407/3697
f 3951/2283/3588 4146/2478/3759 4101/2433/3721
f 3824/2156/3467 3823/2155/3466 3867/2199/3509
f 3824/2156/3467 3867/2199/3509 3857/2189/3499
f 3937/2269/3574 4188/2520/3793 4057/2389/3683
f 3961/2293/3598 4126/2458/3743 3925/2257/3562
f 4198/2530/3800 4096/2428/3717 3978/2310/3614
f 4165/2497/3775 4199/2531/3776 4198/2530/3800
f 4200/2532/3801 3959/2291/3596 3879/2211/3520
f 3905/2237/3543 3904/2236/3522 4201/2533/3801
f 4135/2467/3750 3891/2223/3531 3892/2224/3505
f 3989/2321/3623 3891/2223/3531 4135/2467/3750
f 3978/2310/3614 4165/2497/3775 4198/2530/3800
f 4165/2497/3775 3978/2310/3614 3812/2144/3455
f 4196/2528/3799 4164/2496/3774 4195/2527/3798
f 4008/2340/3641 4164/2496/3774 4196/2528/3799
f 4067/2399/3691 3893/2225/3532 4068/2400/3692
f 3930/2262/3567 4067/2399/3691 4068/2400/3692
f 4000/2332/3633 3861/2193/3503 3846/2178/3489
f 4014/2346/3646 3861/2193/3503 4000/2332/3633
f 4053/2385/3679 4202/2534/3802 4061/2393/3686
f 4053/2385/3679 4061/2393/3686 4051/2383/3677
f 4203/2535/3803 3985/2317/3620 4127/2459/3744
f 3909/2241/3547 3985/2317/3620 4203/2535/3803
f 3862/2194/3504 3854/2186/3496 4204/2536/3648
f 3854/2186/3496 3999/2331/3632 4204/2536/3648
f 3835/2167/3478 3941/2273/3578 4205/2537/3804
f 3833/2165/3476 3835/2167/3478 4205/2537/3804
f 4137/2469/3752 4139/2471/3754 4153/2485/3716
f 4139/2471/3754 4137/2469/3752 3938/2270/3575
f 3976/2308/3612 4081/2413/3703 4082/2414/3704
f 3976/2308/3612 3975/2307/3611 4081/2413/3703
f 4011/2343/3644 4010/2342/3643 3983/2315/3618
f 3984/2316/3619 3983/2315/3618 4010/2342/3643
f 4178/2510/3784 4168/2500/3771 4179/2511/3785
f 4160/2492/3771 4142/2474/3756 4169/2501/3778
f 4026/2358/3655 4025/2357/3538 4206/2538/3475
f 3894/2226/3533 3902/2234/3541 4026/2358/3655
f 4194/2526/3797 4207/2539/3734 4151/2483/3764
f 4117/2449/3734 3943/2275/3580 4173/2505/3780
f 3810/2142/3453 3809/2141/3452 3940/2272/3577
f 3940/2272/3577 3809/2141/3452 3941/2273/3578
f 3889/2221/3529 3976/2308/3612 4082/2414/3704
f 3889/2221/3529 4082/2414/3704 3890/2222/3530
f 3985/2317/3620 4094/2426/3715 3986/2318/3545
f 4073/2405/3695 3907/2239/3545 4208/2540/3715
f 3956/2288/3593 3932/2264/3569 3895/2227/3534
f 3932/2264/3569 3902/2234/3541 3895/2227/3534
f 4193/2525/3796 4194/2526/3797 3991/2323/3625
f 4207/2539/3734 4194/2526/3797 4193/2525/3796
f 4075/2407/3697 3951/2283/3588 4101/2433/3721
f 4101/2433/3721 4033/2365/3662 4075/2407/3697
f 4172/2504/3584 4011/2343/3644 3929/2261/3566
f 4011/2343/3644 4067/2399/3691 3929/2261/3566
f 4209/2541/3805 4210/2542/3806 3927/2259/3564
f 4209/2541/3805 3927/2259/3564 4177/2509/3776
f 4020/2352/3650 3924/2256/3561 3935/2267/3572
f 4091/2423/3713 4020/2352/3650 3935/2267/3572
f 3865/2197/3507 3922/2254/3559 3866/2198/3508
f 3841/2173/3484 3837/2169/3480 4123/2455/3740
f 4004/2336/3637 3912/2244/3550 3914/2246/3552
f 3855/2187/3497 4054/2386/3680 4056/2388/3682
f 3881/2213/3521 3897/2229/3536 3879/2211/3520
f 3879/2211/3520 3897/2229/3536 4134/2466/3749
f 3977/2309/3613 4097/2429/3718 3806/2138/3449
f 3806/2138/3449 4097/2429/3718 3883/2215/3523
f 4142/2474/3756 4065/2397/3689 4170/2502/3779
f 4072/2404/3694 4144/2476/3758 4071/2403/3689
f 3996/2328/3630 3997/2329/3631 3988/2320/3622
f 3997/2329/3631 4127/2459/3744 3988/2320/3622
f 4207/2539/3734 4193/2525/3796 3995/2327/3629
f 3995/2327/3629 4193/2525/3796 4183/2515/3788
f 3962/2294/3599 4132/2464/3640 3971/2303/3607
f 4006/2338/3639 3963/2295/3600 4007/2339/3640
f 3888/2220/3528 3887/2219/3527 4176/2508/3783
f 4176/2508/3783 3887/2219/3527 4157/2489/3768
f 3967/2299/3604 3843/2175/3486 3877/2209/3519
f 3967/2299/3604 3877/2209/3519 4099/2431/3517
f 4046/2378/3672 4022/2354/3652 4012/2344/3645
f 4012/2344/3645 3861/2193/3503 4046/2378/3672
f 3885/2217/3525 4049/2381/3675 4211/2543/3706
f 3885/2217/3525 4211/2543/3706 4121/2453/3738
f 3913/2245/3551 3912/2244/3550 3906/2238/3544
f 3913/2245/3551 3906/2238/3544 3858/2190/3500
f 4200/2532/3801 3882/2214/3522 3959/2291/3596
f 3959/2291/3596 3882/2214/3522 3872/2204/3514
f 4127/2459/3744 3910/2242/3548 4203/2535/3803
f 3909/2241/3547 4203/2535/3803 3910/2242/3548
f 3805/2137/3448 4038/2370/3578 3977/2309/3613
f 3806/2138/3449 3805/2137/3448 3977/2309/3613
f 4159/2491/3770 4158/2490/3769 4167/2499/3777
f 4158/2490/3769 4070/2402/3693 4167/2499/3777
f 4102/2434/3722 4105/2437/3725 4103/2435/3723
f 4101/2433/3721 4148/2480/3761 4102/2434/3722
f 4054/2386/3680 3923/2255/3560 4085/2417/3707
f 4054/2386/3680 3855/2187/3497 3923/2255/3560
f 4107/2439/3726 4088/2420/3710 4154/2486/3766
f 4212/2544/3807 4107/2439/3726 4154/2486/3766
f 3905/2237/3543 3870/2202/3512 4122/2454/3739
f 4122/2454/3739 4018/2350/3649 3905/2237/3543
f 4014/2346/3646 4045/2377/3671 4141/2473/3731
f 4141/2473/3731 4031/2363/3660 4014/2346/3646
f 4207/2539/3734 3995/2327/3629 3994/2326/3628
f 4187/2519/3792 4118/2450/3735 4117/2449/3734
f 4082/2414/3704 4080/2412/3702 4083/2415/3705
f 4120/2452/3737 4083/2415/3705 4080/2412/3702
f 3916/2248/3554 3925/2257/3562 4125/2457/3742
f 3917/2249/3555 3916/2248/3554 4125/2457/3742
f 3861/2193/3503 3860/2192/3502 3846/2178/3489
f 3860/2192/3502 3891/2223/3531 3846/2178/3489
f 4069/2401/3453 3894/2226/3533 4206/2538/3475
f 3894/2226/3533 4026/2358/3655 4206/2538/3475
f 4159/2491/3770 4178/2510/3784 4072/2404/3694
f 4159/2491/3770 4168/2500/3771 4178/2510/3784
f 4113/2445/3731 4213/2545/3808 4043/2375/3669
f 4052/2384/3678 4141/2473/3731 4214/2546/3669
f 3979/2311/3615 3996/2328/3630 3812/2144/3455
f 3979/2311/3615 4096/2428/3717 3996/2328/3630
f 3905/2237/3543 4128/2460/3745 3870/2202/3512
f 3898/2230/3537 3870/2202/3512 4128/2460/3745
f 4190/2522/3795 4131/2463/3747 4059/2391/3684
f 4131/2463/3747 4190/2522/3795 4215/2547/3809
f 4022/2354/3652 4046/2378/3672 4163/2495/3773
f 4192/2524/3652 4162/2494/3773 4024/2356/3654
f 3946/2278/3583 3953/2285/3590 3830/2162/3473
f 3830/2162/3473 3829/2161/3472 3946/2278/3583
f 4130/2462/3746 4119/2451/3736 3911/2243/3549
f 4125/2457/3742 4130/2462/3746 3911/2243/3549
f 3852/2184/3494 3965/2297/3602 3964/2296/3601
f 3965/2297/3602 3852/2184/3494 4002/2334/3635
f 4008/2340/3641 4196/2528/3799 4108/2440/3638
f 4108/2440/3638 4006/2338/3639 4008/2340/3641
f 4029/2361/3658 4213/2545/3808 4113/2445/3731
f 4044/2376/3670 4029/2361/3658 4028/2360/3657
f 4216/2548/3810 4068/2400/3692 4027/2359/3656
f 4216/2548/3810 4027/2359/3656 4036/2368/3664
f 3950/2282/3587 4007/2339/3640 3968/2300/3585
f 4007/2339/3640 3950/2282/3587 4164/2496/3774
f 4133/2465/3748 3905/2237/3543 4201/2533/3801
f 4134/2466/3749 4200/2532/3801 3879/2211/3520
f 4190/2522/3795 4042/2374/3668 4050/2382/3676
f 4215/2547/3809 4190/2522/3795 4050/2382/3676
f 3952/2284/3589 4195/2527/3798 3950/2282/3587
f 4195/2527/3798 3952/2284/3589 4034/2366/3572
f 3890/2222/3530 4157/2489/3768 3887/2219/3527
f 4082/2414/3704 4157/2489/3768 3890/2222/3530
f 4141/2473/3731 4140/2472/3755 4031/2363/3660
f 4150/2482/3763 4031/2363/3660 4140/2472/3755
f 4087/2419/3709 4089/2421/3711 4076/2408/3698
f 4147/2479/3760 4101/2433/3721 4146/2478/3759
f 3990/2322/3624 4183/2515/3788 4193/2525/3796
f 4186/2518/3791 4185/2517/3790 4116/2448/3733
f 4180/2512/3786 3876/2208/3518 4217/2549/3642
f 4009/2341/3642 3878/2210/3518 4010/2342/3643
f 3845/2177/3488 3844/2176/3487 4001/2333/3634
f 4013/2345/3634 4000/2332/3633 3849/2181/3488
f 4213/2545/3808 4044/2376/3670 4043/2375/3669
f 4213/2545/3808 4029/2361/3658 4044/2376/3670
f 3827/2159/3470 4041/2373/3667 3828/2160/3471
f 3828/2160/3471 4041/2373/3667 4010/2342/3643
f 3964/2296/3601 3853/2185/3495 3852/2184/3494
f 4023/2355/3653 4039/2371/3666 4040/2372/3601
f 4210/2542/3806 3907/2239/3545 3816/2148/3459
f 4210/2542/3806 3816/2148/3459 3927/2259/3564
f 4035/2367/3663 3822/2154/3465 3818/2150/3461
f 3822/2154/3465 4035/2367/3663 4027/2359/3656
f 4087/2419/3709 4076/2408/3698 4091/2423/3713
f 4087/2419/3709 4091/2423/3713 4090/2422/3712
f 3970/2302/3606 4095/2427/3716 4136/2468/3751
f 3970/2302/3606 4136/2468/3751 3971/2303/3607
f 4041/2373/3667 3807/2139/3450 3984/2316/3619
f 3984/2316/3619 3807/2139/3450 3820/2152/3463
f 3955/2287/3592 3942/2274/3579 3932/2264/3569
f 3954/2286/3591 3942/2274/3579 3955/2287/3592
f 3815/2147/3458 4048/2380/3674 3928/2260/3565
f 3814/2146/3457 4048/2380/3674 3815/2147/3458
f 4060/2392/3685 4131/2463/3747 4218/2550/3811
f 4219/2551/3812 4053/2385/3679 4052/2384/3678
f 4156/2488/3500 4018/2350/3649 4220/2552/3813
f 4017/2349/3648 4220/2552/3813 4018/2350/3649
f 4116/2448/3733 4118/2450/3735 4186/2518/3791
f 4186/2518/3791 4118/2450/3735 4187/2519/3792
f 4209/2541/3805 4177/2509/3776 4221/2553/3454
f 4199/2531/3776 4165/2497/3775 3811/2143/3454
f 4150/2482/3763 4051/2383/3677 4109/2441/3727
f 4140/2472/3755 4051/2383/3677 4150/2482/3763
f 4098/2430/3719 4124/2456/3741 3973/2305/3609
f 3973/2305/3609 4124/2456/3741 3974/2306/3610
f 4023/2355/3653 3859/2191/3501 4012/2344/3645
f 3859/2191/3501 4023/2355/3653 3892/2224/3505
f 3909/2241/3547 4093/2425/3714 3985/2317/3620
f 3819/2151/3462 4092/2424/3714 3817/2149/3460
